"Code","Name","거래대금(십억원)"
"A000020","동화약품","0.68916022"
"A000040","KR모터스","0.09618034"
"A000050","경방","0.08025841"
"A000070","삼양홀딩스","1.3148033"
"A000080","하이트진로","6.0719049"
"A000100","유한양행","146.9016482"
"A000120","CJ대한통운","3.4944887"
"A000140","하이트진로홀딩스","0.23073037"
"A000150","두산","24.4443935"
"A000180","성창기업지주","0.121459231"
"A0001A0","덕양에너젠",""
"A000210","DL","2.3136944"
"A000220","유유제약","0.69241385"
"A000230","일동홀딩스","0.2601727"
"A000240","한국앤컴퍼니","1.82534239"
"A000250","삼천당제약","37.6965543"
"A000270","기아","107.9962115"
"A000300","DH오토넥스","0"
"A000320","노루홀딩스","0.30074915"
"A000370","한화손해보험","1.43338735"
"A000390","SP삼화","0.83772707"
"A000400","롯데손해보험","1.393738576"
"A000430","대원강업","0.46504889"
"A000440","중앙에너비스","1.00167215"
"A000480","CR홀딩스","0.08636651"
"A000490","대동","24.94010459"
"A0004V0","엔비알모션",""
"A000500","가온전선","11.8851955"
"A000520","삼일제약","6.06714446"
"A000540","흥국화재","0.128046175"
"A000590","CS홀딩스","0.1300886"
"A000640","동아쏘시오홀딩스","1.1918201"
"A000650","천일고속","0.00951345"
"A000660","SK하이닉스","892.260675608"
"A000670","영풍","7.7617385"
"A000680","LS네트웍스","0.510764405"
"A000700","유수홀딩스","0.20645475"
"A000720","현대건설","27.30810025"
"A000760","이화산업","0.01738599"
"A0007C0","아크릴",""
"A0007J0","인벤테라",""
"A000810","삼성화재","54.615571"
"A000850","화천기공","0.80963435"
"A000860","강남제비스코","0.24430315"
"A000880","한화","7.56333215"
"A000890","보해양조","3.489682551"
"A0008Z0","에스엔시스",""
"A000910","유니온","2.813161895"
"A000950","전방","0.02100719"
"A000970","한국주철관","0.19889911"
"A000990","DB하이텍","9.91787465"
"A0009K0","에임드바이오",""
"A001000","신라섬유","1.122850477"
"A001020","페이퍼코리아","0.071832776"
"A001040","CJ","9.0119087"
"A001060","JW중외제약","2.7936132"
"A001070","대한방직","0.06309502"
"A001080","만호제강","0.1557312"
"A0010F0","보원케미칼",""
"A0010V0","제이피아이헬스케어",""
"A001120","LX인터내셔널","4.2832447"
"A001130","대한제분","0.446849"
"A0011A0","액스비스",""
"A0011T0","채비",""
"A001200","유진투자증권","5.23510653"
"A001210","금호전기","0.037071667"
"A001230","동국홀딩스","0.32481537"
"A001250","GS글로벌","3.254035075"
"A001260","남광토건","0.72690655"
"A001270","부국증권","0.1695026"
"A001290","상상인증권","0.067965359"
"A001340","PKC","3.22132174"
"A001360","삼성제약","0.837479203"
"A001380","SG글로벌","22.005585065"
"A001390","KG케미칼","1.22413385"
"A0013V0","삼진식품",""
"A001420","태원물산","0.30722798"
"A001430","세아베스틸지주","3.25274823"
"A001440","대한전선","13.60557598"
"A001450","현대해상","8.4209934"
"A001460","BYC","0.42172615"
"A001470","삼부토건","17.960600174"
"A001500","현대차증권","0.76857071"
"A001510","SK증권","1.163206456"
"A001520","동양","0.440810897"
"A001530","DI동일","0"
"A001540","안국약품","0.19187323"
"A001550","조비","0.18455936"
"A001560","제일연마","0.25382885"
"A001570","금양","33.1240067"
"A0015G0","그린광학",""
"A0015N0","아로마티카",""
"A0015S0","페스카로",""
"A001620","케이비아이동국실업","0.063763163"
"A001630","종근당홀딩스","0.10688795"
"A001680","대상","3.13157247"
"A001720","신영증권","0.3763462"
"A001740","SK네트웍스","1.75117686"
"A001750","한양증권","0.82685904"
"A001770","SHD","0.01599095"
"A001780","알루코","1.271125241"
"A001790","대한제당","1.04215656"
"A0017J0","세미티에스",""
"A001800","오리온홀딩스","1.49588073"
"A001810","무림SP","0.078759057"
"A001820","삼화콘덴서","1.91484785"
"A001840","이화공영","1.164886355"
"A001940","KISCO홀딩스","0.23579845"
"A002020","코오롱","0.67876433"
"A002030","아세아","0.7733785"
"A002070","비비안","6.338918384"
"A002100","경농","0.46825162"
"A002140","고려산업","1.328591375"
"A002150","도화엔지니어링","0.72718578"
"A002170","SYTS","0.1110066"
"A002200","한국수출포장","0.384335125"
"A002210","동성제약","0.499249895"
"A002220","한일철강","0.027430042"
"A002230","피에스텍","0.113573515"
"A002240","고려제강","0.56230749"
"A002290","삼일기업공사","1.414381445"
"A002310","아세아제지","2.15515849"
"A002320","한진","0.53958647"
"A002350","넥센타이어","0.48519314"
"A002360","SH에너지화학","0.689181525"
"A002380","KCC","7.573701"
"A002390","한독","1.02562128"
"A002410","범양건영","11.502261375"
"A002420","세기상사","0.04783198"
"A002450","삼익악기","0.170296328"
"A002460","HS화성","0.1324306"
"A002600","조흥","0.0138601"
"A002620","제일파마홀딩스","0.10690293"
"A002630","오리엔트바이오","5.288600729"
"A002680","한탑","0.071975105"
"A002690","동일제강","0.018588739"
"A002700","신일전자","0.757126819"
"A002710","TCC스틸","10.18545345"
"A002720","국제약품","1.75930724"
"A002760","보락","0.558020143"
"A002780","진흥기업","1.728652872"
"A002790","아모레퍼시픽홀딩스","2.36435535"
"A002800","신신제약","0.51561517"
"A002810","삼영무역","0.29924343"
"A002820","SUN&L","0.06616565"
"A002840","미원상사","1.0870519"
"A002870","신풍","0.217345748"
"A002880","디와이에이","0.172048739"
"A002900","TYM","4.02762186"
"A002920","유성기업","0.160672838"
"A002960","한국쉘석유","1.4811365"
"A002990","금호건설","0.29492133"
"A003000","부광약품","1.531309615"
"A003010","혜인","0.76224489"
"A003030","세아제강지주","0.7448396"
"A003060","에이프로젠바이오로직스","0.712062498"
"A003070","코오롱글로벌","0.8081682"
"A003080","SB성보","0.173705595"
"A003090","대웅","1.1169449"
"A003100","선광","0.15453921"
"A003120","일성아이에스","0.13731014"
"A003160","디아이","3.4399446"
"A003200","일신방직","0.51268115"
"A003220","대원제약","2.45850665"
"A003230","삼양식품","33.788255"
"A003240","태광산업","0.614286"
"A003280","흥아해운","3.160671422"
"A003300","한일홀딩스","0.4514622"
"A003310","대주산업","0.402728256"
"A003350","한국화장품제조","3.98088015"
"A003380","하림지주","2.5790711"
"A003460","유화증권","0.02155436"
"A003470","유안타증권","0.561950965"
"A003480","한진중공업홀딩스","0.06186939"
"A003490","대한항공","42.79133465"
"A003520","영진약품","0.897554311"
"A003530","한화투자증권","25.951170215"
"A003540","대신증권","1.42515053"
"A003550","LG","17.3884831"
"A003570","SNT다이내믹스","3.90648015"
"A003580","HLB글로벌","0.31613048"
"A003610","방림","0.625990105"
"A003620","KG모빌리티","1.66601838"
"A003650","미창석유","0.1094504"
"A003670","포스코퓨처엠","67.3919241"
"A003680","한성기업","0.275840175"
"A003690","코리안리","3.52691247"
"A003720","삼영","1.17559374"
"A003780","진양산업","28.63794704"
"A003800","에이스침대","0.0426284"
"A003830","대한화섬","0.2088212"
"A003850","보령","2.54385911"
"A003920","남양유업","3.4013206"
"A003960","사조대림","1.28810325"
"A004000","롯데정밀화학","2.6753806"
"A004020","현대제철","14.1892317"
"A004060","SG세계물산","0.276731498"
"A004080","신흥","0.00838172"
"A004090","한국석유","2.67558861"
"A004100","태양금속","27.898323485"
"A004140","동방","1.179443172"
"A004150","한솔홀딩스","0.10189491"
"A004170","신세계","5.0767941"
"A004250","NPC","0.275009155"
"A004270","남성","0.221343073"
"A004310","현대약품","1.138734965"
"A004360","세방","0.67375553"
"A004370","농심","8.592327"
"A004380","삼익THK","0.70006869"
"A004410","서울식품","0.279001851"
"A004430","송원산업","1.17254911"
"A004440","삼일씨엔에스","0.017809105"
"A004450","삼화왕관","0.0548134"
"A004490","세방전지","5.0081251"
"A004540","깨끗한나라","3.998067225"
"A004560","현대비앤지스틸","1.23767917"
"A004590","한국가구","0.09353924"
"A004650","창해에탄올","0.29080047"
"A004690","삼천리","2.735312"
"A004700","조광피혁","0.46748855"
"A004710","한솔테크닉스","0.60666854"
"A004720","팜젠사이언스","0.50319456"
"A004770","써니전자","84.604823618"
"A004780","대륙제관","0.126382675"
"A004800","효성","1.40132805"
"A004830","덕성","17.57771962"
"A004840","DRB동일","0.21785852"
"A004870","티웨이홀딩스","1.329151683"
"A004890","동일산업","0.0394475"
"A004910","조광페인트","0.398064255"
"A004920","씨아이테크","0.202642731"
"A004960","한신공영","0.57249854"
"A004970","신라교역","0.18491823"
"A004980","성신양회","0.5841931"
"A004990","롯데지주","4.7167926"
"A005010","휴스틸","1.314194385"
"A005030","부산주공","0"
"A005070","코스모신소재","25.4997807"
"A005090","SGC에너지","1.182877"
"A005110","한창","0"
"A005160","동국산업","1.786879955"
"A005180","빙그레","3.9629267"
"A005250","녹십자홀딩스","0.99329438"
"A005290","동진쎄미켐","6.88718835"
"A005300","롯데칠성","1.243138"
"A005320","온타이드","0.126922159"
"A005360","모나미","0.210328785"
"A005380","현대차","155.970133"
"A005420","코스모화학","3.79527333"
"A005430","한국공항","1.3185784"
"A005440","현대지에프홀딩스","1.039925745"
"A005490","POSCO홀딩스","145.49275"
"A005500","삼진제약","0.75135972"
"A005610","삼립","0.349683"
"A005670","푸드웰","0.13849824"
"A005680","삼영전자","0.95823389"
"A005690","파미셀","15.96802183"
"A005710","대원산업","0.19831329"
"A005720","넥센","0.38352254"
"A005740","크라운해태홀딩스","0.21894778"
"A005750","대림바스","0.07153204"
"A005800","신영와코루","0.01875187"
"A005810","풍산홀딩스","1.3214979"
"A005820","원림","0.05046556"
"A005830","DB손해보험","17.0265293"
"A005850","에스엘","2.28791185"
"A005860","한일사료","1.943627765"
"A005870","휴니드","4.48550226"
"A005880","대한해운","3.90213132"
"A005930","삼성전자","1409.4558929"
"A005940","NH투자증권","8.36295777"
"A005950","이수화학","0.68759311"
"A005960","동부건설","0.163866975"
"A005990","매일홀딩스","0.13160002"
"A006040","동원산업","0.49307355"
"A006050","국영지앤엠","9.620430536"
"A006060","화승인더","0.748166115"
"A006090","사조오양","0.05477476"
"A006110","삼아알미늄","2.57615785"
"A006120","SK디스커버리","1.3265508"
"A006140","피제이전자","0.05862867"
"A006200","한국전자홀딩스","0.044415844"
"A006220","제주은행","1.70565908"
"A006260","LS","16.1526969"
"A006280","녹십자","4.6798528"
"A006340","대원전선","4.579329355"
"A006360","GS건설","13.69406108"
"A006370","대구백화점","0.08486592"
"A006380","카프로","0"
"A006400","삼성SDI","93.7694685"
"A006490","프리티","0.875226481"
"A006570","대림통상","0.03562054"
"A006620","동구바이오제약","0.772576305"
"A006650","대한유화","2.2798272"
"A006660","삼성공조","0.91463777"
"A006730","서부T&D","0.79940105"
"A006740","블루산업개발","0.680749982"
"A006800","미래에셋증권","4.84718689"
"A006840","AK홀딩스","0.13951818"
"A006880","신송홀딩스","1.85967751"
"A006890","태경케미컬","1.0361104"
"A006910","보성파워텍","1.912682245"
"A006920","모헨즈","0.69595094"
"A006980","우성","0.31440016"
"A007070","GS리테일","0"
"A007110","일신석재","30.54175664"
"A007120","미래아이앤지","0.170343975"
"A007160","사조산업","0.8742171"
"A007210","벽산","0.487460758"
"A007280","한국특강","0.091842069"
"A007310","오뚜기","1.3428505"
"A007330","푸른저축은행","0.37664001"
"A007340","DN오토모티브","1.40331478"
"A007370","진양제약","1.12846042"
"A007390","네이처셀","33.62416813"
"A007460","에이프로젠","3.145915445"
"A007530","와이엠","0.056865924"
"A007540","샘표","0.5367849"
"A007570","일양약품","0.75334818"
"A007590","동방아그로","0.09356576"
"A007610","선도전기","0"
"A007660","이수페타시스","76.0773705"
"A007680","대원","0.05544252"
"A007690","국도화학","0.5559336"
"A007700","F&F홀딩스","0.22304313"
"A007720","소노스퀘어","2.925747761"
"A007770","한일화학","1.54743776"
"A007810","코리아써키트","0.93745512"
"A007820","엠엑스로보틱스","0.553952655"
"A007860","서연","0.65969166"
"A007980","TP","1.199763785"
"A008040","사조동아원","0.61163905"
"A008060","대덕","0.64890102"
"A008250","이건산업","0.15046876"
"A008260","NI스틸","0.67877502"
"A008290","원풍물산","0.020017715"
"A0082N0","카나프테라퓨틱스",""
"A008350","남선알미늄","1.01928342"
"A008370","원풍","2.612823995"
"A008420","문배철강","0.15980195"
"A008470","부스타","0.044826305"
"A008490","서흥","0.40142533"
"A008500","일정실업","0.07891794"
"A008600","윌비스","0.067589483"
"A008700","아남전자","29.177739967"
"A008730","율촌화학","2.78640469"
"A008770","호텔신라","7.5958219"
"A008830","대동기어","94.41674991"
"A008870","금비","0.6468873"
"A0088M0","메쥬",""
"A008930","한미사이언스","9.5685117"
"A008970","KBI동양철관","1.644459804"
"A009070","KCTC","0.810167765"
"A009140","경인전자","1.74512734"
"A009150","삼성전기","43.6111226"
"A009160","SIMPAC","0.200189205"
"A009180","한솔로지스틱스","0.21313739"
"A009190","대양금속","0.393033035"
"A009200","무림페이퍼","0.193468319"
"A009240","한샘","1.5102012"
"A009270","신원","1.324806534"
"A009290","광동제약","0.62874271"
"A009300","삼아제약","0.52295207"
"A009310","참엔지니어링","0.092262481"
"A009320","아진전자부품","0.150660699"
"A009410","태영건설","0.240293715"
"A009420","한올바이오파마","21.6503623"
"A009440","KC그린홀딩스","0.096080516"
"A009450","경동나비엔","3.6794458"
"A009460","한창제지","0.511781971"
"A009470","삼화전기","2.2356257"
"A009520","포스코엠텍","2.19939302"
"A009540","HD한국조선해양","60.0515524"
"A009580","무림P&P","0.294125325"
"A009620","삼보산업","0.980889739"
"A009680","모토닉","0.4643793"
"A009730","이렘","0.645181514"
"A009770","삼정펄프","0.03521635"
"A009780","엠에스씨","1.68675224"
"A009810","플레이그램","0.183884444"
"A009830","한화솔루션","26.91634982"
"A009900","명신산업","2.16800216"
"A009970","영원무역홀딩스","1.2840471"
"A010040","한국내화","0.073507407"
"A010060","OCI홀딩스","4.564509"
"A010100","한국무브넥스","0.45787791"
"A010120","LS ELECTRIC","32.9118725"
"A010130","고려아연","202.329005"
"A010140","삼성중공업","93.13150438"
"A010170","대한광통신","0.155379105"
"A010240","흥국","1.875886495"
"A010280","아이티센엔텍","0.067519073"
"A010400","우진아이엔에스","0.01153106"
"A010470","오리콤","4.523033"
"A010580","에스엠벡셀","0.253179295"
"A010640","진양폴리","13.57534999"
"A010660","화천기계","84.501933605"
"A010690","화신","1.47534281"
"A010770","평화홀딩스","0.02733832"
"A010780","아이에스동서","1.75754321"
"A010820","퍼스텍","2.49252963"
"A010950","S-Oil","11.214336"
"A010960","삼호개발","0.17126693"
"A011000","진원생명과학","0.587625796"
"A011040","경동제약","0.70658788"
"A011070","LG이노텍","25.237829"
"A011080","형지I&C","7.075006379"
"A011090","에넥스","0.0602942"
"A011150","CJ씨푸드","1.52556397"
"A011170","롯데케미칼","7.8662572"
"A011200","HMM","19.4679403"
"A011210","현대위아","3.2131935"
"A011230","삼화전자","1.0193927"
"A011280","태림포장","0.344931901"
"A011300","우성머티리얼스","0.722924832"
"A011320","유니크","0.171290355"
"A011330","유니켐","0.28271726"
"A011370","서한","0.125895783"
"A011390","부산산업","12.0280709"
"A011420","갤럭시아에스엠","2.143102673"
"A011500","한농화성","2.99294398"
"A011560","세보엠이씨","0.35832463"
"A011690","와이투솔루션","0.304954407"
"A011700","한신기계","0.935708195"
"A011760","현대코퍼레이션","1.42577814"
"A011780","금호석유화학","12.6722141"
"A011790","SKC","33.7920653"
"A0117P0","피스피스스튜디오",""
"A011810","STX","0.770450845"
"A011930","신성이엔지","1.399015943"
"A012030","DB","1.098429294"
"A0120G0","삼양바이오팜",""
"A012160","영흥","0.097861563"
"A012170","아센디오","0.380295323"
"A012200","계양전기","0.121239702"
"A012210","삼미금속","0.000003907"
"A012280","영화금속","0.786391893"
"A012320","경동인베스트","1.9768864"
"A012330","현대모비스","67.8461345"
"A012340","뉴인텍","0.069667467"
"A012450","한화에어로스페이스","205.8412865"
"A012510","더존비즈온","19.0249399"
"A012610","경인양행","0.28115152"
"A012620","원일특강","0.10645325"
"A012630","HDC","2.40790341"
"A012690","모나리자","2.32443779"
"A0126Z0","삼성에피스홀딩스",""
"A012700","리드코프","0.30768097"
"A012750","에스원","2.4098526"
"A012790","신일제약","0.22969776"
"A012800","대창","1.53538052"
"A012860","모베이스전자","0.624251164"
"A013000","세우글로벌","1.076411792"
"A013030","하이록코리아","1.36999235"
"A013120","동원개발","0.216717905"
"A013310","아진산업","0.456126045"
"A013360","일성건설","65.756912495"
"A013520","화승코퍼레이션","0.168752332"
"A013570","디와이","0.504055755"
"A013580","계룡건설","0.54069982"
"A013700","까뮤이앤씨","12.196017718"
"A013720","청보","0.185224062"
"A013810","스페코","1.43984683"
"A013870","지엠비코리아","0.070111795"
"A013890","지누스","4.15511095"
"A013990","아가방컴퍼니","19.610214065"
"A014100","메디앙스","0.048205164"
"A014130","한익스프레스","0.240034045"
"A014160","대영포장","2.413347547"
"A014190","원익큐브","1.897510681"
"A014280","금강공업","0.27729525"
"A014440","영보화학","0.362226555"
"A014470","부방","5.945118059"
"A014530","극동유화","1.27831542"
"A014570","고려제약","0.049571975"
"A014580","태경비케이","1.35684986"
"A014620","성광벤드","14.12332001"
"A014680","한솔케미칼","8.2582213"
"A014710","사조씨푸드","0.3293767"
"A014790","HL D&I","0.30275608"
"A014820","동원시스템즈","1.6667744"
"A014830","유니드","1.891696"
"A014910","성문전자","0.044045677"
"A014940","오리엔탈정공","7.053236605"
"A014950","삼익제약",""
"A014970","삼륭물산","0.03212038"
"A014990","인디에프","2.508238828"
"A015020","이스타코","13.050587407"
"A015230","대창단조","0.590953465"
"A015260","에이엔피","0.015203771"
"A015360","INVENI","0.7039246"
"A015590","DKME","0"
"A015710","코콤","1.520992485"
"A015750","성우하이텍","3.821921265"
"A015760","한국전력","41.9623364"
"A015860","일진홀딩스","0.3238524"
"A015890","태경산업","0.375125285"
"A016090","대현","0.689105485"
"A016100","리더스코스메틱","0.103934765"
"A016250","SGC E&C","0.28968123"
"A016360","삼성증권","18.75029915"
"A016380","KG스틸","2.13019427"
"A016450","한세예스24홀딩스","0.58668326"
"A016580","환인제약","0.32613961"
"A016590","신대양제지","0.53197103"
"A016600","큐캐피탈","0.228747717"
"A016610","DB증권","0.56844814"
"A016670","디모아","0.07868099"
"A016710","대성홀딩스","0.25037713"
"A016740","두올","0.38624135"
"A016790","현대사료","0"
"A016800","퍼시스","0.03196025"
"A016880","웅진","0.219307255"
"A016920","카스","18.890229236"
"A017000","신원종합개발","0.385362935"
"A017040","광명전기","0.376351705"
"A017180","명문제약","0.534275537"
"A017250","인터엠","0.039389817"
"A017370","우신시스템","0.37993885"
"A017390","서울가스","0.6300003"
"A017480","삼현철강","0.050982365"
"A017510","세명전기","0.97246096"
"A017550","수산세보틱스","0.742016589"
"A017650","대림제지","0.15550039"
"A017670","SK텔레콤","35.8882262"
"A017800","현대엘리베이터","12.51092495"
"A017810","풀무원","0.77095283"
"A017860","DS단석","44.41878155"
"A017890","한국알콜","0.78830499"
"A017900","광전자","0.264226319"
"A017940","E1","1.1609629"
"A017960","한국카본","6.82069036"
"A018000","유니슨","0.573488709"
"A018120","진로발효","0.04689098"
"A018250","애경산업","0.54923043"
"A018260","삼성에스디에스","19.5131871"
"A018290","브이티","54.21742765"
"A018310","삼목에스폼","0.69273033"
"A018470","조일알미늄","1.168087936"
"A018500","동원모빌리티","0.314616557"
"A018620","우진비앤지","0.072825691"
"A018670","SK가스","2.2799507"
"A018680","서울제약","0.176859725"
"A018700","졸스","0.05095306"
"A018880","한온시스템","4.650499505"
"A019010","베뉴지","0.13498545"
"A019170","신풍제약","2.64964272"
"A019180","티에이치엔","0.548582745"
"A019210","와이지-원","0.857890205"
"A019490","엑시큐어하이트론","2.11034167"
"A019540","일지테크","0.13576889"
"A019550","SBI인베스트먼트","1.834271987"
"A019570","GMI벤처","0.100360638"
"A019660","글로본","0.140694595"
"A019680","대교","0.101944865"
"A019770","서연탑메탈","0.171557915"
"A019990","에너토크","0.82245529"
"A020000","한섬","0.91717967"
"A020120","키다리스튜디오","0.48332885"
"A020150","롯데에너지머티리얼즈","4.55548455"
"A020180","대신정보통신","1.258728723"
"A020400","대동금속","0.8272873"
"A020560","아시아나항공","2.90142111"
"A020710","시공테크","26.5769114"
"A020760","일진디스플","0.063168971"
"A021040","대호특수강","0.202887902"
"A021050","서원","0.217360364"
"A021080","에이티넘인베스트","0.834160205"
"A021240","코웨이","13.5775719"
"A021320","KCC건설","0.0410163"
"A021650","한국큐빅","0.100192674"
"A021820","세원정공","0.05660149"
"A021880","메이슨캐피탈","0.181390574"
"A022100","포스코DX","10.22356014"
"A022220","티케이지애강","0.28224477"
"A023000","삼원강재","0.158838"
"A023150","MH에탄올","0.08431543"
"A023160","태광","5.92096272"
"A023350","한국종합기술","13.911059185"
"A023410","유진기업","0.847593225"
"A023440","제이스코홀딩스","0.895468716"
"A023450","동남합성","0.0837491"
"A023530","롯데쇼핑","5.1665365"
"A023590","다우기술","1.33538114"
"A023600","삼보판지","0.16276116"
"A023760","한국캐피탈","0.124242689"
"A023770","플레이위드","0.16755083"
"A023790","동일스틸럭스","0.016379779"
"A023800","인지컨트롤스","0.38419374"
"A023810","인팩","0.13566779"
"A023900","풍국주정","0.39824741"
"A023910","대한약품","0.2842338"
"A023960","에쓰씨엔지니어링","0.506384351"
"A024060","흥구석유","5.27305738"
"A024070","WISCOM","2.123779094"
"A024090","디씨엠","0.18290053"
"A024110","기업은행","24.54013921"
"A024120","KB오토시스","0.181101015"
"A024720","콜마홀딩스","1.37184468"
"A024740","한일단조","7.924384621"
"A024800","유성티엔에스","0.032727992"
"A024830","세원물산","0.04322611"
"A024840","KBI메탈","2.320705241"
"A024850","HLB이노베이션","1.363881865"
"A024880","케이피에프","0.216579805"
"A024890","대원화성","0.200203422"
"A024900","디와이덕양","0.462791595"
"A024910","경창산업","0.462416263"
"A024940","PN풍년","63.99702836"
"A024950","삼천리자전거","0.15589098"
"A025000","KPX케미칼","0.92498105"
"A025320","시노펙스","7.31636796"
"A025440","DH오토웨어","0.253110738"
"A025530","SJM홀딩스","0.032456715"
"A025540","한국단자","1.0738674"
"A025550","한국선재","21.35285269"
"A025560","미래산업","1.721633089"
"A025620","차AI헬스케어","0.05496784"
"A025750","한솔홈데코","0.194105536"
"A025770","한국정보통신","0.17865027"
"A025820","이구산업","1.391116815"
"A025860","남해화학","2.04010898"
"A025870","신라에스지","5.97062973"
"A025880","케이씨피드","0.508797885"
"A025890","한국주강","0.202527117"
"A025900","동화기업","0.84983553"
"A025950","동신건설","158.8664303"
"A025980","아난티","7.58142994"
"A026040","제이에스티나","0.035140052"
"A026150","특수건설","0.78061879"
"A026890","스틱인베스트먼트","0.95879753"
"A026910","광진실업","0.042393661"
"A026940","부국철강","0.276592135"
"A026960","동서","4.29850275"
"A027040","서울전자통신","0.152694924"
"A027050","코리아나","0.472023985"
"A027360","아주IB투자","6.747664845"
"A027410","BGF","0.40604447"
"A027580","상보","2.780758899"
"A027710","팜스토리","0.596578878"
"A027740","마니커","0.133626357"
"A027830","대성창투","0.530688099"
"A027970","한국제지","0.306189234"
"A028050","삼성E&A","12.07661031"
"A028080","휴맥스홀딩스","0.135944366"
"A028100","동아지질","0.70086346"
"A028260","삼성물산","28.674115652"
"A028300","HLB","59.5611158"
"A028670","팬오션","5.76300902"
"A029460","케이씨","0.68337846"
"A029480","광무","1.729280185"
"A029530","신도리코","0.3612868"
"A029780","삼성카드","3.8203585"
"A030000","제일기획","5.21029273"
"A030190","NICE평가정보","1.48802244"
"A030200","KT","31.41713795"
"A030210","다올투자증권","0.33696767"
"A030350","드래곤플라이","19.93628952"
"A030520","한컴","23.47206415"
"A030530","원익홀딩스","1.82666105"
"A030610","교보증권","0.21497623"
"A030720","동원수산","0.161822245"
"A030960","양지사","32.01478595"
"A031210","서울보증보험",""
"A031310","아이즈비전","0.302620156"
"A031330","에스에이엠티","0.98763549"
"A031430","신세계인터내셔날","1.07081312"
"A031440","신세계푸드","0.2205767"
"A031510","오스템","0.064163128"
"A031820","아이티센씨티에스","0.43665482"
"A031860","디에이치엑스컴퍼니","0.463612758"
"A031980","피에스케이홀딩스","5.29118655"
"A032080","아즈텍WB","0.055406699"
"A032190","다우데이타","1.74204963"
"A032280","삼일","6.136482215"
"A032300","한국파마","1.32778957"
"A032350","롯데관광개발","3.15742487"
"A032500","케이엠더블유","1.01088809"
"A032540","TJ미디어","0.102867905"
"A032560","황금에스티","0.30194198"
"A032580","피델릭스","0.858677806"
"A032620","GC메디아이","1.205078675"
"A032640","LG유플러스","18.81462321"
"A032680","소프트센","0.180739876"
"A032750","삼진","0.303913665"
"A032790","엠젠솔루션","0.143206197"
"A032800","판타지오","0.189622547"
"A032820","우리기술","10.778999621"
"A032830","삼성생명","31.801598254"
"A032850","비트컴퓨터","0.844375005"
"A032860","더라미","0.441810434"
"A032940","원익","0.77732763"
"A032960","동일기연","0.09284088"
"A032980","바이온","0.242327434"
"A033050","제이엠아이","0.237042586"
"A033100","제룡전기","14.5111985"
"A033130","디지틀조선","9.33238919"
"A033160","엠케이전자","0.91076019"
"A033170","시그네틱스","0.322671641"
"A033200","모아텍","0.04225724"
"A033230","인성정보","0.939554336"
"A033240","자화전자","2.23039581"
"A033250","체시스","3.983223962"
"A033270","유나이티드제약","0.91789412"
"A033290","로젠","0.388708277"
"A033310","엠투엔","0.142234891"
"A033320","제이씨현시스템","29.05593574"
"A033340","좋은사람들","0.369951028"
"A033500","동성화인텍","5.84098317"
"A033530","SJG세종","0.313690295"
"A033540","파라텍","1.27077737"
"A033560","블루콤","0.06572446"
"A033640","네패스","0.76333562"
"A033780","KT&G","24.0815207"
"A033790","피노","0.47718107"
"A033830","티비씨","1.420761441"
"A033920","무학","0.95131752"
"A034020","두산에너빌리티","133.48068828"
"A034120","SBS","11.62601865"
"A034220","LG디스플레이","14.56478147"
"A034230","파라다이스","1.91015404"
"A034310","NICE","0.28263742"
"A034590","인천도시가스","0.1978493"
"A034730","SK","19.4680534"
"A034810","해성산업","0.4886409"
"A034830","한국토지신탁","0.335526479"
"A034940","조아제약","0.079487325"
"A034950","한국기업평가","0.8234744"
"A035000","HS애드","0.19469724"
"A035080","그래디언트","0.74008238"
"A035150","백산","1.10916476"
"A035200","프럼파스트","1.879852625"
"A035250","강원랜드","13.32173207"
"A035290","골드앤에스","0.063909283"
"A035420","NAVER","243.818488"
"A035460","기산텔레콤","0.131160416"
"A035510","신세계 I&C","0.546622"
"A035600","KG이니시스","1.87379392"
"A035610","솔본","0.17309399"
"A035620","바른손이앤에이","0.060820618"
"A035720","카카오","181.0847852"
"A035760","CJ ENM","6.8120913"
"A035810","이지홀딩스","0.394870775"
"A035890","서희건설","1.679085351"
"A035900","JYP Ent.","143.1268281"
"A036000","예림당","2.6703213"
"A036010","아비코전자","0.32983801"
"A036030","케이티알파","0.613585505"
"A036090","위지트","1.731969482"
"A036120","서울평가정보","3.18972416"
"A036170","에이치엠넥스","0.066346404"
"A036190","금화피에스시","0.173094"
"A036200","유니셈","1.08877453"
"A036220","오상헬스케어","0.46105623"
"A036420","콘텐트리중앙","0.55281283"
"A036460","한국가스공사","57.0767145"
"A036480","대성미생물","0.30451682"
"A036530","SNT홀딩스","0.32116015"
"A036540","SFA반도체","2.502972115"
"A036560","KZ정밀","4.05174601"
"A036570","NC","28.7572221"
"A036580","팜스코","0.404255247"
"A036620","감성코퍼레이션","2.41225823"
"A036630","세종텔레콤","0.137776836"
"A036640","HRS","0.506162355"
"A036670","삼양케이씨아이","0.41549107"
"A036690","코맥스","0"
"A036710","심텍홀딩스","0.257035987"
"A036800","나이스정보통신","0.13110793"
"A036810","에프에스티","3.16367066"
"A036830","솔브레인홀딩스","4.0052827"
"A036890","진성티이씨","1.80087576"
"A036930","주성엔지니어링","14.7700188"
"A037030","파워넷","0.183312695"
"A037070","파세코","0.38694423"
"A037230","한국팩키지","0.028085234"
"A037270","YG PLUS","9.996323565"
"A037330","인지디스플레","0.101293257"
"A037350","성도이엔지","0.16746736"
"A037370","EG","0.41935981"
"A037400","우리엔터프라이즈","0.200917255"
"A037440","희림","2.01918366"
"A037460","삼지전자","0.64991497"
"A037560","LG헬로비전","0.473260095"
"A037710","광주신세계","0.23910115"
"A037760","쎄니트","0.0377719"
"A037950","엘컴텍","0.807368983"
"A038010","제일테크노스","0.26968861"
"A038060","루멘스","0.092963865"
"A038070","서린바이오","25.8789639"
"A038110","에코플라스틱","0.99173189"
"A038290","마크로젠","1.57989739"
"A038390","레드캡투어","0.11715827"
"A038460","바이오스마트","0.574357425"
"A038500","삼표시멘트","1.06628684"
"A038530","케이바이오랩스","0.239626483"
"A038540","상상인","0.155592086"
"A038620","위즈코프","0.150019378"
"A038680","에스넷","20.23758586"
"A038870","에코심플렉스","0.238978645"
"A038880","아이에이","0.255052683"
"A038950","파인디지털","0.05656831"
"A039010","현대에이치티","1.13749697"
"A039020","이건홀딩스","1.99425689"
"A039030","이오테크닉스","15.9759442"
"A039130","하나투어","4.865242"
"A039200","오스코텍","5.1974149"
"A039240","경남스틸","58.88952973"
"A039290","인포뱅크","0.62822899"
"A039310","세중","0.047191561"
"A039340","한국경제TV","1.81758563"
"A039420","케이엘넷","0.219264175"
"A039440","에스티아이","1.61160549"
"A039490","키움증권","14.250795"
"A039560","다산네트웍스","2.551803235"
"A039570","HDC랩스","0.10087462"
"A039610","화성밸브","10.8791477"
"A039740","한국정보공학","0.634384285"
"A039830","오로라","0.04355302"
"A039840","디오","0.75116937"
"A039860","나노엔텍","1.025963815"
"A039980","폴라리스AI","158.032326865"
"A040160","누리플렉스","0.072661635"
"A040300","YTN","50.0574337"
"A040350","크레오에스지","0.32608744"
"A040420","정상제이엘에스","0.25956977"
"A040610","SG&G","0.220668066"
"A040910","아이씨디","0.241721005"
"A041020","폴라리스오피스","20.42293959"
"A041190","우리기술투자","34.67039495"
"A041440","현대에버다임","7.74310064"
"A041460","한국전자인증","0.572673865"
"A041510","에스엠","11.9665461"
"A041520","이엘씨","0.09178304"
"A041590","플래스크","0"
"A041650","상신브레이크","0.31063597"
"A041830","인바디","0.64018"
"A041910","폴라리스AI파마","0.42301132"
"A041920","메디아나","0.46678757"
"A041930","SY동아","0.26590023"
"A041960","코미팜","0.568554925"
"A042000","카페24","20.2179447"
"A042040","케이피엠테크","0.176582345"
"A042110","에스씨디","0.336273013"
"A042370","비츠로테크","2.31878608"
"A042420","네오위즈홀딩스","3.52711437"
"A042500","링네트","1.69977652"
"A042510","라온시큐어","0.612141065"
"A042520","한스바이오메드","0.27493088"
"A042600","새로닉스","0.1852898"
"A042660","한화오션","116.85914655"
"A042700","한미반도체","34.4007433"
"A042940","상지건설","0.03920448"
"A043090","더테크놀로지","0.088826326"
"A043100","알파AI","0.089056819"
"A043150","바텍","0.49739775"
"A043200","파루","0.037063006"
"A043220","티에스넥스젠","0.35335176"
"A043260","성호전자","0.543061872"
"A043340","에쎈테크","0.046503583"
"A043360","디지아이","0.08462025"
"A043370","피에이치에이","0.77541689"
"A043590","웰킵스하이텍","0.08162769"
"A043610","KT지니뮤직","0.750126611"
"A043650","국순당","0.499189735"
"A043710","코스리거글로벌","0.037674459"
"A043910","자연과환경","0.663005279"
"A044180","KD","0.703216236"
"A044340","위닉스","0.169877605"
"A044380","주연테크","0.039322594"
"A044450","KSS해운","1.54626703"
"A044480","빌리언스","0.145689805"
"A044490","태웅","0.82715388"
"A044780","에이치케이","0.055827652"
"A044820","코스맥스비티아이","0.03392904"
"A044960","이글벳","0.679535195"
"A044990","에이치엔에스하이텍","0.41812031"
"A045060","오공","0.09490698"
"A045100","한양이엔지","0.55237766"
"A045300","성우테크론","0.086670655"
"A045340","토탈소프트","30.17828348"
"A045390","대아티아이","3.15431401"
"A045510","정원엔시스","0.01163143"
"A045520","크린앤사이언스","0.239544575"
"A045660","에이텍","180.8551103"
"A045970","코아시아","0.469835675"
"A046070","코다코","0"
"A046120","오르비텍","0.491264271"
"A046210","HLB파나진","0.27934151"
"A046310","백금T&A","0.178525921"
"A046390","삼화네트웍스","0.287408911"
"A046440","KG파이낸셜","0.460945255"
"A046890","서울반도체","2.05948722"
"A046940","우원개발","0.42027613"
"A046970","우리로","0.714244418"
"A047040","대우건설","4.73560655"
"A047050","포스코인터내셔널","26.26862035"
"A047080","한빛소프트","0.162975172"
"A047310","파워로직스","1.62487857"
"A047400","유니온머티리얼","1.46302715"
"A047560","이스트소프트","69.91621575"
"A047770","코데즈컴바인","2.748380373"
"A047810","한국항공우주","53.3709756"
"A047820","초록뱀미디어","0"
"A047920","HLB제약","3.15472505"
"A048410","현대바이오","6.81187473"
"A048430","유라테크","10.06495095"
"A048470","대동스틸","0.273886035"
"A048530","인트론바이오","1.4315777"
"A048550","SM C&C","0.62965698"
"A048770","TPC로보틱스","0.154204284"
"A048830","엔피케이","0.096754432"
"A048870","시너지이노베이션","3.316819665"
"A048910","대원미디어","0.30212671"
"A049070","인탑스","3.218553"
"A049080","기가레인","0.169072326"
"A049120","파인디앤씨","0.042407858"
"A049180","셀루메드","1.052617031"
"A049430","코메론","1.09766568"
"A049470","비트플래닛","0.160686541"
"A049480","오픈베이스","16.616218105"
"A049520","유아이엘","0.530411945"
"A049550","잉크테크","0.10122729"
"A049630","재영솔루텍","0.234510323"
"A049720","고려신용정보","1.28174033"
"A049800","우진플라임","0.047029137"
"A049830","승일","0.03257221"
"A049950","미래컴퍼니","0.86850732"
"A049960","쎌바이오텍","0.16086456"
"A050090","비케이홀딩스","0.019690757"
"A050110","캠시스","1.15840128"
"A050120","ES큐브","0.013998509"
"A050760","에스폴리텍","0.033419245"
"A050860","아세아텍","0.11178318"
"A050890","쏠리드","1.99548271"
"A050960","수산아이앤티","14.20489988"
"A051160","지어소프트","0.37222068"
"A051360","토비스","2.71787183"
"A051370","인터플렉스","0.95706524"
"A051380","피씨디렉트","0.415037575"
"A051390","YW","0.02873048"
"A051490","나라엠앤디","0.39801284"
"A051500","CJ프레시웨이","0.81913342"
"A051600","한전KPS","15.12703595"
"A051630","진양화학","4.12223378"
"A051780","큐로홀딩스","0"
"A051900","LG생활건강","18.054985"
"A051910","LG화학","150.9991925"
"A051980","중앙첨단소재","15.64036812"
"A052020","에스티큐브","13.59811464"
"A052220","iMBC","27.080709795"
"A052260","현대바이오랜드","1.266168595"
"A052300","오션인더블유","0.178458215"
"A052330","코텍","0.20994166"
"A052400","코나아이","79.61944772"
"A052420","오성첨단소재","2.61644441"
"A052460","아이크래프트","0.158442951"
"A052600","한네트","0.689426805"
"A052690","한전기술","16.55376555"
"A052710","아모텍","0.261573485"
"A052770","아이톡시","0.317625199"
"A052790","액토즈소프트","0.19129126"
"A052860","아이앤씨","0.461116867"
"A052900","KX하이텍","0.178859419"
"A053030","바이넥스","19.89628347"
"A053050","지에스이","2.56397931"
"A053060","세동","0.084898212"
"A053080","케이엔솔","1.7939006"
"A053160","프리엠스","35.14255614"
"A053210","스카이라이프","0.16283855"
"A053260","금강철강","0.08572244"
"A053270","구영테크","0.315606817"
"A053280","예스24","3.26161055"
"A053290","NE능률","0.764317625"
"A053300","한국정보인증","0.91537653"
"A053350","이니텍","0.050766905"
"A053450","세코닉스","0.7859125"
"A053580","웹케시","0.16013539"
"A053610","프로텍","0.74619605"
"A053620","태양","0.02888716"
"A053690","한미글로벌","5.20091164"
"A053700","삼보모터스","9.53141297"
"A053800","안랩","383.7829294"
"A053950","경남제약","0.253129151"
"A053980","오상자이엘","0.310747465"
"A054040","한국컴퓨터","0.691662825"
"A054050","NH농우바이오","0.28571994"
"A054090","삼진엘앤디","0.125769645"
"A054180","메디콕스","0.195610386"
"A054210","이랜텍","0.5797718"
"A054220","비츠로시스","0.063635758"
"A054300","팬스타엔터프라이즈","0.122847362"
"A054410","케이피티유","0.02360265"
"A054450","텔레칩스","1.3787239"
"A054540","삼영엠텍","0.60927336"
"A054620","APS","0.32762531"
"A054670","대한뉴팜","0.61848237"
"A054780","키이스트","0.42418409"
"A054800","아이디스홀딩스","0.07339113"
"A054920","한컴위드","0.684034665"
"A054930","유신","0.644818"
"A054940","엑사이엔씨","0.061677613"
"A054950","제이브이엠","1.6440032"
"A055490","테이팩스","0.31593332"
"A055550","신한지주","99.9861157"
"A056080","유진로봇","1.80980255"
"A056090","시지메드텍","0.508480225"
"A056190","SFA","2.75812533"
"A056360","코위버","0.102309315"
"A056700","신화인터텍","0.171260329"
"A056730","CNT85","0.017636265"
"A057030","YBM넷","2.58407471"
"A057050","현대홈쇼핑","3.64337645"
"A057540","옴니시스템","0.445283364"
"A057680","티사이언티픽","3.629973964"
"A058110","멕아이씨에스","0.435437487"
"A058400","KNN","8.108978737"
"A058430","포스코스틸리온","1.80930415"
"A058450","한주에이알티","0.134041483"
"A058470","리노공업","10.5511161"
"A058610","에스피지","6.03901264"
"A058630","엠게임","1.15501335"
"A058650","세아홀딩스","0.0674741"
"A058730","다스코","0.676802355"
"A058820","CMG제약","1.632587053"
"A058850","KTcs","1.95925243"
"A058860","KTis","0.53736516"
"A058970","엠로","14.6653237"
"A059090","미코","17.56805499"
"A059100","아이컴포넌트","0.06091969"
"A059120","아진엑스텍","1.34518649"
"A059210","메타바이오메드","1.02010952"
"A059270","해성에어로보틱스","0.516272565"
"A060150","인선이엔티","0.987070645"
"A060230","제이케이시냅스","0.355549716"
"A060240","스타코링크","0.167030455"
"A060250","NHN KCP","1.86449765"
"A060260","뉴보텍","0.081895944"
"A060280","큐렉소","1.96543329"
"A060310","3S","1.231411401"
"A060370","LS마린솔루션","67.98642609"
"A060380","동양에스텍","0.07300815"
"A060480","국일신동","0.041274884"
"A060540","에스에이티","0.469333621"
"A060560","HC홈센타","0.365617664"
"A060570","드림어스컴퍼니","0.180919761"
"A060590","씨티씨바이오","1.03425546"
"A060720","KH바텍","1.02341892"
"A060850","영림원소프트랩","0.10468084"
"A060900","에이전트AI","0.075524195"
"A060980","HL홀딩스","1.0147561"
"A061040","알에프텍","0.781547585"
"A061090","세나테크놀로지",""
"A061250","화일약품","0.6839851"
"A061970","LB세미콘","0.711924325"
"A062040","산일전기","37.0505349"
"A062970","한국첨단소재","0.782068795"
"A063080","컴투스홀딩스","19.05247345"
"A063160","종근당바이오","0.61044408"
"A063170","서울옥션","1.78058873"
"A063440","SM Life Design","0.469944483"
"A063570","NICE인프라","0.527013295"
"A063760","이엘피","0.029830793"
"A064090","인크레더블버즈","0.38498329"
"A064240","홈캐스트","0.452905985"
"A064260","다날","1.827809515"
"A064290","인텍플러스","0.56292716"
"A064350","현대로템","112.6358779"
"A064400","LG씨엔에스",""
"A064480","브리지텍","0.56006227"
"A064520","테크엘","0.062115736"
"A064550","바이오니아","3.02562151"
"A064760","티씨케이","2.58180867"
"A064800","포니링크","0.99966484"
"A064820","케이프","0.540735315"
"A064850","에프앤가이드","0.47316387"
"A064960","SNT모티브","0.726"
"A065060","지엔코","0.049711727"
"A065130","탑엔지니어링","0.247934865"
"A065150","대산F&B","0"
"A065170","비엘팜텍","0.065178657"
"A065350","신성델타테크","34.7350272"
"A065370","위세아이텍","0.1294332"
"A065420","에스아이리소스","0.119907547"
"A065440","이루온","0.438476731"
"A065450","빅텍","2.72149322"
"A065500","오리엔트정공","15.259562875"
"A065510","휴비츠","0.5023996"
"A065530","와이어블","0.118245803"
"A065570","삼영이엔씨","0.138738526"
"A065650","하이퍼코퍼레이션","0.782147562"
"A065660","안트로젠","0.43447867"
"A065680","우주일렉트로","0.27415163"
"A065690","파커스","0.283050543"
"A065710","서호전기","0.4678159"
"A065770","CS","13.214076463"
"A065950","웰크론","0.602290103"
"A066130","하츠","2.12594001"
"A066310","큐에스아이","0.22196256"
"A066360","체리부로","0.053432465"
"A066410","버킷스튜디오","0"
"A066430","아이로보틱스","0.095448351"
"A066570","LG전자","47.3089151"
"A066590","스모트로닉","0.630333245"
"A066620","국보디자인","0.21360985"
"A066670","디티씨","0.32652899"
"A066700","테라젠이텍스","0.87745683"
"A066790","씨씨에스","10.231181081"
"A066900","디에이피","0.078974271"
"A066910","손오공","0.305292359"
"A066970","엘앤에프","23.823947"
"A066980","한성크린텍","2.039910477"
"A067000","조이시티","0.572329159"
"A067010","이씨에스","0.067488985"
"A067080","대화제약","3.86727698"
"A067160","SOOP","8.671486"
"A067170","오텍","0.14913957"
"A067280","멀티캠퍼스","0.1951751"
"A067290","JW신약","0.486583272"
"A067310","하나마이크론","4.66458763"
"A067370","선바이오","0.06777519"
"A067390","아스트","0.255059336"
"A067570","엔브이에이치코리아","0.38081442"
"A067630","HLB생명과학","3.90474334"
"A067730","로지시스","0.083792305"
"A067770","세진티에스","0.037693682"
"A067830","세이브존I&C","0.194610707"
"A067900","와이엔텍","0.38033311"
"A067920","이글루","0.1599555"
"A067990","도이치모터스","0.784475665"
"A068050","팬엔터테인먼트","0.239261062"
"A068100","케이웨더","0.15041947"
"A068240","다원시스","2.63811357"
"A068270","셀트리온","124.8673794"
"A068290","삼성출판사","0.98599348"
"A068330","일신바이오","0.205086304"
"A068760","셀트리온제약","14.60580385"
"A068790","DMS","0.74269216"
"A068930","디지털대성","0.34655917"
"A068940","셀피글로벌","0"
"A069080","웹젠","1.6838105"
"A069140","누리플랜","0.141832839"
"A069260","TKG휴켐스","1.29907972"
"A069330","유아이디","0.044881164"
"A069410","엔텔스","0.27624552"
"A069460","대호에이엘","0.202514807"
"A069510","에스텍","0.09064636"
"A069540","빛과전자","0.361945899"
"A069620","대웅제약","2.8122191"
"A069640","한세엠케이","0.038131301"
"A069730","DSR제강","0.31806266"
"A069920","엑시온그룹","0.13567428"
"A069960","현대백화점","3.2855253"
"A070300","퀀텀레일","0.085440395"
"A070590","인티큐브","0.032954615"
"A070960","모나용평","0.355625795"
"A071050","한국금융지주","12.7511122"
"A071090","하이스틸","0.885660925"
"A071200","인피니트헬스케어","0.495299375"
"A071280","로체시스템즈","0.36656064"
"A071320","지역난방공사","0.8211097"
"A071670","에이테크솔루션","0.155650675"
"A071840","롯데하이마트","0.2181747"
"A071850","캐스텍코리아","0.107554213"
"A071950","코아스","0.12508732"
"A071970","HD현대마린엔진","6.3078156"
"A072020","중앙백신","0.88994068"
"A072130","유엔젤","0.8895432"
"A072470","우리산업홀딩스","0.123714585"
"A072710","농심홀딩스","1.1140702"
"A072770","멤레이비티","0.705603162"
"A072870","메가스터디","0.436725"
"A072950","빛샘전자","0.0820208"
"A072990","에이치시티","0.26941442"
"A073010","케이에스피","2.024967655"
"A073110","엘엠에스","0.14193963"
"A073190","듀오백","0.027807715"
"A073240","금호타이어","3.13845596"
"A073490","LIG아큐버","1.54465762"
"A073540","에프알텍","0.062595337"
"A073560","우리손에프앤지","0.343560807"
"A073570","리튬포어스","0.852839658"
"A073640","테라사이언스","0"
"A074430","아미노로직스","0.361828691"
"A074600","원익QnC","3.61054151"
"A074610","이엔플러스","0.344884702"
"A075130","플랜티넷","11.11034193"
"A075180","새론오토모티브","0.03920504"
"A075580","세진중공업","3.20655078"
"A075970","동국알앤에스","0.53925414"
"A076080","웰크론한텍","0.185442884"
"A076610","해성옵틱스","0.053743318"
"A077360","덕산하이메탈","0.668636775"
"A077500","유니퀘스트","0.78587856"
"A077970","STX엔진","3.84857761"
"A078000","텔코웨어","0.03491934"
"A078020","LS증권","0.134968095"
"A078070","유비쿼스홀딩스","0.1231951"
"A078130","국일제지","0"
"A078140","대봉엘에스","2.26131745"
"A078150","HB테크놀러지","2.744279172"
"A078160","메디포스트","2.79861743"
"A078340","컴투스","4.6242284"
"A078350","한양디지텍","0.75454039"
"A078520","에이블씨엔씨","0.67900295"
"A078590","휴림에이텍","0.141236417"
"A078600","대주전자재료","18.2792435"
"A078860","아이오케이이엔엠","0.13355172"
"A078890","가온그룹","0.45296082"
"A078930","GS","5.35766545"
"A079000","와토스코리아","1.35752494"
"A079160","CJ CGV","2.70674228"
"A079170","한창산업","0.11545447"
"A079190","케스피온","0.188328706"
"A079370","제우스","3.40435743"
"A079430","현대리바트","0.52748945"
"A079550","LIG디펜스앤에어로스페이스","68.0578222"
"A079650","서산","0.049458658"
"A079810","APS이노베이션","0.88536513"
"A079900","전진건설로봇","11.2391918"
"A079940","가비아","0.96699485"
"A079950","인베니아","0.045529726"
"A079960","동양이엔피","0.57609541"
"A079970","투비소프트","0.054016213"
"A079980","휴비스","0.078375925"
"A080010","이상네트웍스","0.388606465"
"A080160","모두투어","0.76500372"
"A080220","제주반도체","3.87476931"
"A080420","모다이노칩","0.09492065"
"A080470","성창오토텍","0.039442155"
"A080520","오디텍","0.05346061"
"A080530","코디","0.037268038"
"A080580","오킨스전자","0.80176526"
"A080720","한국유니온제약","0"
"A081000","일진다이아","0.51796061"
"A081150","티플랙스","1.865390135"
"A081180","쎄크",""
"A081580","성우전자","0.523279955"
"A081660","미스토홀딩스","4.7298209"
"A082210","옵트론텍","0.113742933"
"A082270","젬백스","9.0605172"
"A082640","동양생명","1.10580595"
"A082660","코스나인","0"
"A082740","한화엔진","9.45852668"
"A082800","비보존 제약","5.82338412"
"A082850","우리바이오","5.106717565"
"A082920","비츠로셀","1.09952255"
"A083310","엘오티베큠","0.79255058"
"A083420","그린케미칼","0.37507804"
"A083450","GST","8.02548763"
"A083470","이엠앤아이","0.070098083"
"A083500","에프엔에스테크","0.34959949"
"A083550","케이엠","0.127140295"
"A083640","인콘","0.068888648"
"A083650","비에이치아이","29.53267465"
"A083660","CSA 코스믹","0.033229984"
"A083790","CG인바이츠","2.2676359"
"A083930","아바코","1.42257311"
"A084010","대한제강","0.69616421"
"A084110","휴온스글로벌","5.53810215"
"A084180","수성웹툰","0"
"A084370","유진테크","6.40474505"
"A084440","유비온","0.142991598"
"A084650","랩지노믹스","9.303133105"
"A084670","동양고속","0.01393932"
"A084680","이월드","0.777333094"
"A084690","대상홀딩스","76.11081525"
"A084730","팅크웨어","0.44956864"
"A084850","아이티엠반도체","0.62121516"
"A084870","TBH글로벌","0.025286164"
"A084990","헬릭스미스","0.605007755"
"A085310","엔케이","0.223115439"
"A085620","미래에셋생명","0.29413065"
"A085660","차바이오텍","4.47186104"
"A085670","뉴프렉스","2.234648145"
"A085810","알티캐스트","0.14393004"
"A085910","네오티스","0.17626941"
"A086040","바이오톡스텍","0.161852905"
"A086060","진바이오텍","0.644066435"
"A086280","현대글로비스","13.5391255"
"A086390","유니테스트","1.71872592"
"A086450","동국제약","2.01339939"
"A086520","에코프로","90.4598631"
"A086670","비엠티","0.15041606"
"A086710","선진뷰티사이언스","0.73636237"
"A086790","하나금융지주","130.34753415"
"A086820","바이오솔루션","0.31379161"
"A086890","이수앱지스","0.896853125"
"A086900","메디톡스","9.4579542"
"A086960","MDS테크","1.010249372"
"A086980","쇼박스","2.581549485"
"A087010","펩트론","93.5595734"
"A087260","모바일어플라이언스","0.840636527"
"A087600","픽셀플러스","0.12864462"
"A088130","동아엘텍","0.338356605"
"A088280","쏘닉스","0.082965827"
"A088290","이원컴포텍","0.086801134"
"A088340","유라클","3.19575532"
"A088350","한화생명","3.446225875"
"A088390","이녹스","0.41108698"
"A088790","진도","0.044358686"
"A088800","에이스테크","0.140999282"
"A088910","동우팜투테이블","0.161084258"
"A089010","켐트로닉스","3.91132298"
"A089030","테크윙","26.2189447"
"A089140","넥스턴앤롤코리아","0.52256754"
"A089150","케이씨티","0.29163436"
"A089230","THE E&M","0.138945092"
"A089470","HDC현대EP","0.111053535"
"A089590","제주항공","1.96823129"
"A089600","KT나스미디어","0.35985038"
"A089790","제이티","0.133094335"
"A089850","유비벨록스","0.35997196"
"A089860","롯데렌탈","18.5515572"
"A089890","코세스","0.43307085"
"A089970","브이엠","0.3644803"
"A089980","상아프론테크","1.02360304"
"A090080","평화산업","0.093199484"
"A090150","아이윈","0.067496406"
"A090350","노루페인트","0.86044609"
"A090360","로보스타","1.71068939"
"A090370","메타랩스","0.081307638"
"A090410","덕신이피씨","0.283157281"
"A090430","아모레퍼시픽","27.0029313"
"A090460","비에이치","3.65050555"
"A090470","제이스로보틱스","0.37927982"
"A090710","휴림로봇","2.448924753"
"A090850","현대이지웰","1.06422276"
"A091120","이엠텍","6.3697024"
"A091340","S&K폴리텍","0.07219629"
"A091440","한울소재과학","0.21389237"
"A091580","상신이디피","0.77901638"
"A091590","남화토건","0.195979335"
"A091700","파트론","2.8661534"
"A091810","트리니티항공","7.463845995"
"A091970","LSK아이로봇","0.034463211"
"A092040","아미코젠","1.12797178"
"A092070","디엔에프","0.34117698"
"A092130","이크레더블","0.20580921"
"A092190","서울바이오시스","0.206179885"
"A092200","디아이씨","0.76368998"
"A092220","KEC","1.146008249"
"A092230","KPX홀딩스","0.259536"
"A092300","현우산업","0.267212165"
"A092440","기신정기","0.280304945"
"A092460","한라IMS","0.29167401"
"A092600","앤씨앤","0.070216937"
"A092730","네오팜","1.4577791"
"A092780","DYP","0.25633061"
"A092790","넥스틸","5.57307075"
"A092870","엑시콘","1.72331041"
"A093050","LF","0.40695168"
"A093190","빅솔론","0.587996655"
"A093240","형지엘리트","47.633672794"
"A093320","케이아이엔엑스","2.0854488"
"A093370","후성","2.105774665"
"A093380","풍강","0.0569514"
"A093520","매커스","0.72255865"
"A093640","케이알엠","0.491841225"
"A093920","서원인텍","0.20366182"
"A094170","동운아나텍","7.19326555"
"A094280","효성ITX","0.20639708"
"A094360","칩스앤미디어","2.03871546"
"A094480","갤럭시아머니트리","10.55652811"
"A094820","일진파워","2.11834093"
"A094840","슈프리마에이치큐","18.26083809"
"A094850","참좋은여행","0.52565772"
"A094860","네오리진","0.238883889"
"A094940","푸른로보틱스","1.10523555"
"A094970","제이엠티","0.598870865"
"A095190","신화프리텍","0.705691097"
"A095270","웨이브일렉트로","0.10597271"
"A095340","ISC","7.7147356"
"A095500","미래나노텍","2.27885582"
"A095570","AJ네트웍스","0.353561575"
"A095610","테스","1.71730865"
"A095660","네오위즈","3.52834401"
"A095700","제넥신","1.545394315"
"A095720","웅진씽크빅","0.462992184"
"A095910","에스에너지","0.071454275"
"A096240","크레버스","0.76064732"
"A096250","와이즈넛","0.0098134"
"A096350","대창솔루션","0.317731523"
"A096530","씨젠","8.4656171"
"A096610","알에프세미","0"
"A096630","에스코넥","0.294087067"
"A096690","에이루트","0.085021913"
"A096760","JW홀딩스","0.29482331"
"A096770","SK이노베이션","33.7143133"
"A096870","엘디티","0.17999554"
"A097230","HJ중공업","1.96413279"
"A097520","엠씨넥스","1.89645974"
"A097780","에코볼트","0.061007767"
"A097800","윈팩","0.937726614"
"A097870","효성오앤비","0.24449646"
"A097950","CJ제일제당","12.481426"
"A098070","한텍",""
"A098120","마이크로컨텍솔","0.18396016"
"A098460","고영","3.60380682"
"A098660","에스티오","0.133454115"
"A099190","아이센스","2.14922905"
"A099220","SDN","13.263729117"
"A099320","쎄트렉아이","5.77234175"
"A099390","브레인즈컴퍼니","0.085245205"
"A099410","동방선기","0.32059637"
"A099430","바이오플러스","4.53697598"
"A099440","스맥","3.35218768"
"A099520","DGI","0"
"A099750","이지케어텍","0.22899732"
"A100030","인지소프트","0.10358531"
"A100090","SK오션플랜트","2.73282176"
"A100120","뷰웍스","0.43593683"
"A100130","동국S&C","0.369195205"
"A100220","비상교육","0.310769155"
"A100250","진양홀딩스","3.024396035"
"A100590","머큐리","0.38005191"
"A100660","서암기계공업","0.49645891"
"A100700","세운메디칼","0.27605645"
"A100790","미래에셋벤처투자","2.242523235"
"A100840","SNT에너지","3.69859879"
"A101000","KS인더스트리","0.2509302"
"A101140","인바이오젠","0"
"A101160","월덱스","4.58837679"
"A101170","우림피티에스","0.7580883"
"A101240","씨큐브","0.314426955"
"A101330","모베이스","0.34237965"
"A101360","에코앤드림","7.8732665"
"A101390","아이엠","0.190900955"
"A101400","엔시트론","0.041392495"
"A101490","에스앤에스텍","5.42448465"
"A101530","해태제과식품","0.68677886"
"A101670","하이드로리튬","2.954903199"
"A101680","한국정밀기계","0.085397088"
"A101730","위메이드맥스","1.40100296"
"A101930","인화정공","0.86717815"
"A101970","우양에이치씨","0"
"A102120","어보브반도체","1.3340481"
"A102260","동성케미컬","0.95814904"
"A102370","케이옥션","0.925376395"
"A102460","이연제약","0.3563021"
"A102710","이엔에프테크놀로지","1.42498858"
"A102940","코오롱생명과학","0.50796028"
"A103140","풍산","12.2535955"
"A103230","에스앤더블류","0.068923635"
"A103590","일진전기","27.31469735"
"A103840","우양","0.32155864"
"A104040","디에스엠","0.122066034"
"A104200","NHN벅스","0.252276225"
"A104460","디와이피엔에프","0.88403299"
"A104480","티케이케미칼","0.354774377"
"A104540","코렌텍","0.137384945"
"A104620","노랑풍선","0.279096385"
"A104700","한국철강","0.11164403"
"A104830","원익머트리얼즈","0.85911172"
"A105330","케이엔더블유","0.160253745"
"A105550","엣지파운드리","16.13404881"
"A105560","KB금융","279.676124438"
"A105630","한세실업","1.01722458"
"A105740","디케이락","0.95930757"
"A105760","포스뱅크","0.93426235"
"A105840","우진","2.39033072"
"A106080","케이이엠텍","0.632913485"
"A106190","하이텍팜","1.07167445"
"A106240","파인테크닉스","0.152010345"
"A106520","노블엠앤비","0"
"A107590","미원홀딩스","0.0534561"
"A107600","새빗켐","0.5759811"
"A107640","한중엔시에스","3.99769861"
"A108230","톱텍","0.32309459"
"A108320","LX세미콘","3.4709187"
"A108380","대양전기공업","0.39815793"
"A108490","로보티즈","3.71653428"
"A108670","LX하우시스","0.64897395"
"A108860","셀바스AI","9.79664019"
"A109070","주성코퍼레이션","0"
"A109080","옵티시스","0.18192016"
"A109610","에스와이","4.705871795"
"A109670","씨싸이트","0.53514492"
"A109740","디에스케이","0.051106595"
"A109820","진매트릭스","0.30188872"
"A109860","동일금속","0.06816737"
"A109960","앱토크롬","0.531830377"
"A110020","전진바이오팜","0.095750995"
"A110790","크리스에프앤씨","0.06169904"
"A110990","디아이티","0.86118363"
"A111110","호전실업","0.13855257"
"A111380","동인기연","0.36886176"
"A111710","남화산업","0.03471771"
"A111770","영원무역","3.65346375"
"A112040","위메이드","17.690489"
"A112290","와이씨켐","1.50024775"
"A112610","씨에스윈드","14.89006635"
"A113810","디젠스","3.399484751"
"A114090","GKL","3.19719072"
"A114190","강원에너지","1.60463595"
"A114450","그린생명과학","0.186291975"
"A114630","폴라리스우노","0.248985238"
"A114810","한솔아이원스","1.01562959"
"A114840","아이패밀리에스씨","2.92030064"
"A115160","휴맥스","0.25187339"
"A115180","큐리언트","0.448512625"
"A115310","인포바인","0.19054215"
"A115440","우리넷","1.59542875"
"A115450","HLB테라퓨틱스","6.02166653"
"A115480","씨유메디칼","0.067751023"
"A115500","케이씨에스","2.57514228"
"A115530","씨엔플러스","0.07664662"
"A115570","스타플렉스","0.161516035"
"A115610","이미지스","1.096392895"
"A117580","대성에너지","2.06354022"
"A117670","알파칩스","0"
"A117730","티로보틱스","1.212328"
"A118000","메타케어","0.076594631"
"A118990","모트렉스","2.59933284"
"A119500","포메탈","4.91085901"
"A119610","인터로조","0"
"A119650","KC코트렐","0.223146111"
"A119830","아이텍","0.69165708"
"A119850","지엔씨에너지","7.76397587"
"A120030","조선선재","0.1650339"
"A120110","코오롱인더","3.0935951"
"A120240","대정화금","0.24130756"
"A121440","골프존홀딩스","0.375831035"
"A121600","나노신소재","5.5146467"
"A121800","비덴트","0"
"A121850","코이즈","7.089927046"
"A121890","에스디시스템","0.060437601"
"A122310","제노레이","0.33811678"
"A122350","삼기","0.147383129"
"A122450","KX","0.45723329"
"A122640","예스티","1.14166435"
"A122690","서진오토모티브","0.14205159"
"A122870","와이지엔터테인먼트","14.6501605"
"A122900","아이마켓코리아","0.9268641"
"A122990","와이솔","0.58801567"
"A123010","알엔티엑스","0.072739229"
"A123040","엠에스오토텍","0.60438034"
"A123330","제닉","3.46128677"
"A123410","코리아에프티","1.15183141"
"A123420","위메이드플레이","0.82740931"
"A123570","이엠넷","0.175180095"
"A123690","한국화장품","0.38687507"
"A123700","SJM","0.23479159"
"A123750","알톤","0.056289534"
"A123840","뉴온","0"
"A123860","아나패스","0.80435847"
"A123890","한국자산신탁","0.77967957"
"A124500","아이티센글로벌","0.913547175"
"A124560","태웅로직스","0.656084295"
"A125020","티씨머티리얼즈",""
"A125210","아모그린텍","1.31304852"
"A125490","한라캐스트",""
"A126340","비나텍","0.79275195"
"A126560","현대퓨처넷","1.851280675"
"A126600","BGF에코머티리얼즈","0.512283175"
"A126640","화신정공","0.111275314"
"A126700","하이비젼시스템","4.36792405"
"A126720","수산인더스트리","1.18661726"
"A126730","코칩","0.42640305"
"A126880","제이엔케이글로벌","0.332218475"
"A127120","제이에스링크","1.28189966"
"A127710","아시아경제","0.060921314"
"A127980","화인써키트","0.33919409"
"A128540","에코캡","0.337957592"
"A128660","피제이메탈","0.78550679"
"A128820","대성산업","0.75135538"
"A128940","한미약품","19.4598045"
"A129260","인터지스","5.516884925"
"A129890","앱코","0.068818288"
"A129920","대성하이텍","0.26618539"
"A130500","GH신소재","0.19520606"
"A130580","나이스디앤비","0.054784475"
"A130660","한전산업","3.96835482"
"A130740","티피씨글로벌","0.157941571"
"A131030","옵투스제약","1.061865245"
"A131090","시큐브","0.072264713"
"A131100","티엔엔터테인먼트","0.109846753"
"A131180","딜리","0.115419532"
"A131220","대한과학","0.38985696"
"A131290","티에스이","2.7746911"
"A131370","알서포트","0.71179261"
"A131400","이브이첨단소재","1.073129255"
"A131760","파인텍","0.15339692"
"A131970","두산테스나","2.00177715"
"A133750","메가엠디","0.51660107"
"A133820","화인베스틸","0.049568724"
"A134060","이퓨쳐","0.015084875"
"A134380","미원화학","0.1035944"
"A134580","탑코미디어","0.11616268"
"A134790","시디즈","0.0686112"
"A136150","원일티엔아이",""
"A136410","아셈스","0.11307331"
"A136480","하림","2.18767065"
"A136490","선진","0.35307636"
"A136540","윈스테크넷","0.30090213"
"A137080","나래나노텍","0.12697913"
"A137310","에스디바이오센서","3.36048277"
"A137400","피엔티","13.1946549"
"A137940","넥스트아이","2.442266938"
"A137950","제이씨케미칼","0.39896703"
"A138040","메리츠금융지주","35.7823222"
"A138070","신진에스엠","1.77344851"
"A138080","오이솔루션","0.45888264"
"A138360","앤로보틱스","0.178260768"
"A138610","나이벡","3.31347615"
"A138930","BNK금융지주","17.51440373"
"A139130","iM금융지주","5.19629498"
"A139480","이마트","6.5660532"
"A139670","키네마스터","7.468703905"
"A139990","아주스틸","0.219604725"
"A140070","서플러스글로벌","0.311975105"
"A140410","메지온","2.7473398"
"A140430","카티스","0.463880954"
"A140520","대창스틸","0.134301254"
"A140670","알에스오토메이션","1.33028614"
"A140860","파크시스템스","4.1301987"
"A141000","비아트론","0.17196554"
"A141080","리가켐바이오","64.8532129"
"A142210","유니트론텍","1.097189545"
"A142280","녹십자엠에스","0.438107505"
"A142760","모아라이프플러스","0.185839436"
"A143160","아이디스","0.39220966"
"A143210","핸즈코퍼레이션","0.053956634"
"A143240","사람인","0.26105489"
"A143540","영우디에스피","0.033215616"
"A144510","지씨셀","3.10949385"
"A144960","뉴파워프라즈마","0.9942067"
"A145020","휴젤","42.554239"
"A145170","노브랜드","6.42086325"
"A145210","다이나믹디자인","0.385366851"
"A145720","덴티움","2.9137431"
"A145990","삼양사","1.27890405"
"A146060","율촌","0.317245012"
"A146320","비씨엔씨","0.78041525"
"A147760","피엠티","0.154203975"
"A147830","제룡산업","1.373085465"
"A148150","세경하이테크","3.40006737"
"A148250","알엔투테크놀로지","0.08823358"
"A148780","비큐AI","0.222966636"
"A148930","에이치와이티씨","0.14443291"
"A149950","아바텍","0.25572572"
"A149980","하이로닉","1.21721306"
"A150900","파수AI","0.187833915"
"A151860","KG에코솔루션","1.055535415"
"A153460","네이블","0.01886464"
"A153490","우리이앤엘하루틴","0.29624944"
"A153710","옵티팜","0.042056005"
"A154030","아시아종묘","0.046942159"
"A154040","다산솔루에타","0.075302746"
"A155650","와이엠씨","0.59403416"
"A155660","DSR","0.41880731"
"A156100","엘앤케이바이오","0.53348185"
"A158430","아톤","6.52715763"
"A159010","아스플로","0.175726865"
"A159580","제로투세븐","4.424887605"
"A159910","에코글로우","0.084536617"
"A160190","하이젠알앤엠","2.77425146"
"A160550","NEW","0.241244553"
"A160980","싸이맥스","0.60697263"
"A161000","애경케미칼","2.63861667"
"A161390","한국타이어앤테크놀로지","9.7036177"
"A161580","필옵틱스","6.54198624"
"A161890","한국콜마","9.36583665"
"A162300","신스틸","0.412751365"
"A163280","에어레인","3.08733993"
"A163560","동일고무벨트","0.59729936"
"A163730","핑거","4.15206211"
"A166090","하나머티리얼즈","1.70354145"
"A166480","코아스템켐온","2.58341153"
"A168330","내츄럴엔도텍","0.046525055"
"A168360","펨트론","2.77340315"
"A169330","엠브레인","0.138414132"
"A170030","현대공업","0.28335394"
"A170790","파이오링크","0.07909811"
"A170900","동아에스티","2.1619638"
"A170920","엘티씨","1.13950428"
"A171010","램테크놀러지","0.14106298"
"A171090","선익시스템","5.99047375"
"A171120","라이온켐텍","0.36489215"
"A172670","에이엘티","0.32520918"
"A173130","오파스넷","120.23578227"
"A173940","에프엔씨엔터","0.05834565"
"A174900","앱클론","1.74660397"
"A175140","아고스","0.625646065"
"A175250","아이큐어","0.506709424"
"A175330","JB금융지주","9.69554846"
"A176750","듀켐바이오","0.57216957"
"A177350","베셀","0.208230252"
"A177830","파버나인","0.400919505"
"A177900","쓰리에이로직스",""
"A178320","서진시스템","35.6883858"
"A178780","일월지엠엘","0"
"A178920","PI첨단소재","1.27644422"
"A179290","엠아이텍","1.66806205"
"A179530","애드바이오텍","0.19708048"
"A179900","유티아이","1.75711035"
"A180400","DXVX","0.782522484"
"A180640","한진칼","3.9856368"
"A181710","NHN","2.21005511"
"A182360","큐브엔터","2.50724947"
"A182400","엔케이젠바이오텍코리아","0"
"A183190","아세아시멘트","0.89686015"
"A183300","코미코","2.6835211"
"A183490","엔지켐생명과학","0.290796016"
"A184230","SGA솔루션즈","0.073416559"
"A185490","아이진","0.290230235"
"A185750","종근당","2.2842664"
"A186230","그린플러스","0.68060874"
"A187220","디티앤씨","5.753769245"
"A187270","신화콘텍","0.171560355"
"A187420","HLB제넥스","0.59263817"
"A187660","페니트리움바이오","0.078768767"
"A187790","나노","0"
"A187870","디바이스","0.17864791"
"A188040","바이오포트",""
"A188260","세니젠","0.112698575"
"A189300","인텔리안테크","3.96970175"
"A189330","씨이랩","0.29562883"
"A189690","포시에스","0.211073373"
"A189860","서전기전","0.274115355"
"A189980","흥국에프엔비","0.210443371"
"A190510","나무가","0.94037145"
"A190650","코리아에셋투자증권","0.02670397"
"A191410","육일씨엔에쓰","0.101234352"
"A191420","테고사이언스","0.33549208"
"A192080","더블유게임즈","3.8256482"
"A192250","케이사인","0.20282833"
"A192390","윈하이텍","2.772331705"
"A192400","쿠쿠홀딩스","0.86773155"
"A192410","오늘이엔엠","0.18019955"
"A192440","슈피겐코리아","0.45612973"
"A192650","드림텍","2.71198144"
"A192820","코스맥스","7.4776796"
"A193250","링크드","0.094019803"
"A194370","제이에스코퍼레이션","1.33922471"
"A194480","데브시스터즈","3.47628815"
"A194700","노바렉스","0.77695425"
"A195500","마니커에프앤지","0.28067389"
"A195870","해성디에스","2.0323987"
"A195940","HK이노엔","8.0687286"
"A195990","루트K","0.872929924"
"A196170","알테오젠","346.177988"
"A196300","HLB펩","0.7089297"
"A196450","코아시아씨엠","0.065450549"
"A196490","디에이테크놀로지","0"
"A196700","웹스","0.132686384"
"A197140","디지캡","0.18240873"
"A198080","캐프","0.26956236"
"A198440","강동씨앤엘","0.175280642"
"A198940","한주라이트메탈","0.235122216"
"A199430","케이엔알시스템","0.38784585"
"A199480","뱅크웨어글로벌","1.300349445"
"A199550","레이저옵텍","0.42695494"
"A199730","바이오인프라","0.22553107"
"A199800","툴젠","1.55225375"
"A199820","제일일렉트릭","4.61813928"
"A200130","콜마비앤에이치","1.54211048"
"A200230","텔콘RF제약","0.662768333"
"A200350","아티스트스튜디오","18.26943651"
"A200470","에이팩트","0.500238124"
"A200670","휴메딕스","4.3838538"
"A200710","에이디테크놀로지","2.27890543"
"A200780","비씨월드제약","0.066265245"
"A200880","서연이화","2.39702041"
"A201490","미투온","0.41965518"
"A203400","에이비온","0.38213246"
"A203450","유니온바이오메트릭스","0.548089735"
"A203650","드림시큐리티","1.48659832"
"A203690","아크솔루션스","0.20355788"
"A204020","그리티","0.160880875"
"A204270","제이앤티씨","15.05934074"
"A204320","HL만도","11.5439406"
"A204610","티쓰리","1.94967902"
"A204620","글로벌텍스프리","4.05261612"
"A204840","지엘팜텍","0.459901515"
"A205100","엑셈","1.145547348"
"A205470","휴마시스","4.216405782"
"A205500","넥써쓰","0.066222862"
"A206400","베노티앤알","1.185869535"
"A206560","덱스터","3.12788865"
"A206640","바디텍메드","2.98315384"
"A206650","유바이오로직스","6.36895167"
"A207760","미스터블루","0.72945235"
"A207940","삼성바이오로직스","113.632715"
"A208140","정다운","1.425729695"
"A208350","지란지교시큐리티","0.07846823"
"A208370","셀바스헬스케어","2.21046311"
"A208640","썸에이지","0.784526544"
"A208710","포톤","0.094414707"
"A208860","다산디엠씨","0"
"A209640","와이제이링크","5.57200472"
"A210120","캔버스엔","0.6765057"
"A210540","디와이파워","0.58858119"
"A210980","SK디앤디","0.71365302"
"A211050","인카금융서비스","1.6415562"
"A211270","AP위성","2.91970532"
"A212560","네오오토","0.43957393"
"A212710","아이에스티이",""
"A213420","덕산네오룩스","2.96674885"
"A213500","한솔제지","0.47832655"
"A214150","클래시스","18.32665015"
"A214180","헥토이노베이션","0.37208238"
"A214260","라파스","1.01351919"
"A214270","FSN","0.947060054"
"A214320","이노션","0.92620958"
"A214330","금호에이치티","0.291942153"
"A214370","케어젠","2.42134275"
"A214390","경보제약","0"
"A214420","토니모리","1.37047333"
"A214430","아이쓰리시스템","7.6231247"
"A214450","파마리서치","29.550173"
"A214610","롤링스톤","1.809479048"
"A214680","디알텍","3.226046034"
"A215000","골프존","2.1299522"
"A215090","솔디펜스","0"
"A215100","로보로보","1.05983233"
"A215200","메가스터디교육","1.50630945"
"A215360","우리산업","0.44838957"
"A215380","콜마바이오텍","0.160902898"
"A215480","토박스코리아","0.24041588"
"A215600","신라젠","2.574265555"
"A215790","이노인스트루먼트","0.06782831"
"A216050","인크로스","0.40899602"
"A216080","제테마","2.78672115"
"A217190","제너셈","0.25162144"
"A217270","넵튠","0.75501178"
"A217330","싸이토젠","0.41567757"
"A217480","에스디생명공학","0"
"A217500","러셀","0.110241977"
"A217590","티엠씨",""
"A217730","강스템바이오텍","1.815433633"
"A217820","원익피앤이","0.522724485"
"A218150","미래생명자원","1.672531595"
"A218410","RFHIC","2.47632963"
"A219130","타이거일렉","0.56992704"
"A219420","링크제니시스","4.11838892"
"A219550","디와이디","1.261699188"
"A219750","한국비티비","0"
"A220100","퓨쳐켐","13.0040941"
"A220180","폴라리스AI핸디","0.214785745"
"A220260","켐트로스","0.423765765"
"A221800","지구홀딩스","0.366545915"
"A221840","하이즈항공","0.087032633"
"A221980","케이디켐","0.05226582"
"A222040","코스맥스엔비티","0.12036227"
"A222080","SFA넥셀","5.48072646"
"A222110","팬젠","0.219636825"
"A222160","NPX","0"
"A222420","쎄노텍","0.070737072"
"A222800","심텍","2.45604348"
"A222980","한국맥널티","0.37540865"
"A223250","드림씨아이에스","0.822225415"
"A223310","사토시홀딩스","0.978539264"
"A224060","더코디","0.04541068"
"A224110","에이텍모빌리티","86.72936373"
"A225190","LK삼양","7.769672955"
"A225220","제놀루션","0.17824019"
"A225430","케이엠제약","0.046102962"
"A225530","HC보광산업","0.392146555"
"A225570","넥슨게임즈","9.52191852"
"A225590","패션플랫폼","0.072498616"
"A226320","잇츠한불","0.15206089"
"A226330","신테카바이오","0.53871341"
"A226340","본느","0.94162265"
"A226400","오스테오닉","12.35502004"
"A226590","엠디바이스",""
"A226950","올릭스","6.455513"
"A227100","프로브잇","0.311476664"
"A227610","아우딘퓨쳐스","0.18578578"
"A227840","현대코퍼레이션홀딩스","0.35219703"
"A227950","엔투텍","0.363943427"
"A228340","동양파일","0.029165865"
"A228670","레이","0.49533716"
"A228760","지노믹트리","21.84043255"
"A228850","레이언스","0.31086566"
"A229000","젠큐릭스","0.233789787"
"A229640","LS에코에너지","6.18500155"
"A230240","에치에프알","0.70968441"
"A230360","에코마케팅","0.8457356"
"A232140","와이씨","8.07820671"
"A232680","라온로보틱스","0.15262877"
"A232830","아이티센피엔에스","0.029343417"
"A234030","싸이닉솔루션",""
"A234080","JW생명과학","0.67132657"
"A234100","폴라리스세원","0.356193296"
"A234300","에스트래픽","0.76852639"
"A234340","헥토파이낸셜","0.69271155"
"A234690","녹십자웰빙","1.34799336"
"A234920","자이글","1.258970125"
"A235980","메드팩토","1.305321895"
"A236200","슈프리마","0.9887182"
"A236810","엔비티","0.435585255"
"A237690","에스티팜","31.8265064"
"A237750","피앤씨테크","0.179646915"
"A237820","플레이디","1.10225597"
"A237880","클리오","1.47392353"
"A238090","앤디포스","0.03913249"
"A238120","얼라인드","0.348211855"
"A238200","비피도","0.048530465"
"A238490","힘스","0.131313245"
"A239340","이스트에이드","0.960115682"
"A239610","에이치엘사이언스","0.1481992"
"A239890","피엔에이치테크","0.6936872"
"A240550","동방메디컬",""
"A240600","유진테크놀로지","0.19290819"
"A240810","원익IPS","3.59280625"
"A241520","DSC인베스트먼트","0.54299834"
"A241560","두산밥캣","33.09302505"
"A241590","화승엔터프라이즈","3.5660104"
"A241690","유니테크노","0.820521705"
"A241710","코스메카코리아","4.54823865"
"A241770","메카로","0.09878915"
"A241790","티이엠씨씨엔에스","0.295674955"
"A241820","피씨엘","0.145343749"
"A241840","에이스토리","0.39312439"
"A242040","나무에이엑스","0.817121595"
"A243070","휴온스","1.05742145"
"A243840","신흥에스이씨","0.818962385"
"A244460","올리패스","2.39378455"
"A244920","에이플러스에셋","0.24662719"
"A245620","EDGC","0"
"A246250","에스엘에스바이오","0.277752741"
"A246690","TS인베스트먼트","0.257213918"
"A246710","티앤알바이오팹","0.358676365"
"A246720","아스타","0.02508481"
"A246960","SCL사이언스","0.11627348"
"A247540","에코프로비엠","78.229784"
"A247660","나노씨엠에스","0.28158779"
"A248070","솔루엠","5.07383561"
"A248170","샘표식품","0.7931398"
"A249420","일동제약","1.30759685"
"A250000","보라티알","1.38551768"
"A250060","모비스","1.847884025"
"A250930","예선테크","0.140896453"
"A251120","바이오에프디엔씨","1.01967638"
"A251270","넷마블","6.4893217"
"A251370","와이엠티","0.51291501"
"A251630","브이원텍","0.233127645"
"A251970","펌텍코리아","2.85462115"
"A252500","세화피앤씨","0.275186214"
"A252990","샘씨엔에스","0.88174494"
"A253450","스튜디오드래곤","4.38664875"
"A253590","네오셈","5.20220524"
"A253840","수젠텍","0.54645806"
"A254120","자비스","0.242457946"
"A254490","미래반도체","0.87230124"
"A255220","SG","15.62932602"
"A255440","야스","0.13810447"
"A256150","한독크린텍","0.06587016"
"A256630","포인트엔지니어링","0.017249865"
"A256840","한국비엔씨","2.58694822"
"A256940","킵스파마","0.215242495"
"A257370","피엔티엠에스","0.26040202"
"A257720","실리콘투","37.49159965"
"A258610","케일럼","0.045347677"
"A258790","소프트캠프","0.637916407"
"A258830","세종메디칼","0"
"A259630","엠플러스","1.37185554"
"A259960","크래프톤","39.437543"
"A260660","알리코제약","0.429440915"
"A260930","씨티케이","0.32238998"
"A260970","에스앤디","1.7174498"
"A261200","덴티스","0.48925654"
"A261520","이지스",""
"A261780","아리바이오랩","0.215558455"
"A262260","에이프로","0.374992815"
"A262840","아이퀘스트","0.12487894"
"A263020","디케이앤디","0.505214865"
"A263050","유틸렉스","0.386272503"
"A263600","덕우전자","0.49758018"
"A263690","디알젬","0.10857344"
"A263700","케어랩스","0.249693863"
"A263720","디앤씨미디어","0.9871612"
"A263750","펄어비스","17.12403355"
"A263770","유에스티","0.064048013"
"A263800","데이타솔루션","0.90848184"
"A263810","상신전자","0.231263385"
"A263860","지니언스","0.26678026"
"A263920","휴엠앤씨","0.059935658"
"A264450","유비쿼스","0.31619185"
"A264660","씨앤지하이테크","0.44276368"
"A264850","이랜시스","2.107915235"
"A264900","크라운제과","0.46085748"
"A265520","AP시스템","1.69636123"
"A265560","영화테크","0.18771349"
"A265740","엔에프씨","10.74350319"
"A267250","HD현대","17.0323258"
"A267260","HD현대일렉트릭","71.055531"
"A267270","HD건설기계","8.5713401"
"A267290","경동도시가스","0.34787334"
"A267320","나인테크","0.37976174"
"A267790","배럴","0.071588015"
"A267850","아시아나IDT","1.30254886"
"A267980","매일유업","0.66523565"
"A268280","미원에스씨","0.2350027"
"A269620","시스웍","0"
"A270520","앱튼","6.946044868"
"A270660","에브리봇","1.95007133"
"A270870","뉴트리","0.189943"
"A271560","오리온","14.2035061"
"A271830","팸텍","0.345187642"
"A271940","일진하이솔루스","1.30833718"
"A271980","제일약품","0.11716866"
"A272110","케이엔제이","0.98227492"
"A272210","한화시스템","59.41535485"
"A272290","이녹스첨단소재","3.9136625"
"A272450","진에어","3.94870214"
"A272550","삼양패키징","0.33693911"
"A273060","와이즈버즈","0.202547073"
"A273640","와이엠텍","0.30547023"
"A274090","켄코아에어로스페이스","2.27119115"
"A274400","이노시뮬레이션","0.163111465"
"A275630","에스에스알","0.054407315"
"A276040","스코넥","0.08035639"
"A276730","한울앤제주","0.328687275"
"A277070","린드먼아시아","0.07422484"
"A277410","인산가","0.238071871"
"A277810","레인보우로보틱스","22.6998503"
"A277880","티에스아이","0.25011961"
"A278280","천보","1.2885028"
"A278470","에이피알","22.5877783"
"A278650","HLB바이오스텝","0.706204317"
"A279570","케이뱅크",""
"A279600","미디어젠","0"
"A280360","롯데웰푸드","1.7993236"
"A281740","레이크머티리얼즈","5.35955742"
"A281820","케이씨텍","1.7961232"
"A282330","BGF리테일","6.14160205"
"A282720","금양그린파워","27.69386319"
"A282880","코윈테크","1.64349219"
"A284620","카이노스메드","0.256745995"
"A284740","쿠쿠홈시스","0.96939185"
"A285130","SK케미칼","1.16338395"
"A285490","노바텍","0.42602481"
"A285800","진영","0.164137364"
"A286750","나노실리칸첨단소재","1.075930337"
"A286940","롯데이노베이트","1.83939405"
"A287840","인투셀",""
"A288180","케이피항공산업",""
"A288330","파라택시스코리아","1.923466905"
"A288620","에스프리즘","0.26050524"
"A288980","모아데이타","0.548468406"
"A289010","아이스크림에듀","1.159828085"
"A289080","SV인베스트먼트","0.730353035"
"A289220","자이언트스텝","0.89755368"
"A289930","웨이비스","2.89835184"
"A290090","트윔","0.07009852"
"A290120","DH오토리드","0.03847292"
"A290270","휴네시온","0.1010407"
"A290520","신도기연","0.109639465"
"A290550","디케이티","1.17335569"
"A290560","파라택시스이더리움","0.1082809"
"A290650","엘앤씨바이오","2.05452237"
"A290660","다이나믹솔루션","0.099294516"
"A290670","대보마그네틱","0.35828592"
"A290690","아리바이오홀딩스","3.32681722"
"A290720","푸드나무","0.294754465"
"A290740","액트로","0.170024345"
"A291230","엔피","1.192257563"
"A291650","압타머사이언스","0.35433294"
"A291810","핀텔","0.086489464"
"A293480","하나제약","0.60392535"
"A293490","카카오게임즈","7.29388719"
"A293580","나우IB","0.403340937"
"A293780","압타바이오","0.65560134"
"A294090","이오플로우","64.07117263"
"A294140","레몬","0.48640366"
"A294570","쿠콘","0.23951213"
"A294630","서남","1.080727295"
"A294870","IPARK현대산업개발","10.61792904"
"A295310","에이치브이엠","13.23067305"
"A296640","이노에이엑스","3.98795974"
"A297090","씨에스베어링","1.121098635"
"A297570","아틀라스링크","0.190110807"
"A297890","HB솔루션","2.657519785"
"A298000","효성화학","0.77178785"
"A298020","효성티앤씨","4.6776835"
"A298040","효성중공업","23.891297"
"A298050","HS효성첨단소재","2.9148586"
"A298060","풍전약품","0.132447103"
"A298380","에이비엘바이오","31.43464565"
"A298540","더네이쳐홀딩스","0.92697816"
"A298690","에어부산","0.765832005"
"A298830","슈어소프트테크","4.026990565"
"A299030","하나기술","1.00090741"
"A299170","더블유에스아이","0.144048928"
"A299660","셀리드","5.25462395"
"A299900","위지윅스튜디오","3.139065697"
"A300080","플리토","1.15352308"
"A300120","라온피플","0.425496925"
"A300720","한일시멘트","1.93017895"
"A301300","바이브컴퍼니","0.197048325"
"A302430","이노메트리","0.213581"
"A302440","SK바이오사이언스","4.3943958"
"A302550","리메드","0.543718705"
"A303030","지니틱스","0.090624096"
"A303360","프로티아","0.077707445"
"A303530","이노뎁","0.3775049"
"A303810","동국생명과학",""
"A304100","솔트룩스","7.8686865"
"A304360","에스바이오메딕스","3.86937584"
"A304840","피플바이오","1.086306415"
"A305090","마이크로디지탈","3.53152663"
"A306040","에스제이그룹","0.070583885"
"A306200","세아제강","0.3757455"
"A306620","지아이에스","2.11467534"
"A307180","아이엘","0.367437615"
"A307280","원바이오젠","0.251175598"
"A307750","국전","0.53924468"
"A307870","비투엔","0.19583814"
"A307930","컴퍼니케이","0.39313366"
"A307950","현대오토에버","8.4481243"
"A308080","바이젠셀","13.908633435"
"A308100","형지글로벌","0.484618175"
"A308170","씨티알모빌리티","0.06797329"
"A308430","셀비온","69.61447376"
"A309710","아이티켐",""
"A309930","조이웍스앤코","0.146688715"
"A309960","LB인베스트먼트","0.42158326"
"A310200","애니플러스","0.81989601"
"A310210","보로노이","33.3998125"
"A310870","디와이씨","0.21154252"
"A311320","지오엘리먼트","0.16976642"
"A311390","네오크레마","0.23428587"
"A311690","CJ 바이오사이언스","1.02596673"
"A312610","에이에프더블류","0.063572215"
"A313760","캐리","0.35317481"
"A314130","지놈앤컴퍼니","0.51657469"
"A314140","알피바이오","0.07371589"
"A314930","바이오다인","10.79914243"
"A315640","딥노이드","3.16906575"
"A316140","우리금융지주","57.54692452"
"A317120","라닉스","0.133810905"
"A317240","TS트릴리온","0"
"A317330","덕산테코피아","10.2753682"
"A317400","자이에스앤디","0.308132815"
"A317450","명인제약",""
"A317530","에피소드컴퍼니","0.08016696"
"A317690","퀀타매트릭스","4.08508348"
"A317770","엑스페릭스","1.615008615"
"A317830","에스피시스템스","0.31799305"
"A317850","대모","1.04845479"
"A317870","엔바이오니아","0.26548622"
"A318000","KBG","0.32130745"
"A318010","팜스빌","0.06532182"
"A318020","포인트모바일","0.08292254"
"A318060","그래피",""
"A318160","셀바이오휴먼텍","0.14145201"
"A318410","비비씨","0.12383779"
"A319400","현대무벡스","13.557159425"
"A319660","피에스케이","2.96097729"
"A320000","한울반도체","0.542551905"
"A321260","프로이천","0.384400008"
"A321370","센서뷰","0.613045332"
"A321550","티움바이오","0.22910954"
"A321820","아티스트컴퍼니","10.88098816"
"A322000","HD현대에너지솔루션","2.13491144"
"A322180","LS티라유텍","0.44044984"
"A322310","오로스테크놀로지","7.86608205"
"A322510","제이엘케이","2.89390462"
"A322780","코퍼스코리아","0.122050792"
"A323280","태성","12.8120769"
"A323350","다원넥스뷰","0.23764999"
"A323410","카카오뱅크","28.1340263"
"A323990","박셀바이오","2.3779852"
"A326030","SK바이오팜","21.4537503"
"A327260","RF머트리얼즈","0.6767612"
"A328130","루닛","124.8328148"
"A328380","솔트웨어","0.21416823"
"A329180","HD현대중공업","55.225925"
"A330350","위더스제약","0.39869329"
"A330730","스톤브릿지벤처스","0.53901647"
"A330860","네패스아크","0.76869804"
"A331380","포커스에이아이","0.23603443"
"A331520","밸로프","0.183329693"
"A331740","아우토크립트",""
"A331920","셀레믹스","0.28646869"
"A332290","누보","0.183234729"
"A332370","아이디피","0.13537742"
"A332570","PS일렉트로닉스","0.40121657"
"A333050","이노테나","0.075850813"
"A333430","일승","2.31752666"
"A333620","엔시스","0.22411905"
"A334970","프레스티지바이오로직스","2.162039655"
"A335810","프리시젼바이오","0.049394495"
"A335870","윙스풋","0.082560853"
"A336060","웨이버스","0.487986576"
"A336260","두산퓨얼셀","4.90187797"
"A336370","솔루스첨단소재","2.24791296"
"A336570","원텍","3.13328455"
"A336680","탑런토탈솔루션","1.12561155"
"A337930","젝시믹스","1.51398003"
"A338220","뷰노","11.5570004"
"A338840","와이바이오로직스","0.88868113"
"A339770","교촌에프앤비","0.82151826"
"A339950","아이비김영","0.453416591"
"A340360","다보링크","1.919457292"
"A340440","세림B&G","0.070314998"
"A340450","지씨지놈",""
"A340570","티앤엘","4.7374994"
"A340810","시선AI","0.07598035"
"A340930","성원에너텍","0.095556231"
"A342870","오아",""
"A344820","KCC글라스","0.8109988"
"A344860","이노진","0.037055092"
"A347000","센코","0.368380479"
"A347700","스피어","0.785858315"
"A347740","피엔케이피부임상연구센타","0.160801259"
"A347770","핌스","0.117212985"
"A347850","디앤디파마텍","15.1625562"
"A347860","알체라","0.30283692"
"A347890","엠엑스온","0.383296305"
"A348030","모비릭스","0.045380205"
"A348080","큐라티스","0.130355247"
"A348150","고바이오랩","0.716570905"
"A348210","넥스틴","3.5118895"
"A348340","뉴로메카","3.5177637"
"A348350","위드텍","1.29070512"
"A348370","엔켐","45.3342048"
"A351320","넥사다이내믹스","0.062676241"
"A351330","이삭엔지니어링","0.54962941"
"A351870","차이커뮤니케이션","4.96696748"
"A352090","스톰테크","0.320796515"
"A352480","씨앤씨인터내셔널","5.0951438"
"A352700","씨앤투스","0.26251785"
"A352770","셀레스트라","0.115954163"
"A352820","하이브","45.2144923"
"A352910","오비고","0.15883257"
"A352940","인바이오","0.094383482"
"A353190","휴럼","0.082686433"
"A353200","대덕전자","5.67522432"
"A353590","오토앤","0.29114625"
"A353810","이지바이오","0.60804011"
"A354200","엔젠바이오","0.666655829"
"A354320","알멕","1.30544495"
"A355150","코스텍시스","0.552545705"
"A355390","크라우드웍스","1.74988409"
"A355690","에이텀","0.144559675"
"A356680","엑스게이트","15.21267371"
"A356860","티엘비","1.61615348"
"A356890","싸이버원","0.071741605"
"A357230","에이치피오","0.28383478"
"A357550","석경에이티","0.33836755"
"A357580","아모센스","0.428750685"
"A357780","솔브레인","4.632012"
"A357880","SKAI","4.480765465"
"A358570","지아이이노베이션","6.84857847"
"A359090","씨엔알리서치","0.333822989"
"A360070","탑머티리얼","1.04020515"
"A360350","코셈","0.29835572"
"A361390","제노코","2.22578546"
"A361570","알비더블유","0.209636585"
"A361610","SK아이이테크놀로지","6.13003225"
"A361670","삼영에스앤씨","0.05527961"
"A362320","청담글로벌","1.188368465"
"A362990","드림인사이트","0.224355538"
"A363250","진시스템","0.74600474"
"A363260","모비데이즈","1.350923401"
"A363280","티와이홀딩스","0.233432655"
"A364950","에이아이코리아",""
"A365270","큐라클","0.47286797"
"A365330","에스와이스틸텍","24.60750991"
"A365340","성일하이텍","1.51356005"
"A365590","하이딥","0.251120024"
"A365900","브이씨","0.02273684"
"A366030","나인앤컴퍼니","0.30205975"
"A367000","플래티어","0.10537853"
"A368600","아이씨에이치","0.8693469"
"A368770","파이버프로","1.88550577"
"A368970","오에스피","0.072552205"
"A369370","블리츠웨이엔터테인먼트","0.022231136"
"A370090","퓨런티어","9.355278"
"A371950","풍원정밀","0.41356682"
"A372170","윤성에프앤씨","1.3441289"
"A372320","큐로셀","3.08643691"
"A372800","아이티아이즈","0.016935435"
"A372910","한컴라이프케어","1.898244675"
"A373110","엑셀세라퓨틱스","1.065716985"
"A373160","데이원컴퍼니",""
"A373170","엠아이큐브솔루션","0.0733619"
"A373200","엑스플러스","2.553545714"
"A373220","LG에너지솔루션","99.0565895"
"A375500","DL이앤씨","9.79337825"
"A376180","피코그램","0.397982455"
"A376270","HEM파마","0.84524755"
"A376290","씨유테크","0.082495605"
"A376300","디어유","5.80900615"
"A376900","로킷헬스케어",""
"A376930","노을","35.491009515"
"A376980","원티드랩","4.89761161"
"A377030","비트맥스","0.435361906"
"A377220","프롬바이오","0.119797434"
"A377300","카카오페이","113.6441558"
"A377330","이지트로닉스","0.144129495"
"A377450","리파인","3.25868271"
"A377460","큐에이드","0"
"A377480","마음AI","2.43346625"
"A377740","바이오노트","0.841231525"
"A378340","필에너지","2.6776846"
"A378800","샤페론","4.044648385"
"A378850","화승알앤에이","0.370729035"
"A380540","옵티코어","0.439444873"
"A380550","뉴로핏",""
"A381620","제닉스로보틱스","0.96835255"
"A381970","케이카","1.01246936"
"A382150","온코크로스",""
"A382480","지아이텍","0.336087607"
"A382800","지앤비에스 에코","0.79583963"
"A382840","원준","1.44617777"
"A382900","범한퓨얼셀","0.45673854"
"A383220","F&F","5.35596755"
"A383310","에코프로에이치엔","3.06257505"
"A383800","LX홀딩스","1.61900857"
"A383930","디티앤씨알오","57.48053028"
"A384470","코어라인소프트","0.86479147"
"A387570","파인메딕스",""
"A388050","지투파워","14.06392593"
"A388210","씨엠티엑스",""
"A388610","지에프씨생명과학","0.0222475"
"A388720","유일로보틱스","3.5655843"
"A388790","라이콤","1.94377273"
"A388870","파로스아이바이오","1.21032978"
"A389020","자람테크놀로지","11.6301249"
"A389030","지니너스","0.136200533"
"A389140","포바이포","0.4310126"
"A389260","대명에너지","1.84571791"
"A389470","인벤티지랩","3.2276825"
"A389500","에스비비테크","0.6178406"
"A389650","넥스트바이오메디컬","9.24307315"
"A389680","유디엠텍","1.848205544"
"A391710","코닉오토메이션","0.18920262"
"A393210","토마토시스템","2.32163881"
"A393890","더블유씨피","2.1359576"
"A393970","대진첨단소재",""
"A394280","오픈엣지테크놀로지","1.82523903"
"A394420","리센스메디컬",""
"A394800","쓰리빌리언","11.28970125"
"A396270","넥스트칩","6.64941966"
"A396300","세아메카닉스","0.401140965"
"A396470","워트","2.21705753"
"A397030","에이프릴바이오","8.34414876"
"A397810","애드포러스",""
"A398120","에스지헬스케어",""
"A399720","가온칩스","2.38953925"
"A402030","코난테크놀로지","2.73366297"
"A402340","SK스퀘어","33.9828282"
"A402490","그린리소스","1.30855953"
"A403490","우듬지팜","0.568549188"
"A403550","쏘카","0.187881"
"A403850","더핑크퐁컴퍼니",""
"A403870","HPSP","17.2474863"
"A405000","플라즈맵","0.040577646"
"A405100","큐알티","0.53303665"
"A405920","나라셀라","0.493445915"
"A406820","뷰티스킨","0.26056343"
"A407400","꿈비","27.44998386"
"A408470","한패스",""
"A408900","스튜디오미르","0.695821195"
"A408920","메쎄이상","0.052132768"
"A411080","샌즈랩","1.14681575"
"A412350","레이저쎌","0.206560965"
"A412540","제일엠앤에스","0.66434047"
"A413390","엠오티","1.84033922"
"A413630","씨피시스템","0.294851599"
"A413640","비아이매트릭스","0.32198535"
"A415380","스튜디오삼익","0.23923741"
"A416180","신성에스티","1.96003525"
"A417010","나노팀","2.15877828"
"A417180","핑거스토리","0.36764222"
"A417200","LS머트리얼즈","4.03695725"
"A417500","제이아이테크","0.28642492"
"A417790","트루엔","0.52736198"
"A417840","저스템","0.274127015"
"A417860","오브젠","0.15846191"
"A417970","모델솔루션","0.21536343"
"A418250","시큐레터","0"
"A418420","라온텍","0.50012522"
"A418470","KT밀리의서재","1.72478345"
"A418550","제이오","2.38079148"
"A418620","E8","0.27745357"
"A419050","삼기에너지솔루션즈","1.527223852"
"A419080","엔젯","0.80372229"
"A419120","산돌","0.07590342"
"A419530","SAMG엔터","0.91062551"
"A419540","비스토스","0.799701524"
"A420570","제이투케이바이오","0.24335541"
"A420770","기가비스","2.11837675"
"A424760","벨로크","0.092649786"
"A424870","이뮨온시아",""
"A424960","스마트레이더시스템","2.77240538"
"A424980","마이크로투나노","0.207892225"
"A425040","티이엠씨","1.37171598"
"A425420","티에프이","0.55800051"
"A429270","시지트로닉스","0.092725225"
"A430690","한싹","0.613900225"
"A431190","케이쓰리아이","0.471154535"
"A432430","와이랩","0.568501185"
"A432470","케이엔에스","0.5251317"
"A432720","퀄리타스반도체","0.93016364"
"A432980","엠에프씨",""
"A434480","모니터랩","0.51543639"
"A435570","에르코스",""
"A437730","삼현","2.84899552"
"A438700","버넥트","0.103344375"
"A439090","마녀공장","3.90320717"
"A439260","대한조선",""
"A439580","블루엠텍","3.57728579"
"A439960","코스모로보틱스",""
"A440110","파두","5.2043179"
"A440290","HB인베스트먼트","0.120578674"
"A440320","오픈놀","2.790946425"
"A441270","파인엠텍","1.97815873"
"A443060","HD현대마린솔루션","8.553791"
"A443250","레뷰코퍼레이션","0.98126504"
"A443670","에스피소프트","4.51119832"
"A444530","심플랫폼",""
"A445090","에이직랜드","6.06755075"
"A445180","퓨릿","0.515458515"
"A445680","큐리옥스바이오시스템즈","4.02609544"
"A446070","유니드비티플러스","0.542635075"
"A446540","메가터치","0.49562808"
"A446840","지슨","0"
"A448280","에코아이","0.44981099"
"A448710","코츠테크놀로지","1.40048931"
"A448900","한국피아이엠","0"
"A450080","에코프로머티","45.2550976"
"A450330","하스","0.5031198"
"A450520","인스웨이브","1.256834555"
"A450950","아스테라시스",""
"A451220","아이엠티","0.64893459"
"A451250","삐아","1.62995112"
"A451760","컨텍","1.13183841"
"A452160","제이엔비","0.41144535"
"A452190","한빛레이저","1.516063435"
"A452200","민테크","1.19157619"
"A452260","한화갤러리아","0.698024245"
"A452280","한선엔지니어링","1.79468975"
"A452300","캡스톤파트너스","0.59909051"
"A452400","이닉스","0.57993905"
"A452430","사피엔반도체","0.57253583"
"A452450","피아이이",""
"A453340","현대그린푸드","1.17953395"
"A453450","그리드위즈","1.7586455"
"A453860","에이에스텍","0.56824332"
"A454910","두산로보틱스","83.1081359"
"A455180","케이지에이",""
"A455900","엔젤로보틱스","6.76220385"
"A456010","아이씨티케이","1.117782725"
"A456040","OCI","1.4742965"
"A456070","이엔셀","7.48119308"
"A456160","지투지바이오",""
"A457190","이수스페셜티케미컬","9.53413405"
"A457370","한켐","4.5322503"
"A457550","우진엔텍","4.30455724"
"A457600","벡트",""
"A458350","에스팀",""
"A458650","성우","3.30706111"
"A458870","씨어스","0.60773227"
"A459100","위츠","80.90380503"
"A459510","나우로보틱스",""
"A459550","알트",""
"A460470","아이빔테크놀로지","3.632141045"
"A460850","동국씨엠","0.57944944"
"A460860","동국제강","1.5158448"
"A460870","에스엠씨지",""
"A460930","현대힘스","4.11640479"
"A460940","피앤에스로보틱스","0.4668102"
"A461030","아이엠비디엑스","2.18739195"
"A461300","아이스크림미디어","1.4194209"
"A462310","뉴키즈온",""
"A462350","이노스페이스","2.33946247"
"A462510","라메디텍","1.14582769"
"A462520","조선내화","0.40236204"
"A462860","더즌",""
"A462870","시프트업","6.0073748"
"A462980","아이지넷",""
"A463020","뉴엔AI",""
"A463480","모티브링크",""
"A464080","에스오에스랩","14.69502777"
"A464280","티디에스팜","3.82923641"
"A464490","쿼드메디슨",""
"A464500","아이언디바이스","2.2044846"
"A464580","닷밀","1.08312055"
"A465480","인스피언","2.1846654"
"A465770","STX그린로지스","0.72925038"
"A466100","클로봇","6.76619454"
"A466410","사이냅소프트","5.70015567"
"A468530","프로티나",""
"A469610","이노테크",""
"A469750","아이비젼웍스","0.461747191"
"A471820","셀로맥스사이언스",""
"A472850","폰드그룹","0.81651721"
"A473980","노머스","1.63681094"
"A474170","루미르","4.03754877"
"A474610","RF시스템즈","1.922874565"
"A474650","링크솔루션",""
"A475150","SK이터닉스","4.58535606"
"A475230","엔알비",""
"A475400","씨메스로보틱스","8.67257759"
"A475430","키스트론",""
"A475460","미트박스",""
"A475560","더본코리아","6.922098"
"A475580","에이럭스","17.10540676"
"A475660","에스켐","0.76301594"
"A475830","오름테라퓨틱",""
"A475960","토모큐브","12.91974717"
"A476040","오가노이드사이언스",""
"A476060","온코닉테라퓨틱스",""
"A476080","M83","7.93171039"
"A476830","알지노믹스",""
"A477850","마키나락스",""
"A478340","나라스페이스테크놀로지",""
"A478560","블랙야크아이앤씨",""
"A479960","위너스일렉",""
"A480370","씨케이솔루션",""
"A481070","에이유브랜즈",""
"A482630","삼양엔씨켐",""
"A483650","달바글로벌",""
"A484120","도우인시스",""
"A484590","삼양컴텍",""
"A484810","티엑스알로보틱스",""
"A484870","엠앤씨솔루션",""
"A486990","노타",""
"A487570","HS효성","0.67458265"
"A487580","폴레드",""
"A488280","에스투더블유",""
"A488900","비츠로넥스텍",""
"A489460","바이오비쥬",""
"A489500","엘케이켐",""
"A489790","한화비전","41.9539983"
"A490470","세미파이브",""
"A491000","리브스메드",""
"A493280","아이엠바이오로직스",""
"A493330","지에프아이",""
"A494120","큐리오시스",""
"A499790","GS피앤엘",""
"A900070","글로벌에스엠","0.036230055"
"A900100","파이온엑스","0.156500379"
"A900110","딥커머스","0.52140906"
"A900120","씨엑스아이","0.233909393"
"A900140","엘브이엠씨홀딩스","1.79258406"
"A900250","크리스탈신소재","0.629342822"
"A900260","로스웰","0.135155264"
"A900270","헝셩그룹","5.293630022"
"A900290","GRT","0.21071347"
"A900300","오가닉티코스메틱","0.395653223"
"A900310","컬러레이","0.044122673"
"A900340","윙입푸드","1.444817348"
"A950130","엑세스바이오","1.32354473"
"A950140","잉글우드랩","1.62837274"
"A950160","코오롱티슈진","15.76027095"
"A950170","JTC","0.36176608"
"A950190","고스트스튜디오","0.5627862"
"A950200","소마젠","0.251670975"
"A950210","프레스티지바이오파마","2.66588418"
"A950220","네오이뮨텍","2.664895946"
"A950250","테라뷰",""
