sample,universe,factor_a,factor_b,corr
FULL,K200,MOM1M,MOM12_1,0.2532157745311154
FULL,K200,MOM1M,OP12_REV,0.2896812652325988
FULL,K200,MOM1M,OPFY1_REV,0.3076052978822627
FULL,K200,MOM1M,PBR12MF,-0.1051040189054925
FULL,K200,MOM1M,PER12MF,-0.042953044467133106
FULL,K200,MOM1M,PRIVATE_FLOW,0.4524459184603954
FULL,K200,MOM1M,FOREIGN_FLOW,0.18228705691954056
FULL,K200,MOM12_1,OP12_REV,0.503758141126129
FULL,K200,MOM12_1,OPFY1_REV,0.43030479397295546
FULL,K200,MOM12_1,PBR12MF,-0.42054568336427633
FULL,K200,MOM12_1,PER12MF,-0.26028156924693124
FULL,K200,MOM12_1,PRIVATE_FLOW,-0.07602711003589632
FULL,K200,MOM12_1,FOREIGN_FLOW,0.16486958287911999
FULL,K200,OP12_REV,OPFY1_REV,0.6951304122183255
FULL,K200,OP12_REV,PBR12MF,-0.33798847680466815
FULL,K200,OP12_REV,PER12MF,-0.2653166558965408
FULL,K200,OP12_REV,PRIVATE_FLOW,0.05616015181267432
FULL,K200,OP12_REV,FOREIGN_FLOW,0.19300314171222346
FULL,K200,OPFY1_REV,PBR12MF,-0.22461838879476037
FULL,K200,OPFY1_REV,PER12MF,-0.06736474021435673
FULL,K200,OPFY1_REV,PRIVATE_FLOW,-0.0013484594603683695
FULL,K200,OPFY1_REV,FOREIGN_FLOW,0.2606557761005598
FULL,K200,PBR12MF,PER12MF,0.8558101405589849
FULL,K200,PBR12MF,PRIVATE_FLOW,0.0880346574831081
FULL,K200,PBR12MF,FOREIGN_FLOW,-0.09063068181060581
FULL,K200,PER12MF,PRIVATE_FLOW,0.06945998873296962
FULL,K200,PER12MF,FOREIGN_FLOW,-0.036001881884572
FULL,K200,PRIVATE_FLOW,FOREIGN_FLOW,-0.04354797392259166
2016_2019,K200,MOM1M,MOM12_1,0.19184448227828255
2016_2019,K200,MOM1M,OP12_REV,0.3692468587244238
2016_2019,K200,MOM1M,OPFY1_REV,0.29288351823639325
2016_2019,K200,MOM1M,PBR12MF,-0.08289528062356102
2016_2019,K200,MOM1M,PER12MF,-0.0591020309089525
2016_2019,K200,MOM1M,PRIVATE_FLOW,0.24519829162046197
2016_2019,K200,MOM1M,FOREIGN_FLOW,0.2690488007127494
2016_2019,K200,MOM12_1,OP12_REV,0.48260817392461425
2016_2019,K200,MOM12_1,OPFY1_REV,0.31430654527052054
2016_2019,K200,MOM12_1,PBR12MF,-0.38759496181358843
2016_2019,K200,MOM12_1,PER12MF,-0.28751923344576297
2016_2019,K200,MOM12_1,PRIVATE_FLOW,-0.2174819517957667
2016_2019,K200,MOM12_1,FOREIGN_FLOW,0.2166715718184319
2016_2019,K200,OP12_REV,OPFY1_REV,0.6247325402578086
2016_2019,K200,OP12_REV,PBR12MF,-0.21527716749956444
2016_2019,K200,OP12_REV,PER12MF,-0.16357627281431458
2016_2019,K200,OP12_REV,PRIVATE_FLOW,-0.07959813569034749
2016_2019,K200,OP12_REV,FOREIGN_FLOW,0.2886451023576916
2016_2019,K200,OPFY1_REV,PBR12MF,-0.03354195476464699
2016_2019,K200,OPFY1_REV,PER12MF,0.0695092796928069
2016_2019,K200,OPFY1_REV,PRIVATE_FLOW,-0.1435295205126732
2016_2019,K200,OPFY1_REV,FOREIGN_FLOW,0.11061587463674616
2016_2019,K200,PBR12MF,PER12MF,0.8544107463202864
2016_2019,K200,PBR12MF,PRIVATE_FLOW,0.12957880948487638
2016_2019,K200,PBR12MF,FOREIGN_FLOW,-0.18638183980702946
2016_2019,K200,PER12MF,PRIVATE_FLOW,0.12242294383857612
2016_2019,K200,PER12MF,FOREIGN_FLOW,-0.1924195083216551
2016_2019,K200,PRIVATE_FLOW,FOREIGN_FLOW,-0.010790685425308614
2020_2022,K200,MOM1M,MOM12_1,0.23536752211202808
2020_2022,K200,MOM1M,OP12_REV,0.38777611921155986
2020_2022,K200,MOM1M,OPFY1_REV,0.3690155357551541
2020_2022,K200,MOM1M,PBR12MF,-0.15556217593906094
2020_2022,K200,MOM1M,PER12MF,-0.13441297667888055
2020_2022,K200,MOM1M,PRIVATE_FLOW,0.5508238527114715
2020_2022,K200,MOM1M,FOREIGN_FLOW,0.20851735767020763
2020_2022,K200,MOM12_1,OP12_REV,0.4740133808467927
2020_2022,K200,MOM12_1,OPFY1_REV,0.482891468588918
2020_2022,K200,MOM12_1,PBR12MF,-0.488106364196294
2020_2022,K200,MOM12_1,PER12MF,-0.33051316780718504
2020_2022,K200,MOM12_1,PRIVATE_FLOW,0.0037131126515654567
2020_2022,K200,MOM12_1,FOREIGN_FLOW,0.31016310140834397
2020_2022,K200,OP12_REV,OPFY1_REV,0.7401717126991384
2020_2022,K200,OP12_REV,PBR12MF,-0.1741503940281026
2020_2022,K200,OP12_REV,PER12MF,-0.1740179269268225
2020_2022,K200,OP12_REV,PRIVATE_FLOW,0.16798015891338786
2020_2022,K200,OP12_REV,FOREIGN_FLOW,0.16824595144080953
2020_2022,K200,OPFY1_REV,PBR12MF,-0.23356626634769384
2020_2022,K200,OPFY1_REV,PER12MF,-0.1001535183912863
2020_2022,K200,OPFY1_REV,PRIVATE_FLOW,0.09198762330372491
2020_2022,K200,OPFY1_REV,FOREIGN_FLOW,0.29555250819241574
2020_2022,K200,PBR12MF,PER12MF,0.8706068343040183
2020_2022,K200,PBR12MF,PRIVATE_FLOW,0.03108073361985815
2020_2022,K200,PBR12MF,FOREIGN_FLOW,-0.13091407126557186
2020_2022,K200,PER12MF,PRIVATE_FLOW,-0.01060341533407733
2020_2022,K200,PER12MF,FOREIGN_FLOW,-0.024997753148521484
2020_2022,K200,PRIVATE_FLOW,FOREIGN_FLOW,-0.01221085816069763
2023_2024,K200,MOM1M,MOM12_1,0.318843466248965
2023_2024,K200,MOM1M,OP12_REV,0.21494887639967325
2023_2024,K200,MOM1M,OPFY1_REV,0.29939313560000497
2023_2024,K200,MOM1M,PBR12MF,0.00918572058513481
2023_2024,K200,MOM1M,PER12MF,0.07811653210751815
2023_2024,K200,MOM1M,PRIVATE_FLOW,0.4139266882770226
2023_2024,K200,MOM1M,FOREIGN_FLOW,0.24180460401389448
2023_2024,K200,MOM12_1,OP12_REV,0.4933439203488419
2023_2024,K200,MOM12_1,OPFY1_REV,0.5679209937662394
2023_2024,K200,MOM12_1,PBR12MF,-0.16132268098217464
2023_2024,K200,MOM12_1,PER12MF,0.07114077177189491
2023_2024,K200,MOM12_1,PRIVATE_FLOW,-0.07745666318907693
2023_2024,K200,MOM12_1,FOREIGN_FLOW,0.21801550653448828
2023_2024,K200,OP12_REV,OPFY1_REV,0.7706540497938084
2023_2024,K200,OP12_REV,PBR12MF,-0.42365546683899497
2023_2024,K200,OP12_REV,PER12MF,-0.2261210096083144
2023_2024,K200,OP12_REV,PRIVATE_FLOW,0.063481245228631
2023_2024,K200,OP12_REV,FOREIGN_FLOW,0.28774641516029864
2023_2024,K200,OPFY1_REV,PBR12MF,-0.2829350951455989
2023_2024,K200,OPFY1_REV,PER12MF,-0.029077196456543497
2023_2024,K200,OPFY1_REV,PRIVATE_FLOW,0.006638626157730338
2023_2024,K200,OPFY1_REV,FOREIGN_FLOW,0.41087031602157975
2023_2024,K200,PBR12MF,PER12MF,0.8409685080755886
2023_2024,K200,PBR12MF,PRIVATE_FLOW,0.1908460942442684
2023_2024,K200,PBR12MF,FOREIGN_FLOW,-0.1565117337488108
2023_2024,K200,PER12MF,PRIVATE_FLOW,0.24010617372919188
2023_2024,K200,PER12MF,FOREIGN_FLOW,0.020111058928623506
2023_2024,K200,PRIVATE_FLOW,FOREIGN_FLOW,-0.028522044403153597
2025,K200,MOM1M,MOM12_1,0.5369547108487938
2025,K200,MOM1M,OP12_REV,0.25399709057391945
2025,K200,MOM1M,OPFY1_REV,0.45362552371082243
2025,K200,MOM1M,PBR12MF,-0.23690949633453115
2025,K200,MOM1M,PER12MF,-0.1375063839069261
2025,K200,MOM1M,PRIVATE_FLOW,0.4035287086822404
2025,K200,MOM1M,FOREIGN_FLOW,0.31613518231698506
2025,K200,MOM12_1,OP12_REV,0.2963264293173922
2025,K200,MOM12_1,OPFY1_REV,0.44569063131335745
2025,K200,MOM12_1,PBR12MF,-0.3459243082570731
2025,K200,MOM12_1,PER12MF,-0.1389909496746323
2025,K200,MOM12_1,PRIVATE_FLOW,0.06797991269379339
2025,K200,MOM12_1,FOREIGN_FLOW,0.37250580406524636
2025,K200,OP12_REV,OPFY1_REV,0.6363465601208077
2025,K200,OP12_REV,PBR12MF,-0.40129055326994945
2025,K200,OP12_REV,PER12MF,-0.3669067282403233
2025,K200,OP12_REV,PRIVATE_FLOW,0.1071192617076215
2025,K200,OP12_REV,FOREIGN_FLOW,0.28854226227111757
2025,K200,OPFY1_REV,PBR12MF,-0.25561440645881894
2025,K200,OPFY1_REV,PER12MF,-0.15577065513236688
2025,K200,OPFY1_REV,PRIVATE_FLOW,0.06732256011645668
2025,K200,OPFY1_REV,FOREIGN_FLOW,0.2685372551182957
2025,K200,PBR12MF,PER12MF,0.8465404590174854
2025,K200,PBR12MF,PRIVATE_FLOW,0.1843839768273623
2025,K200,PBR12MF,FOREIGN_FLOW,-0.15649492949351054
2025,K200,PER12MF,PRIVATE_FLOW,0.18073034528826354
2025,K200,PER12MF,FOREIGN_FLOW,-0.04262941064895452
2025,K200,PRIVATE_FLOW,FOREIGN_FLOW,-0.016580999261707256
2026,K200,MOM1M,MOM12_1,0.066674897734037
2026,K200,MOM1M,OP12_REV,0.1351020607964468
2026,K200,MOM1M,OPFY1_REV,0.01325521190240499
2026,K200,MOM1M,PBR12MF,-0.09138581826105259
2026,K200,MOM1M,PER12MF,0.01887944651914289
2026,K200,MOM1M,PRIVATE_FLOW,0.5658769724943327
2026,K200,MOM1M,FOREIGN_FLOW,-0.11742024956071662
2026,K200,MOM12_1,OP12_REV,0.7032452374501623
2026,K200,MOM12_1,OPFY1_REV,0.3479627873888522
2026,K200,MOM12_1,PBR12MF,-0.6629256855347366
2026,K200,MOM12_1,PER12MF,-0.5638238211466566
2026,K200,MOM12_1,PRIVATE_FLOW,-0.21086555668481138
2026,K200,MOM12_1,FOREIGN_FLOW,-0.30137758904388784
2026,K200,OP12_REV,OPFY1_REV,0.6889745781825568
2026,K200,OP12_REV,PBR12MF,-0.7183130969296602
2026,K200,OP12_REV,PER12MF,-0.6029263036342123
2026,K200,OP12_REV,PRIVATE_FLOW,-0.01895232760260767
2026,K200,OP12_REV,FOREIGN_FLOW,-0.0724123753083304
2026,K200,OPFY1_REV,PBR12MF,-0.4654202662735924
2026,K200,OPFY1_REV,PER12MF,-0.2896206561998113
2026,K200,OPFY1_REV,PRIVATE_FLOW,-0.1629595773103897
2026,K200,OPFY1_REV,FOREIGN_FLOW,0.2232533079322893
2026,K200,PBR12MF,PER12MF,0.8741411546807172
2026,K200,PBR12MF,PRIVATE_FLOW,-0.07790513246431999
2026,K200,PBR12MF,FOREIGN_FLOW,0.3288233257574451
2026,K200,PER12MF,PRIVATE_FLOW,-0.2130186199398623
2026,K200,PER12MF,FOREIGN_FLOW,0.18932105105439656
2026,K200,PRIVATE_FLOW,FOREIGN_FLOW,-0.15484021664870504
FULL,KOSDAQ,MOM1M,MOM12_1,0.09059239141245917
FULL,KOSDAQ,MOM1M,OP12_REV,0.1146729946727801
FULL,KOSDAQ,MOM1M,OPFY1_REV,0.1742368946845159
FULL,KOSDAQ,MOM1M,PBR12MF,-0.09404973094544798
FULL,KOSDAQ,MOM1M,PER12MF,-0.00551387479378512
FULL,KOSDAQ,MOM1M,PRIVATE_FLOW,0.16762897211958838
FULL,KOSDAQ,MOM1M,FOREIGN_FLOW,0.10193501057442152
FULL,KOSDAQ,MOM12_1,OP12_REV,0.23285037596044925
FULL,KOSDAQ,MOM12_1,OPFY1_REV,0.22598286760676514
FULL,KOSDAQ,MOM12_1,PBR12MF,-0.3817120720836059
FULL,KOSDAQ,MOM12_1,PER12MF,-0.19154854455708584
FULL,KOSDAQ,MOM12_1,PRIVATE_FLOW,-0.09081571406589961
FULL,KOSDAQ,MOM12_1,FOREIGN_FLOW,0.05968058941878727
FULL,KOSDAQ,OP12_REV,OPFY1_REV,0.5282665507957613
FULL,KOSDAQ,OP12_REV,PBR12MF,-0.26289447500639
FULL,KOSDAQ,OP12_REV,PER12MF,-0.2207078870617533
FULL,KOSDAQ,OP12_REV,PRIVATE_FLOW,-0.04529106757730547
FULL,KOSDAQ,OP12_REV,FOREIGN_FLOW,0.1801603403985657
FULL,KOSDAQ,OPFY1_REV,PBR12MF,-0.0566166986380021
FULL,KOSDAQ,OPFY1_REV,PER12MF,0.04358909795307167
FULL,KOSDAQ,OPFY1_REV,PRIVATE_FLOW,0.036459048121826765
FULL,KOSDAQ,OPFY1_REV,FOREIGN_FLOW,0.19324712387063667
FULL,KOSDAQ,PBR12MF,PER12MF,0.6769281274881578
FULL,KOSDAQ,PBR12MF,PRIVATE_FLOW,0.17636580976807
FULL,KOSDAQ,PBR12MF,FOREIGN_FLOW,0.025956735621301196
FULL,KOSDAQ,PER12MF,PRIVATE_FLOW,0.22149333643104963
FULL,KOSDAQ,PER12MF,FOREIGN_FLOW,0.009224772789915087
FULL,KOSDAQ,PRIVATE_FLOW,FOREIGN_FLOW,-0.06324350742789085
2016_2019,KOSDAQ,MOM1M,MOM12_1,0.06693705349391992
2016_2019,KOSDAQ,MOM1M,OP12_REV,0.1803660416758053
2016_2019,KOSDAQ,MOM1M,OPFY1_REV,0.13657429178029615
2016_2019,KOSDAQ,MOM1M,PBR12MF,-0.04995970248885543
2016_2019,KOSDAQ,MOM1M,PER12MF,0.0692813992171978
2016_2019,KOSDAQ,MOM1M,PRIVATE_FLOW,0.2491491094879181
2016_2019,KOSDAQ,MOM1M,FOREIGN_FLOW,0.07831503916921156
2016_2019,KOSDAQ,MOM12_1,OP12_REV,0.35700775084161324
2016_2019,KOSDAQ,MOM12_1,OPFY1_REV,0.26383664084244324
2016_2019,KOSDAQ,MOM12_1,PBR12MF,-0.2847178428191676
2016_2019,KOSDAQ,MOM12_1,PER12MF,-0.06340346234031226
2016_2019,KOSDAQ,MOM12_1,PRIVATE_FLOW,-0.10354254036220839
2016_2019,KOSDAQ,MOM12_1,FOREIGN_FLOW,0.0901740207671857
2016_2019,KOSDAQ,OP12_REV,OPFY1_REV,0.6855918036497382
2016_2019,KOSDAQ,OP12_REV,PBR12MF,-0.18819940975284866
2016_2019,KOSDAQ,OP12_REV,PER12MF,-0.05104876905478395
2016_2019,KOSDAQ,OP12_REV,PRIVATE_FLOW,0.039200803928582696
2016_2019,KOSDAQ,OP12_REV,FOREIGN_FLOW,0.28487529462290595
2016_2019,KOSDAQ,OPFY1_REV,PBR12MF,-0.07206486534974016
2016_2019,KOSDAQ,OPFY1_REV,PER12MF,0.06974518320596175
2016_2019,KOSDAQ,OPFY1_REV,PRIVATE_FLOW,0.08132354314074927
2016_2019,KOSDAQ,OPFY1_REV,FOREIGN_FLOW,0.2258123582817747
2016_2019,KOSDAQ,PBR12MF,PER12MF,0.5379330571116839
2016_2019,KOSDAQ,PBR12MF,PRIVATE_FLOW,0.024651042307429115
2016_2019,KOSDAQ,PBR12MF,FOREIGN_FLOW,0.03332914558045544
2016_2019,KOSDAQ,PER12MF,PRIVATE_FLOW,0.1647289527887999
2016_2019,KOSDAQ,PER12MF,FOREIGN_FLOW,-0.011009919940528601
2016_2019,KOSDAQ,PRIVATE_FLOW,FOREIGN_FLOW,0.03573589168660792
2020_2022,KOSDAQ,MOM1M,MOM12_1,-0.03190135972039376
2020_2022,KOSDAQ,MOM1M,OP12_REV,0.016331560061952098
2020_2022,KOSDAQ,MOM1M,OPFY1_REV,0.1125095618899628
2020_2022,KOSDAQ,MOM1M,PBR12MF,-0.18882326496570018
2020_2022,KOSDAQ,MOM1M,PER12MF,-0.10839269897443184
2020_2022,KOSDAQ,MOM1M,PRIVATE_FLOW,0.04414262022350132
2020_2022,KOSDAQ,MOM1M,FOREIGN_FLOW,0.24442294302760906
2020_2022,KOSDAQ,MOM12_1,OP12_REV,-0.013521445995939322
2020_2022,KOSDAQ,MOM12_1,OPFY1_REV,0.13786047930120757
2020_2022,KOSDAQ,MOM12_1,PBR12MF,-0.317618598141528
2020_2022,KOSDAQ,MOM12_1,PER12MF,-0.13608497831563401
2020_2022,KOSDAQ,MOM12_1,PRIVATE_FLOW,0.10323315988933607
2020_2022,KOSDAQ,MOM12_1,FOREIGN_FLOW,-0.030904184754331595
2020_2022,KOSDAQ,OP12_REV,OPFY1_REV,0.5166840194352382
2020_2022,KOSDAQ,OP12_REV,PBR12MF,-0.16840345730967066
2020_2022,KOSDAQ,OP12_REV,PER12MF,-0.21214552220487182
2020_2022,KOSDAQ,OP12_REV,PRIVATE_FLOW,-0.18088887630254194
2020_2022,KOSDAQ,OP12_REV,FOREIGN_FLOW,0.14814873944175258
2020_2022,KOSDAQ,OPFY1_REV,PBR12MF,-0.15458201968193339
2020_2022,KOSDAQ,OPFY1_REV,PER12MF,-0.031239644526158655
2020_2022,KOSDAQ,OPFY1_REV,PRIVATE_FLOW,-0.1248663535923189
2020_2022,KOSDAQ,OPFY1_REV,FOREIGN_FLOW,0.08410550660237491
2020_2022,KOSDAQ,PBR12MF,PER12MF,0.6714397809763399
2020_2022,KOSDAQ,PBR12MF,PRIVATE_FLOW,0.3567096954477209
2020_2022,KOSDAQ,PBR12MF,FOREIGN_FLOW,-0.04370935110101899
2020_2022,KOSDAQ,PER12MF,PRIVATE_FLOW,0.3233459128375347
2020_2022,KOSDAQ,PER12MF,FOREIGN_FLOW,-0.10201276962487474
2020_2022,KOSDAQ,PRIVATE_FLOW,FOREIGN_FLOW,-0.11679456616675148
2023_2024,KOSDAQ,MOM1M,MOM12_1,0.16324605651551605
2023_2024,KOSDAQ,MOM1M,OP12_REV,-0.01759028179769543
2023_2024,KOSDAQ,MOM1M,OPFY1_REV,0.18910511929150994
2023_2024,KOSDAQ,MOM1M,PBR12MF,-0.16978199096703062
2023_2024,KOSDAQ,MOM1M,PER12MF,-0.10815685597679552
2023_2024,KOSDAQ,MOM1M,PRIVATE_FLOW,0.15230199199823585
2023_2024,KOSDAQ,MOM1M,FOREIGN_FLOW,-0.05047265492408007
2023_2024,KOSDAQ,MOM12_1,OP12_REV,0.1573879357517504
2023_2024,KOSDAQ,MOM12_1,OPFY1_REV,0.13925360041057666
2023_2024,KOSDAQ,MOM12_1,PBR12MF,-0.6133308883992944
2023_2024,KOSDAQ,MOM12_1,PER12MF,-0.4703354359028214
2023_2024,KOSDAQ,MOM12_1,PRIVATE_FLOW,-0.2869718650638885
2023_2024,KOSDAQ,MOM12_1,FOREIGN_FLOW,0.002949663838585447
2023_2024,KOSDAQ,OP12_REV,OPFY1_REV,0.2492932700466135
2023_2024,KOSDAQ,OP12_REV,PBR12MF,-0.32070439450507693
2023_2024,KOSDAQ,OP12_REV,PER12MF,-0.3009888655652409
2023_2024,KOSDAQ,OP12_REV,PRIVATE_FLOW,0.04485483150861835
2023_2024,KOSDAQ,OP12_REV,FOREIGN_FLOW,0.058122677399652246
2023_2024,KOSDAQ,OPFY1_REV,PBR12MF,0.07206695085508007
2023_2024,KOSDAQ,OPFY1_REV,PER12MF,0.13745309338014222
2023_2024,KOSDAQ,OPFY1_REV,PRIVATE_FLOW,0.15807750273746546
2023_2024,KOSDAQ,OPFY1_REV,FOREIGN_FLOW,0.1516261588373346
2023_2024,KOSDAQ,PBR12MF,PER12MF,0.7924291431133966
2023_2024,KOSDAQ,PBR12MF,PRIVATE_FLOW,0.25493166920828647
2023_2024,KOSDAQ,PBR12MF,FOREIGN_FLOW,0.03518804455619653
2023_2024,KOSDAQ,PER12MF,PRIVATE_FLOW,0.2804087073458544
2023_2024,KOSDAQ,PER12MF,FOREIGN_FLOW,0.10117197502310392
2023_2024,KOSDAQ,PRIVATE_FLOW,FOREIGN_FLOW,-0.11704531139210649
2025,KOSDAQ,MOM1M,MOM12_1,0.25294469803992703
2025,KOSDAQ,MOM1M,OP12_REV,0.11933295663550504
2025,KOSDAQ,MOM1M,OPFY1_REV,0.26034377939614467
2025,KOSDAQ,MOM1M,PBR12MF,-0.15145497138000846
2025,KOSDAQ,MOM1M,PER12MF,-0.05454891420252859
2025,KOSDAQ,MOM1M,PRIVATE_FLOW,0.12789733360874045
2025,KOSDAQ,MOM1M,FOREIGN_FLOW,0.06125557994026654
2025,KOSDAQ,MOM12_1,OP12_REV,0.011256103188189709
2025,KOSDAQ,MOM12_1,OPFY1_REV,0.23939391493597395
2025,KOSDAQ,MOM12_1,PBR12MF,-0.14037728025550766
2025,KOSDAQ,MOM12_1,PER12MF,0.09284701152222423
2025,KOSDAQ,MOM12_1,PRIVATE_FLOW,-0.24411008668438197
2025,KOSDAQ,MOM12_1,FOREIGN_FLOW,0.34487923248309127
2025,KOSDAQ,OP12_REV,OPFY1_REV,0.36687277828182463
2025,KOSDAQ,OP12_REV,PBR12MF,-0.30184519116489644
2025,KOSDAQ,OP12_REV,PER12MF,-0.36571322136227613
2025,KOSDAQ,OP12_REV,PRIVATE_FLOW,-0.09411821690103195
2025,KOSDAQ,OP12_REV,FOREIGN_FLOW,0.34146301299570886
2025,KOSDAQ,OPFY1_REV,PBR12MF,0.1586605403772461
2025,KOSDAQ,OPFY1_REV,PER12MF,0.21450463720956556
2025,KOSDAQ,OPFY1_REV,PRIVATE_FLOW,-0.17457836335650495
2025,KOSDAQ,OPFY1_REV,FOREIGN_FLOW,0.48100780236462837
2025,KOSDAQ,PBR12MF,PER12MF,0.7313254698815025
2025,KOSDAQ,PBR12MF,PRIVATE_FLOW,-0.0009520633452271201
2025,KOSDAQ,PBR12MF,FOREIGN_FLOW,-0.08154760974560754
2025,KOSDAQ,PER12MF,PRIVATE_FLOW,0.02098084891556898
2025,KOSDAQ,PER12MF,FOREIGN_FLOW,-0.12711488778505187
2025,KOSDAQ,PRIVATE_FLOW,FOREIGN_FLOW,-0.15073284210107912
2026,KOSDAQ,MOM1M,MOM12_1,0.18545607949385134
2026,KOSDAQ,MOM1M,OP12_REV,0.3785757848619224
2026,KOSDAQ,MOM1M,OPFY1_REV,0.3379525517123473
2026,KOSDAQ,MOM1M,PBR12MF,0.18606753177123708
2026,KOSDAQ,MOM1M,PER12MF,0.264163133582783
2026,KOSDAQ,MOM1M,PRIVATE_FLOW,0.23784473153680655
2026,KOSDAQ,MOM1M,FOREIGN_FLOW,0.13915531459051708
2026,KOSDAQ,MOM12_1,OP12_REV,0.6112686636859707
2026,KOSDAQ,MOM12_1,OPFY1_REV,0.4217468308454548
2026,KOSDAQ,MOM12_1,PBR12MF,-0.6642792311586168
2026,KOSDAQ,MOM12_1,PER12MF,-0.5059736186816878
2026,KOSDAQ,MOM12_1,PRIVATE_FLOW,0.02260980393661129
2026,KOSDAQ,MOM12_1,FOREIGN_FLOW,-0.15663078425597746
2026,KOSDAQ,OP12_REV,OPFY1_REV,0.6394807612890134
2026,KOSDAQ,OP12_REV,PBR12MF,-0.564031704956973
2026,KOSDAQ,OP12_REV,PER12MF,-0.5063571694951832
2026,KOSDAQ,OP12_REV,PRIVATE_FLOW,-0.07205905628704175
2026,KOSDAQ,OP12_REV,FOREIGN_FLOW,-0.005819303842754118
2026,KOSDAQ,OPFY1_REV,PBR12MF,-0.30377191056356384
2026,KOSDAQ,OPFY1_REV,PER12MF,-0.23990611689993474
2026,KOSDAQ,OPFY1_REV,PRIVATE_FLOW,0.2163991556213236
2026,KOSDAQ,OPFY1_REV,FOREIGN_FLOW,0.0030281073212151777
2026,KOSDAQ,PBR12MF,PER12MF,0.860302080165438
2026,KOSDAQ,PBR12MF,PRIVATE_FLOW,0.08883394039379913
2026,KOSDAQ,PBR12MF,FOREIGN_FLOW,0.35855926641767666
2026,KOSDAQ,PER12MF,PRIVATE_FLOW,0.19675387583541165
2026,KOSDAQ,PER12MF,FOREIGN_FLOW,0.3022710666321331
2026,KOSDAQ,PRIVATE_FLOW,FOREIGN_FLOW,-0.07887863404369143
FULL,KOSDAQ_PLUS_KOSPI_EX_K200,MOM1M,MOM12_1,0.0963906437024311
FULL,KOSDAQ_PLUS_KOSPI_EX_K200,MOM1M,OP12_REV,0.10262049315277297
FULL,KOSDAQ_PLUS_KOSPI_EX_K200,MOM1M,OPFY1_REV,0.2007340473416821
FULL,KOSDAQ_PLUS_KOSPI_EX_K200,MOM1M,PBR12MF,-0.011471682004245162
FULL,KOSDAQ_PLUS_KOSPI_EX_K200,MOM1M,PER12MF,0.04913261866180906
FULL,KOSDAQ_PLUS_KOSPI_EX_K200,MOM1M,PRIVATE_FLOW,0.21472517314230763
FULL,KOSDAQ_PLUS_KOSPI_EX_K200,MOM1M,FOREIGN_FLOW,0.10345860696708518
FULL,KOSDAQ_PLUS_KOSPI_EX_K200,MOM12_1,OP12_REV,0.3769942394022869
FULL,KOSDAQ_PLUS_KOSPI_EX_K200,MOM12_1,OPFY1_REV,0.2095169195030587
FULL,KOSDAQ_PLUS_KOSPI_EX_K200,MOM12_1,PBR12MF,-0.4870543721581637
FULL,KOSDAQ_PLUS_KOSPI_EX_K200,MOM12_1,PER12MF,-0.38474620000062915
FULL,KOSDAQ_PLUS_KOSPI_EX_K200,MOM12_1,PRIVATE_FLOW,-0.11706282623499029
FULL,KOSDAQ_PLUS_KOSPI_EX_K200,MOM12_1,FOREIGN_FLOW,0.060548695202952675
FULL,KOSDAQ_PLUS_KOSPI_EX_K200,OP12_REV,OPFY1_REV,0.5419807263802243
FULL,KOSDAQ_PLUS_KOSPI_EX_K200,OP12_REV,PBR12MF,-0.31848732281506725
FULL,KOSDAQ_PLUS_KOSPI_EX_K200,OP12_REV,PER12MF,-0.3017028170007947
FULL,KOSDAQ_PLUS_KOSPI_EX_K200,OP12_REV,PRIVATE_FLOW,-0.04214862803754751
FULL,KOSDAQ_PLUS_KOSPI_EX_K200,OP12_REV,FOREIGN_FLOW,0.15906024842027844
FULL,KOSDAQ_PLUS_KOSPI_EX_K200,OPFY1_REV,PBR12MF,-0.07124646459324468
FULL,KOSDAQ_PLUS_KOSPI_EX_K200,OPFY1_REV,PER12MF,-0.012710254801806499
FULL,KOSDAQ_PLUS_KOSPI_EX_K200,OPFY1_REV,PRIVATE_FLOW,0.07310563907931747
FULL,KOSDAQ_PLUS_KOSPI_EX_K200,OPFY1_REV,FOREIGN_FLOW,0.17885300089761724
FULL,KOSDAQ_PLUS_KOSPI_EX_K200,PBR12MF,PER12MF,0.8521899897979197
FULL,KOSDAQ_PLUS_KOSPI_EX_K200,PBR12MF,PRIVATE_FLOW,0.23480009752066167
FULL,KOSDAQ_PLUS_KOSPI_EX_K200,PBR12MF,FOREIGN_FLOW,-0.009788507295526955
FULL,KOSDAQ_PLUS_KOSPI_EX_K200,PER12MF,PRIVATE_FLOW,0.24894077983022767
FULL,KOSDAQ_PLUS_KOSPI_EX_K200,PER12MF,FOREIGN_FLOW,-0.010018354236380932
FULL,KOSDAQ_PLUS_KOSPI_EX_K200,PRIVATE_FLOW,FOREIGN_FLOW,-0.03607826769132329
2016_2019,KOSDAQ_PLUS_KOSPI_EX_K200,MOM1M,MOM12_1,0.1019838407195788
2016_2019,KOSDAQ_PLUS_KOSPI_EX_K200,MOM1M,OP12_REV,0.2581582215957634
2016_2019,KOSDAQ_PLUS_KOSPI_EX_K200,MOM1M,OPFY1_REV,0.19055996407422046
2016_2019,KOSDAQ_PLUS_KOSPI_EX_K200,MOM1M,PBR12MF,0.0017244545622788778
2016_2019,KOSDAQ_PLUS_KOSPI_EX_K200,MOM1M,PER12MF,0.03707106185328485
2016_2019,KOSDAQ_PLUS_KOSPI_EX_K200,MOM1M,PRIVATE_FLOW,0.18478721236573104
2016_2019,KOSDAQ_PLUS_KOSPI_EX_K200,MOM1M,FOREIGN_FLOW,0.13431833432261284
2016_2019,KOSDAQ_PLUS_KOSPI_EX_K200,MOM12_1,OP12_REV,0.3716978320637574
2016_2019,KOSDAQ_PLUS_KOSPI_EX_K200,MOM12_1,OPFY1_REV,0.2296866267443137
2016_2019,KOSDAQ_PLUS_KOSPI_EX_K200,MOM12_1,PBR12MF,-0.36418733483903204
2016_2019,KOSDAQ_PLUS_KOSPI_EX_K200,MOM12_1,PER12MF,-0.19396870770104388
2016_2019,KOSDAQ_PLUS_KOSPI_EX_K200,MOM12_1,PRIVATE_FLOW,-0.03447815144179662
2016_2019,KOSDAQ_PLUS_KOSPI_EX_K200,MOM12_1,FOREIGN_FLOW,0.09003491153967634
2016_2019,KOSDAQ_PLUS_KOSPI_EX_K200,OP12_REV,OPFY1_REV,0.6989619921719887
2016_2019,KOSDAQ_PLUS_KOSPI_EX_K200,OP12_REV,PBR12MF,-0.16425713649757043
2016_2019,KOSDAQ_PLUS_KOSPI_EX_K200,OP12_REV,PER12MF,-0.04343669331507117
2016_2019,KOSDAQ_PLUS_KOSPI_EX_K200,OP12_REV,PRIVATE_FLOW,0.08680392740728031
2016_2019,KOSDAQ_PLUS_KOSPI_EX_K200,OP12_REV,FOREIGN_FLOW,0.25833807545304055
2016_2019,KOSDAQ_PLUS_KOSPI_EX_K200,OPFY1_REV,PBR12MF,0.005219407658756141
2016_2019,KOSDAQ_PLUS_KOSPI_EX_K200,OPFY1_REV,PER12MF,0.11867001301805552
2016_2019,KOSDAQ_PLUS_KOSPI_EX_K200,OPFY1_REV,PRIVATE_FLOW,0.048641977087795336
2016_2019,KOSDAQ_PLUS_KOSPI_EX_K200,OPFY1_REV,FOREIGN_FLOW,0.16179735889310276
2016_2019,KOSDAQ_PLUS_KOSPI_EX_K200,PBR12MF,PER12MF,0.7398618668164721
2016_2019,KOSDAQ_PLUS_KOSPI_EX_K200,PBR12MF,PRIVATE_FLOW,0.04229663696214086
2016_2019,KOSDAQ_PLUS_KOSPI_EX_K200,PBR12MF,FOREIGN_FLOW,-0.02796014298827065
2016_2019,KOSDAQ_PLUS_KOSPI_EX_K200,PER12MF,PRIVATE_FLOW,0.09209276647417411
2016_2019,KOSDAQ_PLUS_KOSPI_EX_K200,PER12MF,FOREIGN_FLOW,-0.08803467837820884
2016_2019,KOSDAQ_PLUS_KOSPI_EX_K200,PRIVATE_FLOW,FOREIGN_FLOW,-0.007600919883263221
2020_2022,KOSDAQ_PLUS_KOSPI_EX_K200,MOM1M,MOM12_1,0.07655343438215279
2020_2022,KOSDAQ_PLUS_KOSPI_EX_K200,MOM1M,OP12_REV,0.05008966540463516
2020_2022,KOSDAQ_PLUS_KOSPI_EX_K200,MOM1M,OPFY1_REV,0.15908250642904126
2020_2022,KOSDAQ_PLUS_KOSPI_EX_K200,MOM1M,PBR12MF,-0.06943470591350376
2020_2022,KOSDAQ_PLUS_KOSPI_EX_K200,MOM1M,PER12MF,-0.0015038268039049962
2020_2022,KOSDAQ_PLUS_KOSPI_EX_K200,MOM1M,PRIVATE_FLOW,0.13439242826995962
2020_2022,KOSDAQ_PLUS_KOSPI_EX_K200,MOM1M,FOREIGN_FLOW,0.04253395441789178
2020_2022,KOSDAQ_PLUS_KOSPI_EX_K200,MOM12_1,OP12_REV,0.26690594856196576
2020_2022,KOSDAQ_PLUS_KOSPI_EX_K200,MOM12_1,OPFY1_REV,0.1627316675173253
2020_2022,KOSDAQ_PLUS_KOSPI_EX_K200,MOM12_1,PBR12MF,-0.4978845651990315
2020_2022,KOSDAQ_PLUS_KOSPI_EX_K200,MOM12_1,PER12MF,-0.39355965945478094
2020_2022,KOSDAQ_PLUS_KOSPI_EX_K200,MOM12_1,PRIVATE_FLOW,-0.03520242085726529
2020_2022,KOSDAQ_PLUS_KOSPI_EX_K200,MOM12_1,FOREIGN_FLOW,-0.049060200651228986
2020_2022,KOSDAQ_PLUS_KOSPI_EX_K200,OP12_REV,OPFY1_REV,0.5639270128716216
2020_2022,KOSDAQ_PLUS_KOSPI_EX_K200,OP12_REV,PBR12MF,-0.27622389204541575
2020_2022,KOSDAQ_PLUS_KOSPI_EX_K200,OP12_REV,PER12MF,-0.3184588157312965
2020_2022,KOSDAQ_PLUS_KOSPI_EX_K200,OP12_REV,PRIVATE_FLOW,-0.00820855965636429
2020_2022,KOSDAQ_PLUS_KOSPI_EX_K200,OP12_REV,FOREIGN_FLOW,0.0883501419773038
2020_2022,KOSDAQ_PLUS_KOSPI_EX_K200,OPFY1_REV,PBR12MF,-0.14523522553684343
2020_2022,KOSDAQ_PLUS_KOSPI_EX_K200,OPFY1_REV,PER12MF,-0.14409096278645867
2020_2022,KOSDAQ_PLUS_KOSPI_EX_K200,OPFY1_REV,PRIVATE_FLOW,-0.020558304670494083
2020_2022,KOSDAQ_PLUS_KOSPI_EX_K200,OPFY1_REV,FOREIGN_FLOW,0.023820830168548177
2020_2022,KOSDAQ_PLUS_KOSPI_EX_K200,PBR12MF,PER12MF,0.8276638740607021
2020_2022,KOSDAQ_PLUS_KOSPI_EX_K200,PBR12MF,PRIVATE_FLOW,0.27105067315505005
2020_2022,KOSDAQ_PLUS_KOSPI_EX_K200,PBR12MF,FOREIGN_FLOW,-0.05970576406452836
2020_2022,KOSDAQ_PLUS_KOSPI_EX_K200,PER12MF,PRIVATE_FLOW,0.3056732057197941
2020_2022,KOSDAQ_PLUS_KOSPI_EX_K200,PER12MF,FOREIGN_FLOW,-0.08832223608562098
2020_2022,KOSDAQ_PLUS_KOSPI_EX_K200,PRIVATE_FLOW,FOREIGN_FLOW,-0.04364136911969461
2023_2024,KOSDAQ_PLUS_KOSPI_EX_K200,MOM1M,MOM12_1,0.15308887111605063
2023_2024,KOSDAQ_PLUS_KOSPI_EX_K200,MOM1M,OP12_REV,-0.021762200576816115
2023_2024,KOSDAQ_PLUS_KOSPI_EX_K200,MOM1M,OPFY1_REV,0.3227682914010669
2023_2024,KOSDAQ_PLUS_KOSPI_EX_K200,MOM1M,PBR12MF,-0.05524303893824404
2023_2024,KOSDAQ_PLUS_KOSPI_EX_K200,MOM1M,PER12MF,0.018315932201085683
2023_2024,KOSDAQ_PLUS_KOSPI_EX_K200,MOM1M,PRIVATE_FLOW,0.3132310817317097
2023_2024,KOSDAQ_PLUS_KOSPI_EX_K200,MOM1M,FOREIGN_FLOW,0.11733089906032733
2023_2024,KOSDAQ_PLUS_KOSPI_EX_K200,MOM12_1,OP12_REV,0.3500838568443994
2023_2024,KOSDAQ_PLUS_KOSPI_EX_K200,MOM12_1,OPFY1_REV,0.14392788778059534
2023_2024,KOSDAQ_PLUS_KOSPI_EX_K200,MOM12_1,PBR12MF,-0.645383772623858
2023_2024,KOSDAQ_PLUS_KOSPI_EX_K200,MOM12_1,PER12MF,-0.5621034941147578
2023_2024,KOSDAQ_PLUS_KOSPI_EX_K200,MOM12_1,PRIVATE_FLOW,-0.2931043673516994
2023_2024,KOSDAQ_PLUS_KOSPI_EX_K200,MOM12_1,FOREIGN_FLOW,0.08402407871861674
2023_2024,KOSDAQ_PLUS_KOSPI_EX_K200,OP12_REV,OPFY1_REV,0.3368959385520779
2023_2024,KOSDAQ_PLUS_KOSPI_EX_K200,OP12_REV,PBR12MF,-0.3396612274439059
2023_2024,KOSDAQ_PLUS_KOSPI_EX_K200,OP12_REV,PER12MF,-0.33627947671309766
2023_2024,KOSDAQ_PLUS_KOSPI_EX_K200,OP12_REV,PRIVATE_FLOW,-0.14636365138730267
2023_2024,KOSDAQ_PLUS_KOSPI_EX_K200,OP12_REV,FOREIGN_FLOW,0.106994015625315
2023_2024,KOSDAQ_PLUS_KOSPI_EX_K200,OPFY1_REV,PBR12MF,0.008496275011260927
2023_2024,KOSDAQ_PLUS_KOSPI_EX_K200,OPFY1_REV,PER12MF,0.11240612103237632
2023_2024,KOSDAQ_PLUS_KOSPI_EX_K200,OPFY1_REV,PRIVATE_FLOW,0.18227919629934555
2023_2024,KOSDAQ_PLUS_KOSPI_EX_K200,OPFY1_REV,FOREIGN_FLOW,0.27339604958846514
2023_2024,KOSDAQ_PLUS_KOSPI_EX_K200,PBR12MF,PER12MF,0.9229111861817
2023_2024,KOSDAQ_PLUS_KOSPI_EX_K200,PBR12MF,PRIVATE_FLOW,0.43570328733964586
2023_2024,KOSDAQ_PLUS_KOSPI_EX_K200,PBR12MF,FOREIGN_FLOW,-0.056229116755638506
2023_2024,KOSDAQ_PLUS_KOSPI_EX_K200,PER12MF,PRIVATE_FLOW,0.43773763815211514
2023_2024,KOSDAQ_PLUS_KOSPI_EX_K200,PER12MF,FOREIGN_FLOW,0.026883874530716605
2023_2024,KOSDAQ_PLUS_KOSPI_EX_K200,PRIVATE_FLOW,FOREIGN_FLOW,-0.06334542345887298
2025,KOSDAQ_PLUS_KOSPI_EX_K200,MOM1M,MOM12_1,0.3063485835834576
2025,KOSDAQ_PLUS_KOSPI_EX_K200,MOM1M,OP12_REV,0.179340041507273
2025,KOSDAQ_PLUS_KOSPI_EX_K200,MOM1M,OPFY1_REV,0.16628477333180516
2025,KOSDAQ_PLUS_KOSPI_EX_K200,MOM1M,PBR12MF,-0.2068457192524115
2025,KOSDAQ_PLUS_KOSPI_EX_K200,MOM1M,PER12MF,-0.15205430637260325
2025,KOSDAQ_PLUS_KOSPI_EX_K200,MOM1M,PRIVATE_FLOW,0.18221702245768298
2025,KOSDAQ_PLUS_KOSPI_EX_K200,MOM1M,FOREIGN_FLOW,0.007249587222749946
2025,KOSDAQ_PLUS_KOSPI_EX_K200,MOM12_1,OP12_REV,0.26744072861691215
2025,KOSDAQ_PLUS_KOSPI_EX_K200,MOM12_1,OPFY1_REV,0.3439599227925838
2025,KOSDAQ_PLUS_KOSPI_EX_K200,MOM12_1,PBR12MF,-0.06977120860661566
2025,KOSDAQ_PLUS_KOSPI_EX_K200,MOM12_1,PER12MF,0.10635232964956143
2025,KOSDAQ_PLUS_KOSPI_EX_K200,MOM12_1,PRIVATE_FLOW,-0.15549111898921622
2025,KOSDAQ_PLUS_KOSPI_EX_K200,MOM12_1,FOREIGN_FLOW,0.26650894729270835
2025,KOSDAQ_PLUS_KOSPI_EX_K200,OP12_REV,OPFY1_REV,0.4818875307808037
2025,KOSDAQ_PLUS_KOSPI_EX_K200,OP12_REV,PBR12MF,-0.17681832199132622
2025,KOSDAQ_PLUS_KOSPI_EX_K200,OP12_REV,PER12MF,-0.1848704147422516
2025,KOSDAQ_PLUS_KOSPI_EX_K200,OP12_REV,PRIVATE_FLOW,-0.07921095802371199
2025,KOSDAQ_PLUS_KOSPI_EX_K200,OP12_REV,FOREIGN_FLOW,0.3763743384889788
2025,KOSDAQ_PLUS_KOSPI_EX_K200,OPFY1_REV,PBR12MF,0.08869342635454774
2025,KOSDAQ_PLUS_KOSPI_EX_K200,OPFY1_REV,PER12MF,0.21389164631661509
2025,KOSDAQ_PLUS_KOSPI_EX_K200,OPFY1_REV,PRIVATE_FLOW,-0.009880630849807897
2025,KOSDAQ_PLUS_KOSPI_EX_K200,OPFY1_REV,FOREIGN_FLOW,0.48077409753311345
2025,KOSDAQ_PLUS_KOSPI_EX_K200,PBR12MF,PER12MF,0.8419337187737167
2025,KOSDAQ_PLUS_KOSPI_EX_K200,PBR12MF,PRIVATE_FLOW,0.2622985825644992
2025,KOSDAQ_PLUS_KOSPI_EX_K200,PBR12MF,FOREIGN_FLOW,-0.013192070081614951
2025,KOSDAQ_PLUS_KOSPI_EX_K200,PER12MF,PRIVATE_FLOW,0.16976502221160453
2025,KOSDAQ_PLUS_KOSPI_EX_K200,PER12MF,FOREIGN_FLOW,0.05751775759754417
2025,KOSDAQ_PLUS_KOSPI_EX_K200,PRIVATE_FLOW,FOREIGN_FLOW,-0.03987809932518988
2026,KOSDAQ_PLUS_KOSPI_EX_K200,MOM1M,MOM12_1,-0.1421485744941318
2026,KOSDAQ_PLUS_KOSPI_EX_K200,MOM1M,OP12_REV,0.043993841346924245
2026,KOSDAQ_PLUS_KOSPI_EX_K200,MOM1M,OPFY1_REV,0.09603385142155493
2026,KOSDAQ_PLUS_KOSPI_EX_K200,MOM1M,PBR12MF,0.325394731920244
2026,KOSDAQ_PLUS_KOSPI_EX_K200,MOM1M,PER12MF,0.4131960493488593
2026,KOSDAQ_PLUS_KOSPI_EX_K200,MOM1M,PRIVATE_FLOW,0.30390382816605793
2026,KOSDAQ_PLUS_KOSPI_EX_K200,MOM1M,FOREIGN_FLOW,0.25399115941250805
2026,KOSDAQ_PLUS_KOSPI_EX_K200,MOM12_1,OP12_REV,0.7207937914339848
2026,KOSDAQ_PLUS_KOSPI_EX_K200,MOM12_1,OPFY1_REV,0.32953044721039537
2026,KOSDAQ_PLUS_KOSPI_EX_K200,MOM12_1,PBR12MF,-0.7073230841911631
2026,KOSDAQ_PLUS_KOSPI_EX_K200,MOM12_1,PER12MF,-0.7046292586323182
2026,KOSDAQ_PLUS_KOSPI_EX_K200,MOM12_1,PRIVATE_FLOW,-0.14121091897842486
2026,KOSDAQ_PLUS_KOSPI_EX_K200,MOM12_1,FOREIGN_FLOW,-0.042151119379976267
2026,KOSDAQ_PLUS_KOSPI_EX_K200,OP12_REV,OPFY1_REV,0.561858386274009
2026,KOSDAQ_PLUS_KOSPI_EX_K200,OP12_REV,PBR12MF,-0.7477560894267592
2026,KOSDAQ_PLUS_KOSPI_EX_K200,OP12_REV,PER12MF,-0.7394250454788226
2026,KOSDAQ_PLUS_KOSPI_EX_K200,OP12_REV,PRIVATE_FLOW,-0.12432678970519769
2026,KOSDAQ_PLUS_KOSPI_EX_K200,OP12_REV,FOREIGN_FLOW,-0.07186185731257135
2026,KOSDAQ_PLUS_KOSPI_EX_K200,OPFY1_REV,PBR12MF,-0.42240372634984974
2026,KOSDAQ_PLUS_KOSPI_EX_K200,OPFY1_REV,PER12MF,-0.45969844080727873
2026,KOSDAQ_PLUS_KOSPI_EX_K200,OPFY1_REV,PRIVATE_FLOW,0.22449784181901722
2026,KOSDAQ_PLUS_KOSPI_EX_K200,OPFY1_REV,FOREIGN_FLOW,0.09549420886425428
2026,KOSDAQ_PLUS_KOSPI_EX_K200,PBR12MF,PER12MF,0.9613679834299885
2026,KOSDAQ_PLUS_KOSPI_EX_K200,PBR12MF,PRIVATE_FLOW,0.04218008066861775
2026,KOSDAQ_PLUS_KOSPI_EX_K200,PBR12MF,FOREIGN_FLOW,0.289145528434228
2026,KOSDAQ_PLUS_KOSPI_EX_K200,PER12MF,PRIVATE_FLOW,0.0862442021939253
2026,KOSDAQ_PLUS_KOSPI_EX_K200,PER12MF,FOREIGN_FLOW,0.22885949396561397
2026,KOSDAQ_PLUS_KOSPI_EX_K200,PRIVATE_FLOW,FOREIGN_FLOW,0.019265256355032432
FULL,KOSPI_ALL,MOM1M,MOM12_1,0.19082949564503246
FULL,KOSPI_ALL,MOM1M,OP12_REV,0.2589495219038244
FULL,KOSPI_ALL,MOM1M,OPFY1_REV,0.34373837189083933
FULL,KOSPI_ALL,MOM1M,PBR12MF,-0.04213593031799637
FULL,KOSPI_ALL,MOM1M,PER12MF,0.0025224176188965407
FULL,KOSPI_ALL,MOM1M,PRIVATE_FLOW,0.4190697916891059
FULL,KOSPI_ALL,MOM1M,FOREIGN_FLOW,0.10287421368689942
FULL,KOSPI_ALL,MOM12_1,OP12_REV,0.5018692848786817
FULL,KOSPI_ALL,MOM12_1,OPFY1_REV,0.3897431930666258
FULL,KOSPI_ALL,MOM12_1,PBR12MF,-0.45509674252458177
FULL,KOSPI_ALL,MOM12_1,PER12MF,-0.30500219194327155
FULL,KOSPI_ALL,MOM12_1,PRIVATE_FLOW,-0.08256956306978327
FULL,KOSPI_ALL,MOM12_1,FOREIGN_FLOW,0.1520280566826446
FULL,KOSPI_ALL,OP12_REV,OPFY1_REV,0.7092120076439268
FULL,KOSPI_ALL,OP12_REV,PBR12MF,-0.3448382537991287
FULL,KOSPI_ALL,OP12_REV,PER12MF,-0.2812751460774632
FULL,KOSPI_ALL,OP12_REV,PRIVATE_FLOW,0.005593196354885186
FULL,KOSPI_ALL,OP12_REV,FOREIGN_FLOW,0.2342786384881578
FULL,KOSPI_ALL,OPFY1_REV,PBR12MF,-0.17121510330206197
FULL,KOSPI_ALL,OPFY1_REV,PER12MF,-0.06322279335955798
FULL,KOSPI_ALL,OPFY1_REV,PRIVATE_FLOW,0.006037490860333301
FULL,KOSPI_ALL,OPFY1_REV,FOREIGN_FLOW,0.29640762047360086
FULL,KOSPI_ALL,PBR12MF,PER12MF,0.8638774085292374
FULL,KOSPI_ALL,PBR12MF,PRIVATE_FLOW,0.1457572544832482
FULL,KOSPI_ALL,PBR12MF,FOREIGN_FLOW,-0.17031126199778915
FULL,KOSPI_ALL,PER12MF,PRIVATE_FLOW,0.11934541666611695
FULL,KOSPI_ALL,PER12MF,FOREIGN_FLOW,-0.15082572712174436
FULL,KOSPI_ALL,PRIVATE_FLOW,FOREIGN_FLOW,-0.08456803084737503
2016_2019,KOSPI_ALL,MOM1M,MOM12_1,0.12279449849404891
2016_2019,KOSPI_ALL,MOM1M,OP12_REV,0.3177339368293928
2016_2019,KOSPI_ALL,MOM1M,OPFY1_REV,0.3268659870673062
2016_2019,KOSPI_ALL,MOM1M,PBR12MF,0.04069861174631391
2016_2019,KOSPI_ALL,MOM1M,PER12MF,0.010925826100801131
2016_2019,KOSPI_ALL,MOM1M,PRIVATE_FLOW,0.29337109992665694
2016_2019,KOSPI_ALL,MOM1M,FOREIGN_FLOW,0.23479170415831543
2016_2019,KOSPI_ALL,MOM12_1,OP12_REV,0.45979873094345647
2016_2019,KOSPI_ALL,MOM12_1,OPFY1_REV,0.31913602032673105
2016_2019,KOSPI_ALL,MOM12_1,PBR12MF,-0.41759022991755207
2016_2019,KOSPI_ALL,MOM12_1,PER12MF,-0.28152840919793287
2016_2019,KOSPI_ALL,MOM12_1,PRIVATE_FLOW,-0.09842137529386881
2016_2019,KOSPI_ALL,MOM12_1,FOREIGN_FLOW,0.1625565692378931
2016_2019,KOSPI_ALL,OP12_REV,OPFY1_REV,0.7056514600495096
2016_2019,KOSPI_ALL,OP12_REV,PBR12MF,-0.196640139969022
2016_2019,KOSPI_ALL,OP12_REV,PER12MF,-0.13448061444106235
2016_2019,KOSPI_ALL,OP12_REV,PRIVATE_FLOW,-0.06547245564180693
2016_2019,KOSPI_ALL,OP12_REV,FOREIGN_FLOW,0.3068943111980356
2016_2019,KOSPI_ALL,OPFY1_REV,PBR12MF,-0.05103510991982055
2016_2019,KOSPI_ALL,OPFY1_REV,PER12MF,0.07807917668721708
2016_2019,KOSPI_ALL,OPFY1_REV,PRIVATE_FLOW,-0.04206846191166912
2016_2019,KOSPI_ALL,OPFY1_REV,FOREIGN_FLOW,0.22100778583427916
2016_2019,KOSPI_ALL,PBR12MF,PER12MF,0.8235635479884196
2016_2019,KOSPI_ALL,PBR12MF,PRIVATE_FLOW,0.1367862223985532
2016_2019,KOSPI_ALL,PBR12MF,FOREIGN_FLOW,-0.26606987749458205
2016_2019,KOSPI_ALL,PER12MF,PRIVATE_FLOW,0.10100532036462266
2016_2019,KOSPI_ALL,PER12MF,FOREIGN_FLOW,-0.311179699949043
2016_2019,KOSPI_ALL,PRIVATE_FLOW,FOREIGN_FLOW,-0.014498462179292277
2020_2022,KOSPI_ALL,MOM1M,MOM12_1,0.23780549491465797
2020_2022,KOSPI_ALL,MOM1M,OP12_REV,0.3742630716943734
2020_2022,KOSPI_ALL,MOM1M,OPFY1_REV,0.38517849084280925
2020_2022,KOSPI_ALL,MOM1M,PBR12MF,-0.1077653625983911
2020_2022,KOSPI_ALL,MOM1M,PER12MF,-0.09033122567226784
2020_2022,KOSPI_ALL,MOM1M,PRIVATE_FLOW,0.513937078106945
2020_2022,KOSPI_ALL,MOM1M,FOREIGN_FLOW,-0.07036344383594756
2020_2022,KOSPI_ALL,MOM12_1,OP12_REV,0.5119753071833701
2020_2022,KOSPI_ALL,MOM12_1,OPFY1_REV,0.449036579682133
2020_2022,KOSPI_ALL,MOM12_1,PBR12MF,-0.46445729173506184
2020_2022,KOSPI_ALL,MOM12_1,PER12MF,-0.3557249078263457
2020_2022,KOSPI_ALL,MOM12_1,PRIVATE_FLOW,0.015951688213935198
2020_2022,KOSPI_ALL,MOM12_1,FOREIGN_FLOW,0.05215189380867
2020_2022,KOSPI_ALL,OP12_REV,OPFY1_REV,0.7060581713760764
2020_2022,KOSPI_ALL,OP12_REV,PBR12MF,-0.2247037938676893
2020_2022,KOSPI_ALL,OP12_REV,PER12MF,-0.22836407343507487
2020_2022,KOSPI_ALL,OP12_REV,PRIVATE_FLOW,0.16861676811580584
2020_2022,KOSPI_ALL,OP12_REV,FOREIGN_FLOW,0.06413556672476395
2020_2022,KOSPI_ALL,OPFY1_REV,PBR12MF,-0.16622883737188
2020_2022,KOSPI_ALL,OPFY1_REV,PER12MF,-0.12217811749141781
2020_2022,KOSPI_ALL,OPFY1_REV,PRIVATE_FLOW,0.10516206535067911
2020_2022,KOSPI_ALL,OPFY1_REV,FOREIGN_FLOW,0.15645522668758066
2020_2022,KOSPI_ALL,PBR12MF,PER12MF,0.8698053243220909
2020_2022,KOSPI_ALL,PBR12MF,PRIVATE_FLOW,0.0384359269095719
2020_2022,KOSPI_ALL,PBR12MF,FOREIGN_FLOW,-0.14190107872367247
2020_2022,KOSPI_ALL,PER12MF,PRIVATE_FLOW,0.03647990565415651
2020_2022,KOSPI_ALL,PER12MF,FOREIGN_FLOW,-0.10171624278606717
2020_2022,KOSPI_ALL,PRIVATE_FLOW,FOREIGN_FLOW,-0.12702316778737635
2023_2024,KOSPI_ALL,MOM1M,MOM12_1,0.2968356514286577
2023_2024,KOSPI_ALL,MOM1M,OP12_REV,0.19121338361159934
2023_2024,KOSPI_ALL,MOM1M,OPFY1_REV,0.3478952328560254
2023_2024,KOSPI_ALL,MOM1M,PBR12MF,-0.018344960903919502
2023_2024,KOSPI_ALL,MOM1M,PER12MF,0.08716044754036952
2023_2024,KOSPI_ALL,MOM1M,PRIVATE_FLOW,0.36221351368227617
2023_2024,KOSPI_ALL,MOM1M,FOREIGN_FLOW,0.3038989794948503
2023_2024,KOSPI_ALL,MOM12_1,OP12_REV,0.48999786692804526
2023_2024,KOSPI_ALL,MOM12_1,OPFY1_REV,0.4765201485720603
2023_2024,KOSPI_ALL,MOM12_1,PBR12MF,-0.27730210338477873
2023_2024,KOSPI_ALL,MOM12_1,PER12MF,-0.09050054952549322
2023_2024,KOSPI_ALL,MOM12_1,PRIVATE_FLOW,-0.05844221225795109
2023_2024,KOSPI_ALL,MOM12_1,FOREIGN_FLOW,0.35934867457974845
2023_2024,KOSPI_ALL,OP12_REV,OPFY1_REV,0.798899191944719
2023_2024,KOSPI_ALL,OP12_REV,PBR12MF,-0.4374078324003266
2023_2024,KOSPI_ALL,OP12_REV,PER12MF,-0.29263823533386163
2023_2024,KOSPI_ALL,OP12_REV,PRIVATE_FLOW,-0.11343412942500294
2023_2024,KOSPI_ALL,OP12_REV,FOREIGN_FLOW,0.4193263499862991
2023_2024,KOSPI_ALL,OPFY1_REV,PBR12MF,-0.24028813093330728
2023_2024,KOSPI_ALL,OPFY1_REV,PER12MF,-0.03913422801902519
2023_2024,KOSPI_ALL,OPFY1_REV,PRIVATE_FLOW,-0.06348464824396076
2023_2024,KOSPI_ALL,OPFY1_REV,FOREIGN_FLOW,0.5239147256128069
2023_2024,KOSPI_ALL,PBR12MF,PER12MF,0.8945723571315568
2023_2024,KOSPI_ALL,PBR12MF,PRIVATE_FLOW,0.32971986872519693
2023_2024,KOSPI_ALL,PBR12MF,FOREIGN_FLOW,-0.22119223606015564
2023_2024,KOSPI_ALL,PER12MF,PRIVATE_FLOW,0.3295992201867217
2023_2024,KOSPI_ALL,PER12MF,FOREIGN_FLOW,-0.11060390768802547
2023_2024,KOSPI_ALL,PRIVATE_FLOW,FOREIGN_FLOW,-0.10669678819175943
2025,KOSPI_ALL,MOM1M,MOM12_1,0.5072894215089084
2025,KOSPI_ALL,MOM1M,OP12_REV,0.18155935354162742
2025,KOSPI_ALL,MOM1M,OPFY1_REV,0.46394805667034644
2025,KOSPI_ALL,MOM1M,PBR12MF,-0.24413056033755406
2025,KOSPI_ALL,MOM1M,PER12MF,-0.11870664025447189
2025,KOSPI_ALL,MOM1M,PRIVATE_FLOW,0.30486080586784997
2025,KOSPI_ALL,MOM1M,FOREIGN_FLOW,0.17128660419292402
2025,KOSPI_ALL,MOM12_1,OP12_REV,0.38410666353278716
2025,KOSPI_ALL,MOM12_1,OPFY1_REV,0.4687068004504476
2025,KOSPI_ALL,MOM12_1,PBR12MF,-0.3286144973246848
2025,KOSPI_ALL,MOM12_1,PER12MF,-0.12753756192966534
2025,KOSPI_ALL,MOM12_1,PRIVATE_FLOW,-0.08238395961828614
2025,KOSPI_ALL,MOM12_1,FOREIGN_FLOW,0.3583525676121095
2025,KOSPI_ALL,OP12_REV,OPFY1_REV,0.6830242552087563
2025,KOSPI_ALL,OP12_REV,PBR12MF,-0.35517558431239016
2025,KOSPI_ALL,OP12_REV,PER12MF,-0.308512740957375
2025,KOSPI_ALL,OP12_REV,PRIVATE_FLOW,-0.00972698088156566
2025,KOSPI_ALL,OP12_REV,FOREIGN_FLOW,0.36660983944415143
2025,KOSPI_ALL,OPFY1_REV,PBR12MF,-0.19829747442521015
2025,KOSPI_ALL,OPFY1_REV,PER12MF,-0.10613833852420078
2025,KOSPI_ALL,OPFY1_REV,PRIVATE_FLOW,0.00014212822060831066
2025,KOSPI_ALL,OPFY1_REV,FOREIGN_FLOW,0.45363928548561555
2025,KOSPI_ALL,PBR12MF,PER12MF,0.843527236365864
2025,KOSPI_ALL,PBR12MF,PRIVATE_FLOW,0.24857814151420848
2025,KOSPI_ALL,PBR12MF,FOREIGN_FLOW,-0.18509922261577794
2025,KOSPI_ALL,PER12MF,PRIVATE_FLOW,0.16549817922538831
2025,KOSPI_ALL,PER12MF,FOREIGN_FLOW,-0.17461886001177673
2025,KOSPI_ALL,PRIVATE_FLOW,FOREIGN_FLOW,-0.16040047547005007
2026,KOSPI_ALL,MOM1M,MOM12_1,-0.15126014523311032
2026,KOSPI_ALL,MOM1M,OP12_REV,0.007269424886313445
2026,KOSPI_ALL,MOM1M,OPFY1_REV,0.06658081457453867
2026,KOSPI_ALL,MOM1M,PBR12MF,0.11068943358693112
2026,KOSPI_ALL,MOM1M,PER12MF,0.15421314753702783
2026,KOSPI_ALL,MOM1M,PRIVATE_FLOW,0.5334426494566724
2026,KOSPI_ALL,MOM1M,FOREIGN_FLOW,-0.028951515881344293
2026,KOSPI_ALL,MOM12_1,OP12_REV,0.6938063111713476
2026,KOSPI_ALL,MOM12_1,OPFY1_REV,0.23670912559382531
2026,KOSPI_ALL,MOM12_1,PBR12MF,-0.7771901848054208
2026,KOSPI_ALL,MOM12_1,PER12MF,-0.6175434195593594
2026,KOSPI_ALL,MOM12_1,PRIVATE_FLOW,-0.3193842904275178
2026,KOSPI_ALL,MOM12_1,FOREIGN_FLOW,-0.040734289418025156
2026,KOSPI_ALL,OP12_REV,OPFY1_REV,0.5720344558063888
2026,KOSPI_ALL,OP12_REV,PBR12MF,-0.7621743633834959
2026,KOSPI_ALL,OP12_REV,PER12MF,-0.6259341206593645
2026,KOSPI_ALL,OP12_REV,PRIVATE_FLOW,-0.045272502656378485
2026,KOSPI_ALL,OP12_REV,FOREIGN_FLOW,0.14060669157339042
2026,KOSPI_ALL,OPFY1_REV,PBR12MF,-0.27979183461041623
2026,KOSPI_ALL,OPFY1_REV,PER12MF,-0.20360797330481026
2026,KOSPI_ALL,OPFY1_REV,PRIVATE_FLOW,-0.1389108264881629
2026,KOSPI_ALL,OPFY1_REV,FOREIGN_FLOW,0.34270074311530163
2026,KOSPI_ALL,PBR12MF,PER12MF,0.9058264524057045
2026,KOSPI_ALL,PBR12MF,PRIVATE_FLOW,0.05389069807857312
2026,KOSPI_ALL,PBR12MF,FOREIGN_FLOW,0.07573941977493477
2026,KOSPI_ALL,PER12MF,PRIVATE_FLOW,-0.056619463542386166
2026,KOSPI_ALL,PER12MF,FOREIGN_FLOW,0.030794394176281055
2026,KOSPI_ALL,PRIVATE_FLOW,FOREIGN_FLOW,0.06316457064665949
FULL,KOSPI_EX_K200,MOM1M,MOM12_1,0.1092207500252197
FULL,KOSPI_EX_K200,MOM1M,OP12_REV,0.10724701418384529
FULL,KOSPI_EX_K200,MOM1M,OPFY1_REV,0.17853946626139316
FULL,KOSPI_EX_K200,MOM1M,PBR12MF,-0.0012220236362506488
FULL,KOSPI_EX_K200,MOM1M,PER12MF,0.014228822085882277
FULL,KOSPI_EX_K200,MOM1M,PRIVATE_FLOW,0.15958777377863537
FULL,KOSPI_EX_K200,MOM1M,FOREIGN_FLOW,-0.0033931734039188005
FULL,KOSPI_EX_K200,MOM12_1,OP12_REV,0.25327431970061326
FULL,KOSPI_EX_K200,MOM12_1,OPFY1_REV,0.16217172318100379
FULL,KOSPI_EX_K200,MOM12_1,PBR12MF,-0.3766590127513826
FULL,KOSPI_EX_K200,MOM12_1,PER12MF,-0.29454303120364445
FULL,KOSPI_EX_K200,MOM12_1,PRIVATE_FLOW,-0.002448414918783021
FULL,KOSPI_EX_K200,MOM12_1,FOREIGN_FLOW,0.03593630880832971
FULL,KOSPI_EX_K200,OP12_REV,OPFY1_REV,0.6676452298547586
FULL,KOSPI_EX_K200,OP12_REV,PBR12MF,-0.27024783507474254
FULL,KOSPI_EX_K200,OP12_REV,PER12MF,-0.20874022898028408
FULL,KOSPI_EX_K200,OP12_REV,PRIVATE_FLOW,0.010799347371078518
FULL,KOSPI_EX_K200,OP12_REV,FOREIGN_FLOW,0.22209498841213196
FULL,KOSPI_EX_K200,OPFY1_REV,PBR12MF,-0.09487089656020174
FULL,KOSPI_EX_K200,OPFY1_REV,PER12MF,-0.01446768247833927
FULL,KOSPI_EX_K200,OPFY1_REV,PRIVATE_FLOW,0.04427493785916534
FULL,KOSPI_EX_K200,OPFY1_REV,FOREIGN_FLOW,0.17975673847229187
FULL,KOSPI_EX_K200,PBR12MF,PER12MF,0.7904719500815002
FULL,KOSPI_EX_K200,PBR12MF,PRIVATE_FLOW,0.09502209812945893
FULL,KOSPI_EX_K200,PBR12MF,FOREIGN_FLOW,-0.14241700009847263
FULL,KOSPI_EX_K200,PER12MF,PRIVATE_FLOW,0.09104709246451233
FULL,KOSPI_EX_K200,PER12MF,FOREIGN_FLOW,-0.15288341572351621
FULL,KOSPI_EX_K200,PRIVATE_FLOW,FOREIGN_FLOW,-0.015240261790995737
2016_2019,KOSPI_EX_K200,MOM1M,MOM12_1,0.03638423011678305
2016_2019,KOSPI_EX_K200,MOM1M,OP12_REV,0.20731765023902107
2016_2019,KOSPI_EX_K200,MOM1M,OPFY1_REV,0.18403458547687818
2016_2019,KOSPI_EX_K200,MOM1M,PBR12MF,0.0867032548135421
2016_2019,KOSPI_EX_K200,MOM1M,PER12MF,0.005710113644669649
2016_2019,KOSPI_EX_K200,MOM1M,PRIVATE_FLOW,0.10701005991065766
2016_2019,KOSPI_EX_K200,MOM1M,FOREIGN_FLOW,0.16139428983611206
2016_2019,KOSPI_EX_K200,MOM12_1,OP12_REV,0.07841303216290157
2016_2019,KOSPI_EX_K200,MOM12_1,OPFY1_REV,0.08383396797052482
2016_2019,KOSPI_EX_K200,MOM12_1,PBR12MF,-0.3482132926144625
2016_2019,KOSPI_EX_K200,MOM12_1,PER12MF,-0.22773637524395596
2016_2019,KOSPI_EX_K200,MOM12_1,PRIVATE_FLOW,0.028535563050872844
2016_2019,KOSPI_EX_K200,MOM12_1,FOREIGN_FLOW,0.022937285209170752
2016_2019,KOSPI_EX_K200,OP12_REV,OPFY1_REV,0.6821272907714215
2016_2019,KOSPI_EX_K200,OP12_REV,PBR12MF,-0.1060494292426117
2016_2019,KOSPI_EX_K200,OP12_REV,PER12MF,-0.03563992001286787
2016_2019,KOSPI_EX_K200,OP12_REV,PRIVATE_FLOW,-0.06596640573250392
2016_2019,KOSPI_EX_K200,OP12_REV,FOREIGN_FLOW,0.20729056174119168
2016_2019,KOSPI_EX_K200,OPFY1_REV,PBR12MF,-0.054826038914430664
2016_2019,KOSPI_EX_K200,OPFY1_REV,PER12MF,-0.013512100091384932
2016_2019,KOSPI_EX_K200,OPFY1_REV,PRIVATE_FLOW,-0.0047610766228402355
2016_2019,KOSPI_EX_K200,OPFY1_REV,FOREIGN_FLOW,0.18026733598889824
2016_2019,KOSPI_EX_K200,PBR12MF,PER12MF,0.6864562030744922
2016_2019,KOSPI_EX_K200,PBR12MF,PRIVATE_FLOW,0.019590022616713117
2016_2019,KOSPI_EX_K200,PBR12MF,FOREIGN_FLOW,-0.13016019052443145
2016_2019,KOSPI_EX_K200,PER12MF,PRIVATE_FLOW,-0.02603566052106689
2016_2019,KOSPI_EX_K200,PER12MF,FOREIGN_FLOW,-0.20323564351183676
2016_2019,KOSPI_EX_K200,PRIVATE_FLOW,FOREIGN_FLOW,-0.11280786388669643
2020_2022,KOSPI_EX_K200,MOM1M,MOM12_1,0.18239460521678819
2020_2022,KOSPI_EX_K200,MOM1M,OP12_REV,0.13011283895630948
2020_2022,KOSPI_EX_K200,MOM1M,OPFY1_REV,0.2227198990108714
2020_2022,KOSPI_EX_K200,MOM1M,PBR12MF,-0.06681921189955935
2020_2022,KOSPI_EX_K200,MOM1M,PER12MF,-0.027527881149131093
2020_2022,KOSPI_EX_K200,MOM1M,PRIVATE_FLOW,0.07931815419212435
2020_2022,KOSPI_EX_K200,MOM1M,FOREIGN_FLOW,-0.2622489344036361
2020_2022,KOSPI_EX_K200,MOM12_1,OP12_REV,0.3158510421579405
2020_2022,KOSPI_EX_K200,MOM12_1,OPFY1_REV,0.24853145327622064
2020_2022,KOSPI_EX_K200,MOM12_1,PBR12MF,-0.33284616417493107
2020_2022,KOSPI_EX_K200,MOM12_1,PER12MF,-0.2961357572093864
2020_2022,KOSPI_EX_K200,MOM12_1,PRIVATE_FLOW,-0.08363826060857041
2020_2022,KOSPI_EX_K200,MOM12_1,FOREIGN_FLOW,-0.11679706157893648
2020_2022,KOSPI_EX_K200,OP12_REV,OPFY1_REV,0.648776961251618
2020_2022,KOSPI_EX_K200,OP12_REV,PBR12MF,-0.32903154433932597
2020_2022,KOSPI_EX_K200,OP12_REV,PER12MF,-0.26083220989149003
2020_2022,KOSPI_EX_K200,OP12_REV,PRIVATE_FLOW,0.11802450681985743
2020_2022,KOSPI_EX_K200,OP12_REV,FOREIGN_FLOW,0.17107698971417817
2020_2022,KOSPI_EX_K200,OPFY1_REV,PBR12MF,-0.1365560277418119
2020_2022,KOSPI_EX_K200,OPFY1_REV,PER12MF,-0.06702173758203467
2020_2022,KOSPI_EX_K200,OPFY1_REV,PRIVATE_FLOW,0.13347198639757712
2020_2022,KOSPI_EX_K200,OPFY1_REV,FOREIGN_FLOW,0.10001874587057287
2020_2022,KOSPI_EX_K200,PBR12MF,PER12MF,0.7760572731975857
2020_2022,KOSPI_EX_K200,PBR12MF,PRIVATE_FLOW,0.08802503820524295
2020_2022,KOSPI_EX_K200,PBR12MF,FOREIGN_FLOW,-0.05276256014953517
2020_2022,KOSPI_EX_K200,PER12MF,PRIVATE_FLOW,0.11070596760509531
2020_2022,KOSPI_EX_K200,PER12MF,FOREIGN_FLOW,-0.0928740357113529
2020_2022,KOSPI_EX_K200,PRIVATE_FLOW,FOREIGN_FLOW,0.09437028117760277
2023_2024,KOSPI_EX_K200,MOM1M,MOM12_1,0.16476632218686785
2023_2024,KOSPI_EX_K200,MOM1M,OP12_REV,-0.00485961650228311
2023_2024,KOSPI_EX_K200,MOM1M,OPFY1_REV,0.1518905737221014
2023_2024,KOSPI_EX_K200,MOM1M,PBR12MF,-0.07569695345790238
2023_2024,KOSPI_EX_K200,MOM1M,PER12MF,0.020521675213107334
2023_2024,KOSPI_EX_K200,MOM1M,PRIVATE_FLOW,0.2580952691365264
2023_2024,KOSPI_EX_K200,MOM1M,FOREIGN_FLOW,0.264904407131867
2023_2024,KOSPI_EX_K200,MOM12_1,OP12_REV,0.3796191969390696
2023_2024,KOSPI_EX_K200,MOM12_1,OPFY1_REV,0.30611401479619377
2023_2024,KOSPI_EX_K200,MOM12_1,PBR12MF,-0.3435162872160035
2023_2024,KOSPI_EX_K200,MOM12_1,PER12MF,-0.23996115023452644
2023_2024,KOSPI_EX_K200,MOM12_1,PRIVATE_FLOW,0.15250312921838602
2023_2024,KOSPI_EX_K200,MOM12_1,FOREIGN_FLOW,0.25963214328677964
2023_2024,KOSPI_EX_K200,OP12_REV,OPFY1_REV,0.7361830380018721
2023_2024,KOSPI_EX_K200,OP12_REV,PBR12MF,-0.28160333770864204
2023_2024,KOSPI_EX_K200,OP12_REV,PER12MF,-0.22335976047236208
2023_2024,KOSPI_EX_K200,OP12_REV,PRIVATE_FLOW,0.10031940915259933
2023_2024,KOSPI_EX_K200,OP12_REV,FOREIGN_FLOW,0.21007518696190516
2023_2024,KOSPI_EX_K200,OPFY1_REV,PBR12MF,-0.16778791250230565
2023_2024,KOSPI_EX_K200,OPFY1_REV,PER12MF,0.00536616363363237
2023_2024,KOSPI_EX_K200,OPFY1_REV,PRIVATE_FLOW,0.0647374762112178
2023_2024,KOSPI_EX_K200,OPFY1_REV,FOREIGN_FLOW,0.28303093700366827
2023_2024,KOSPI_EX_K200,PBR12MF,PER12MF,0.8406946640363123
2023_2024,KOSPI_EX_K200,PBR12MF,PRIVATE_FLOW,0.1431975986804631
2023_2024,KOSPI_EX_K200,PBR12MF,FOREIGN_FLOW,-0.2420884186328212
2023_2024,KOSPI_EX_K200,PER12MF,PRIVATE_FLOW,0.18247329531832976
2023_2024,KOSPI_EX_K200,PER12MF,FOREIGN_FLOW,-0.16913040817403138
2023_2024,KOSPI_EX_K200,PRIVATE_FLOW,FOREIGN_FLOW,0.02115903328112644
2025,KOSPI_EX_K200,MOM1M,MOM12_1,0.3952084353184886
2025,KOSPI_EX_K200,MOM1M,OP12_REV,0.23257691791863797
2025,KOSPI_EX_K200,MOM1M,OPFY1_REV,0.2755056979258262
2025,KOSPI_EX_K200,MOM1M,PBR12MF,-0.0797480493842467
2025,KOSPI_EX_K200,MOM1M,PER12MF,-0.048193931170255326
2025,KOSPI_EX_K200,MOM1M,PRIVATE_FLOW,0.12470592267479376
2025,KOSPI_EX_K200,MOM1M,FOREIGN_FLOW,0.056571362790486954
2025,KOSPI_EX_K200,MOM12_1,OP12_REV,0.38839042788386646
2025,KOSPI_EX_K200,MOM12_1,OPFY1_REV,0.35707339549776407
2025,KOSPI_EX_K200,MOM12_1,PBR12MF,-0.25035148009500763
2025,KOSPI_EX_K200,MOM12_1,PER12MF,-0.178790376748103
2025,KOSPI_EX_K200,MOM12_1,PRIVATE_FLOW,-0.11142476260000048
2025,KOSPI_EX_K200,MOM12_1,FOREIGN_FLOW,0.16152436223584138
2025,KOSPI_EX_K200,OP12_REV,OPFY1_REV,0.745176212776508
2025,KOSPI_EX_K200,OP12_REV,PBR12MF,-0.2629363403814399
2025,KOSPI_EX_K200,OP12_REV,PER12MF,-0.17429140418528266
2025,KOSPI_EX_K200,OP12_REV,PRIVATE_FLOW,-0.055543582505269515
2025,KOSPI_EX_K200,OP12_REV,FOREIGN_FLOW,0.3295572329866048
2025,KOSPI_EX_K200,OPFY1_REV,PBR12MF,-0.09073250549226451
2025,KOSPI_EX_K200,OPFY1_REV,PER12MF,0.06386624270044239
2025,KOSPI_EX_K200,OPFY1_REV,PRIVATE_FLOW,-0.04673328043296624
2025,KOSPI_EX_K200,OPFY1_REV,FOREIGN_FLOW,0.3047168549168385
2025,KOSPI_EX_K200,PBR12MF,PER12MF,0.8476282310372416
2025,KOSPI_EX_K200,PBR12MF,PRIVATE_FLOW,0.3130272568600999
2025,KOSPI_EX_K200,PBR12MF,FOREIGN_FLOW,-0.26940017535803745
2025,KOSPI_EX_K200,PER12MF,PRIVATE_FLOW,0.2625645730271733
2025,KOSPI_EX_K200,PER12MF,FOREIGN_FLOW,-0.18504582029828628
2025,KOSPI_EX_K200,PRIVATE_FLOW,FOREIGN_FLOW,-0.202042609145992
2026,KOSPI_EX_K200,MOM1M,MOM12_1,-0.1980961428188347
2026,KOSPI_EX_K200,MOM1M,OP12_REV,-0.05249138839357278
2026,KOSPI_EX_K200,MOM1M,OPFY1_REV,0.01906277369769946
2026,KOSPI_EX_K200,MOM1M,PBR12MF,0.29551014929417285
2026,KOSPI_EX_K200,MOM1M,PER12MF,0.29662796862976337
2026,KOSPI_EX_K200,MOM1M,PRIVATE_FLOW,0.45148040822965246
2026,KOSPI_EX_K200,MOM1M,FOREIGN_FLOW,-0.1096024958478617
2026,KOSPI_EX_K200,MOM12_1,OP12_REV,0.23173038930562673
2026,KOSPI_EX_K200,MOM12_1,OPFY1_REV,-0.3423739282123787
2026,KOSPI_EX_K200,MOM12_1,PBR12MF,-0.685682103160619
2026,KOSPI_EX_K200,MOM12_1,PER12MF,-0.5814601327445603
2026,KOSPI_EX_K200,MOM12_1,PRIVATE_FLOW,-0.0967425712694995
2026,KOSPI_EX_K200,MOM12_1,FOREIGN_FLOW,0.0803116874448054
2026,KOSPI_EX_K200,OP12_REV,OPFY1_REV,0.41472010954193267
2026,KOSPI_EX_K200,OP12_REV,PBR12MF,-0.4224010399894236
2026,KOSPI_EX_K200,OP12_REV,PER12MF,-0.3954727652215994
2026,KOSPI_EX_K200,OP12_REV,PRIVATE_FLOW,-0.10405564320586104
2026,KOSPI_EX_K200,OP12_REV,FOREIGN_FLOW,0.3799514673316925
2026,KOSPI_EX_K200,OPFY1_REV,PBR12MF,0.17127309299690216
2026,KOSPI_EX_K200,OPFY1_REV,PER12MF,0.09246346252891892
2026,KOSPI_EX_K200,OPFY1_REV,PRIVATE_FLOW,-0.012583378670196849
2026,KOSPI_EX_K200,OPFY1_REV,FOREIGN_FLOW,0.13752354396076744
2026,KOSPI_EX_K200,PBR12MF,PER12MF,0.8962860034506622
2026,KOSPI_EX_K200,PBR12MF,PRIVATE_FLOW,-0.03343587972464251
2026,KOSPI_EX_K200,PBR12MF,FOREIGN_FLOW,-0.08563734642523599
2026,KOSPI_EX_K200,PER12MF,PRIVATE_FLOW,-0.024496743591439107
2026,KOSPI_EX_K200,PER12MF,FOREIGN_FLOW,-0.15303074775758835
2026,KOSPI_EX_K200,PRIVATE_FLOW,FOREIGN_FLOW,0.08485090637295022
FULL,KOSPI_KOSDAQ_ALL,MOM1M,MOM12_1,0.13533799215257142
FULL,KOSPI_KOSDAQ_ALL,MOM1M,OP12_REV,0.18622211871649583
FULL,KOSPI_KOSDAQ_ALL,MOM1M,OPFY1_REV,0.3127728955064232
FULL,KOSPI_KOSDAQ_ALL,MOM1M,PBR12MF,-0.027300788234156305
FULL,KOSPI_KOSDAQ_ALL,MOM1M,PER12MF,0.037390697106217015
FULL,KOSPI_KOSDAQ_ALL,MOM1M,PRIVATE_FLOW,0.3171700481399508
FULL,KOSPI_KOSDAQ_ALL,MOM1M,FOREIGN_FLOW,0.1373197297713137
FULL,KOSPI_KOSDAQ_ALL,MOM12_1,OP12_REV,0.5148773602186444
FULL,KOSPI_KOSDAQ_ALL,MOM12_1,OPFY1_REV,0.30838579778357333
FULL,KOSPI_KOSDAQ_ALL,MOM12_1,PBR12MF,-0.5506490526915961
FULL,KOSPI_KOSDAQ_ALL,MOM12_1,PER12MF,-0.4094903949591297
FULL,KOSPI_KOSDAQ_ALL,MOM12_1,PRIVATE_FLOW,-0.1854534135957402
FULL,KOSPI_KOSDAQ_ALL,MOM12_1,FOREIGN_FLOW,0.14802937389873463
FULL,KOSPI_KOSDAQ_ALL,OP12_REV,OPFY1_REV,0.6016064985391806
FULL,KOSPI_KOSDAQ_ALL,OP12_REV,PBR12MF,-0.43853607912010145
FULL,KOSPI_KOSDAQ_ALL,OP12_REV,PER12MF,-0.4066345217386875
FULL,KOSPI_KOSDAQ_ALL,OP12_REV,PRIVATE_FLOW,-0.04565215485315457
FULL,KOSPI_KOSDAQ_ALL,OP12_REV,FOREIGN_FLOW,0.1760791366172497
FULL,KOSPI_KOSDAQ_ALL,OPFY1_REV,PBR12MF,-0.18181228838261904
FULL,KOSPI_KOSDAQ_ALL,OPFY1_REV,PER12MF,-0.08490879895858425
FULL,KOSPI_KOSDAQ_ALL,OPFY1_REV,PRIVATE_FLOW,0.08460306226293893
FULL,KOSPI_KOSDAQ_ALL,OPFY1_REV,FOREIGN_FLOW,0.2239409979636865
FULL,KOSPI_KOSDAQ_ALL,PBR12MF,PER12MF,0.8766887671027663
FULL,KOSPI_KOSDAQ_ALL,PBR12MF,PRIVATE_FLOW,0.2733231226391792
FULL,KOSPI_KOSDAQ_ALL,PBR12MF,FOREIGN_FLOW,-0.08486914849276307
FULL,KOSPI_KOSDAQ_ALL,PER12MF,PRIVATE_FLOW,0.25421261388842525
FULL,KOSPI_KOSDAQ_ALL,PER12MF,FOREIGN_FLOW,-0.045682339056183616
FULL,KOSPI_KOSDAQ_ALL,PRIVATE_FLOW,FOREIGN_FLOW,-0.02040142554617298
2016_2019,KOSPI_KOSDAQ_ALL,MOM1M,MOM12_1,0.12538806577016828
2016_2019,KOSPI_KOSDAQ_ALL,MOM1M,OP12_REV,0.2747559623620535
2016_2019,KOSPI_KOSDAQ_ALL,MOM1M,OPFY1_REV,0.32690629482598305
2016_2019,KOSPI_KOSDAQ_ALL,MOM1M,PBR12MF,0.0037596379106491222
2016_2019,KOSPI_KOSDAQ_ALL,MOM1M,PER12MF,0.004716565085733941
2016_2019,KOSPI_KOSDAQ_ALL,MOM1M,PRIVATE_FLOW,0.23954526948418883
2016_2019,KOSPI_KOSDAQ_ALL,MOM1M,FOREIGN_FLOW,0.16560403280903083
2016_2019,KOSPI_KOSDAQ_ALL,MOM12_1,OP12_REV,0.4692588954651304
2016_2019,KOSPI_KOSDAQ_ALL,MOM12_1,OPFY1_REV,0.2669564876544651
2016_2019,KOSPI_KOSDAQ_ALL,MOM12_1,PBR12MF,-0.46161550102717114
2016_2019,KOSPI_KOSDAQ_ALL,MOM12_1,PER12MF,-0.29943750273320174
2016_2019,KOSPI_KOSDAQ_ALL,MOM12_1,PRIVATE_FLOW,-0.05033087070902161
2016_2019,KOSPI_KOSDAQ_ALL,MOM12_1,FOREIGN_FLOW,0.1684038705043627
2016_2019,KOSPI_KOSDAQ_ALL,OP12_REV,OPFY1_REV,0.6767835605161594
2016_2019,KOSPI_KOSDAQ_ALL,OP12_REV,PBR12MF,-0.3045845731624141
2016_2019,KOSPI_KOSDAQ_ALL,OP12_REV,PER12MF,-0.23668185756826926
2016_2019,KOSPI_KOSDAQ_ALL,OP12_REV,PRIVATE_FLOW,0.02326525919342757
2016_2019,KOSPI_KOSDAQ_ALL,OP12_REV,FOREIGN_FLOW,0.30144555262386746
2016_2019,KOSPI_KOSDAQ_ALL,OPFY1_REV,PBR12MF,-0.08171369086838542
2016_2019,KOSPI_KOSDAQ_ALL,OPFY1_REV,PER12MF,0.03733766525562992
2016_2019,KOSPI_KOSDAQ_ALL,OPFY1_REV,PRIVATE_FLOW,0.04843451791166008
2016_2019,KOSPI_KOSDAQ_ALL,OPFY1_REV,FOREIGN_FLOW,0.26138618094317156
2016_2019,KOSPI_KOSDAQ_ALL,PBR12MF,PER12MF,0.7962937783621424
2016_2019,KOSPI_KOSDAQ_ALL,PBR12MF,PRIVATE_FLOW,0.1474888962371644
2016_2019,KOSPI_KOSDAQ_ALL,PBR12MF,FOREIGN_FLOW,-0.13949136119655312
2016_2019,KOSPI_KOSDAQ_ALL,PER12MF,PRIVATE_FLOW,0.15451783763160487
2016_2019,KOSPI_KOSDAQ_ALL,PER12MF,FOREIGN_FLOW,-0.23778813286597478
2016_2019,KOSPI_KOSDAQ_ALL,PRIVATE_FLOW,FOREIGN_FLOW,0.055322082044393775
2020_2022,KOSPI_KOSDAQ_ALL,MOM1M,MOM12_1,0.16683677236020003
2020_2022,KOSPI_KOSDAQ_ALL,MOM1M,OP12_REV,0.3072909222780788
2020_2022,KOSPI_KOSDAQ_ALL,MOM1M,OPFY1_REV,0.3408690108662271
2020_2022,KOSPI_KOSDAQ_ALL,MOM1M,PBR12MF,-0.10395682840312571
2020_2022,KOSPI_KOSDAQ_ALL,MOM1M,PER12MF,-0.08708767577853896
2020_2022,KOSPI_KOSDAQ_ALL,MOM1M,PRIVATE_FLOW,0.3532777361369466
2020_2022,KOSPI_KOSDAQ_ALL,MOM1M,FOREIGN_FLOW,0.07826105714632704
2020_2022,KOSPI_KOSDAQ_ALL,MOM12_1,OP12_REV,0.4853828017682736
2020_2022,KOSPI_KOSDAQ_ALL,MOM12_1,OPFY1_REV,0.3685295286841193
2020_2022,KOSPI_KOSDAQ_ALL,MOM12_1,PBR12MF,-0.6320783396133642
2020_2022,KOSPI_KOSDAQ_ALL,MOM12_1,PER12MF,-0.48113827014459476
2020_2022,KOSPI_KOSDAQ_ALL,MOM12_1,PRIVATE_FLOW,-0.130896829781461
2020_2022,KOSPI_KOSDAQ_ALL,MOM12_1,FOREIGN_FLOW,0.1617779138552812
2020_2022,KOSPI_KOSDAQ_ALL,OP12_REV,OPFY1_REV,0.6703570386726891
2020_2022,KOSPI_KOSDAQ_ALL,OP12_REV,PBR12MF,-0.3871945900216433
2020_2022,KOSPI_KOSDAQ_ALL,OP12_REV,PER12MF,-0.3701583988870452
2020_2022,KOSPI_KOSDAQ_ALL,OP12_REV,PRIVATE_FLOW,0.05881377302121923
2020_2022,KOSPI_KOSDAQ_ALL,OP12_REV,FOREIGN_FLOW,0.1086733102735465
2020_2022,KOSPI_KOSDAQ_ALL,OPFY1_REV,PBR12MF,-0.22695359678823215
2020_2022,KOSPI_KOSDAQ_ALL,OPFY1_REV,PER12MF,-0.16019771067102
2020_2022,KOSPI_KOSDAQ_ALL,OPFY1_REV,PRIVATE_FLOW,0.059562655492252085
2020_2022,KOSPI_KOSDAQ_ALL,OPFY1_REV,FOREIGN_FLOW,0.10956322455079613
2020_2022,KOSPI_KOSDAQ_ALL,PBR12MF,PER12MF,0.8868425817937191
2020_2022,KOSPI_KOSDAQ_ALL,PBR12MF,PRIVATE_FLOW,0.25833862015035275
2020_2022,KOSPI_KOSDAQ_ALL,PBR12MF,FOREIGN_FLOW,-0.22065239852802776
2020_2022,KOSPI_KOSDAQ_ALL,PER12MF,PRIVATE_FLOW,0.22477506109225107
2020_2022,KOSPI_KOSDAQ_ALL,PER12MF,FOREIGN_FLOW,-0.13367844200806575
2020_2022,KOSPI_KOSDAQ_ALL,PRIVATE_FLOW,FOREIGN_FLOW,-0.12981060628065882
2023_2024,KOSPI_KOSDAQ_ALL,MOM1M,MOM12_1,0.17540796197643574
2023_2024,KOSPI_KOSDAQ_ALL,MOM1M,OP12_REV,0.1265604162906174
2023_2024,KOSPI_KOSDAQ_ALL,MOM1M,OPFY1_REV,0.3922319747578185
2023_2024,KOSPI_KOSDAQ_ALL,MOM1M,PBR12MF,-0.036592379782722985
2023_2024,KOSPI_KOSDAQ_ALL,MOM1M,PER12MF,0.06501718257413333
2023_2024,KOSPI_KOSDAQ_ALL,MOM1M,PRIVATE_FLOW,0.3863575899815706
2023_2024,KOSPI_KOSDAQ_ALL,MOM1M,FOREIGN_FLOW,0.17396221960476482
2023_2024,KOSPI_KOSDAQ_ALL,MOM12_1,OP12_REV,0.4818448190508929
2023_2024,KOSPI_KOSDAQ_ALL,MOM12_1,OPFY1_REV,0.3082121720906035
2023_2024,KOSPI_KOSDAQ_ALL,MOM12_1,PBR12MF,-0.6007250538590069
2023_2024,KOSPI_KOSDAQ_ALL,MOM12_1,PER12MF,-0.4715672460937778
2023_2024,KOSPI_KOSDAQ_ALL,MOM12_1,PRIVATE_FLOW,-0.34535113359291036
2023_2024,KOSPI_KOSDAQ_ALL,MOM12_1,FOREIGN_FLOW,0.08985659350128498
2023_2024,KOSPI_KOSDAQ_ALL,OP12_REV,OPFY1_REV,0.509214464580647
2023_2024,KOSPI_KOSDAQ_ALL,OP12_REV,PBR12MF,-0.4765028538317966
2023_2024,KOSPI_KOSDAQ_ALL,OP12_REV,PER12MF,-0.4053852464052421
2023_2024,KOSPI_KOSDAQ_ALL,OP12_REV,PRIVATE_FLOW,-0.1104269962062828
2023_2024,KOSPI_KOSDAQ_ALL,OP12_REV,FOREIGN_FLOW,0.09849344132466067
2023_2024,KOSPI_KOSDAQ_ALL,OPFY1_REV,PBR12MF,-0.14573386173633096
2023_2024,KOSPI_KOSDAQ_ALL,OPFY1_REV,PER12MF,-0.0028310894045421708
2023_2024,KOSPI_KOSDAQ_ALL,OPFY1_REV,PRIVATE_FLOW,0.17158469257974604
2023_2024,KOSPI_KOSDAQ_ALL,OPFY1_REV,FOREIGN_FLOW,0.3300606968163543
2023_2024,KOSPI_KOSDAQ_ALL,PBR12MF,PER12MF,0.9316394227120343
2023_2024,KOSPI_KOSDAQ_ALL,PBR12MF,PRIVATE_FLOW,0.4864923164888173
2023_2024,KOSPI_KOSDAQ_ALL,PBR12MF,FOREIGN_FLOW,0.07913961929840709
2023_2024,KOSPI_KOSDAQ_ALL,PER12MF,PRIVATE_FLOW,0.48498957077244614
2023_2024,KOSPI_KOSDAQ_ALL,PER12MF,FOREIGN_FLOW,0.1614105672490874
2023_2024,KOSPI_KOSDAQ_ALL,PRIVATE_FLOW,FOREIGN_FLOW,0.01855117800604965
2025,KOSPI_KOSDAQ_ALL,MOM1M,MOM12_1,0.38957663278730087
2025,KOSPI_KOSDAQ_ALL,MOM1M,OP12_REV,0.1792256516439944
2025,KOSPI_KOSDAQ_ALL,MOM1M,OPFY1_REV,0.3278322203525585
2025,KOSPI_KOSDAQ_ALL,MOM1M,PBR12MF,-0.2597981898258204
2025,KOSPI_KOSDAQ_ALL,MOM1M,PER12MF,-0.09701485642403712
2025,KOSPI_KOSDAQ_ALL,MOM1M,PRIVATE_FLOW,0.1816694414276874
2025,KOSPI_KOSDAQ_ALL,MOM1M,FOREIGN_FLOW,0.1453195094408432
2025,KOSPI_KOSDAQ_ALL,MOM12_1,OP12_REV,0.3591052258839209
2025,KOSPI_KOSDAQ_ALL,MOM12_1,OPFY1_REV,0.39369166169132436
2025,KOSPI_KOSDAQ_ALL,MOM12_1,PBR12MF,-0.23462393127653144
2025,KOSPI_KOSDAQ_ALL,MOM12_1,PER12MF,0.034062825222240106
2025,KOSPI_KOSDAQ_ALL,MOM12_1,PRIVATE_FLOW,-0.1578574253145488
2025,KOSPI_KOSDAQ_ALL,MOM12_1,FOREIGN_FLOW,0.35959624071054447
2025,KOSPI_KOSDAQ_ALL,OP12_REV,OPFY1_REV,0.5220079552827098
2025,KOSPI_KOSDAQ_ALL,OP12_REV,PBR12MF,-0.27418238780407894
2025,KOSPI_KOSDAQ_ALL,OP12_REV,PER12MF,-0.22492245157716212
2025,KOSPI_KOSDAQ_ALL,OP12_REV,PRIVATE_FLOW,-0.13219537384968055
2025,KOSPI_KOSDAQ_ALL,OP12_REV,FOREIGN_FLOW,0.3714247096403674
2025,KOSPI_KOSDAQ_ALL,OPFY1_REV,PBR12MF,-0.07898977914417579
2025,KOSPI_KOSDAQ_ALL,OPFY1_REV,PER12MF,0.08719432286604592
2025,KOSPI_KOSDAQ_ALL,OPFY1_REV,PRIVATE_FLOW,-0.07089585821543876
2025,KOSPI_KOSDAQ_ALL,OPFY1_REV,FOREIGN_FLOW,0.4656965265376234
2025,KOSPI_KOSDAQ_ALL,PBR12MF,PER12MF,0.8243201920757184
2025,KOSPI_KOSDAQ_ALL,PBR12MF,PRIVATE_FLOW,0.22782810888857238
2025,KOSPI_KOSDAQ_ALL,PBR12MF,FOREIGN_FLOW,-0.10571227386181958
2025,KOSPI_KOSDAQ_ALL,PER12MF,PRIVATE_FLOW,0.16261877590019275
2025,KOSPI_KOSDAQ_ALL,PER12MF,FOREIGN_FLOW,-0.0016138201667704655
2025,KOSPI_KOSDAQ_ALL,PRIVATE_FLOW,FOREIGN_FLOW,-0.013977431195064184
2026,KOSPI_KOSDAQ_ALL,MOM1M,MOM12_1,-0.19751382972314063
2026,KOSPI_KOSDAQ_ALL,MOM1M,OP12_REV,-0.12153270936808154
2026,KOSPI_KOSDAQ_ALL,MOM1M,OPFY1_REV,-0.10969211613999956
2026,KOSPI_KOSDAQ_ALL,MOM1M,PBR12MF,0.3319675128921926
2026,KOSPI_KOSDAQ_ALL,MOM1M,PER12MF,0.43076267994749357
2026,KOSPI_KOSDAQ_ALL,MOM1M,PRIVATE_FLOW,0.2674928505062831
2026,KOSPI_KOSDAQ_ALL,MOM1M,FOREIGN_FLOW,0.18221902698168213
2026,KOSPI_KOSDAQ_ALL,MOM12_1,OP12_REV,0.7753843686025862
2026,KOSPI_KOSDAQ_ALL,MOM12_1,OPFY1_REV,0.19530310321347596
2026,KOSPI_KOSDAQ_ALL,MOM12_1,PBR12MF,-0.7087443684952671
2026,KOSPI_KOSDAQ_ALL,MOM12_1,PER12MF,-0.6437579250431883
2026,KOSPI_KOSDAQ_ALL,MOM12_1,PRIVATE_FLOW,-0.34393314863790997
2026,KOSPI_KOSDAQ_ALL,MOM12_1,FOREIGN_FLOW,-0.06586756875797883
2026,KOSPI_KOSDAQ_ALL,OP12_REV,OPFY1_REV,0.5957590620400516
2026,KOSPI_KOSDAQ_ALL,OP12_REV,PBR12MF,-0.8167001584963693
2026,KOSPI_KOSDAQ_ALL,OP12_REV,PER12MF,-0.7832287885685838
2026,KOSPI_KOSDAQ_ALL,OP12_REV,PRIVATE_FLOW,-0.2065367973216828
2026,KOSPI_KOSDAQ_ALL,OP12_REV,FOREIGN_FLOW,0.011283485239737621
2026,KOSPI_KOSDAQ_ALL,OPFY1_REV,PBR12MF,-0.47087305198626606
2026,KOSPI_KOSDAQ_ALL,OPFY1_REV,PER12MF,-0.4526017942534013
2026,KOSPI_KOSDAQ_ALL,OPFY1_REV,PRIVATE_FLOW,0.07426979090347684
2026,KOSPI_KOSDAQ_ALL,OPFY1_REV,FOREIGN_FLOW,-0.014271984334168111
2026,KOSPI_KOSDAQ_ALL,PBR12MF,PER12MF,0.9558646311103527
2026,KOSPI_KOSDAQ_ALL,PBR12MF,PRIVATE_FLOW,0.11305880878074145
2026,KOSPI_KOSDAQ_ALL,PBR12MF,FOREIGN_FLOW,0.20644831742987346
2026,KOSPI_KOSDAQ_ALL,PER12MF,PRIVATE_FLOW,0.07265539944942152
2026,KOSPI_KOSDAQ_ALL,PER12MF,FOREIGN_FLOW,0.1838666412319064
2026,KOSPI_KOSDAQ_ALL,PRIVATE_FLOW,FOREIGN_FLOW,0.10161740595109445
