date,year,universe,eligible,valid_all8,coverage
2016-01-04,2016,K200,190,154,0.8105263157894737
2016-01-04,2016,KOSPI_EX_K200,479,47,0.09812108559498957
2016-01-04,2016,KOSDAQ,978,51,0.05214723926380368
2016-01-11,2016,K200,190,166,0.8736842105263158
2016-01-11,2016,KOSPI_EX_K200,479,76,0.15866388308977036
2016-01-11,2016,KOSDAQ,978,88,0.08997955010224949
2016-01-18,2016,K200,190,166,0.8736842105263158
2016-01-18,2016,KOSPI_EX_K200,479,76,0.15866388308977036
2016-01-18,2016,KOSDAQ,978,89,0.09100204498977506
2016-01-25,2016,K200,190,166,0.8736842105263158
2016-01-25,2016,KOSPI_EX_K200,479,76,0.15866388308977036
2016-01-25,2016,KOSDAQ,978,87,0.08895705521472393
2016-02-01,2016,K200,190,164,0.8631578947368421
2016-02-01,2016,KOSPI_EX_K200,479,78,0.162839248434238
2016-02-01,2016,KOSDAQ,979,85,0.08682328907048008
2016-02-11,2016,K200,190,162,0.8526315789473684
2016-02-11,2016,KOSPI_EX_K200,480,81,0.16875
2016-02-11,2016,KOSDAQ,981,81,0.08256880733944955
2016-02-18,2016,K200,190,162,0.8526315789473684
2016-02-18,2016,KOSPI_EX_K200,480,76,0.15833333333333333
2016-02-18,2016,KOSDAQ,982,88,0.08961303462321792
2016-02-25,2016,K200,190,162,0.8526315789473684
2016-02-25,2016,KOSPI_EX_K200,480,72,0.15
2016-02-25,2016,KOSDAQ,982,91,0.09266802443991853
2016-03-04,2016,K200,190,160,0.8421052631578947
2016-03-04,2016,KOSPI_EX_K200,480,68,0.14166666666666666
2016-03-04,2016,KOSDAQ,984,93,0.09451219512195122
2016-03-11,2016,K200,190,160,0.8421052631578947
2016-03-11,2016,KOSPI_EX_K200,480,68,0.14166666666666666
2016-03-11,2016,KOSDAQ,985,96,0.09746192893401015
2016-03-18,2016,K200,190,160,0.8421052631578947
2016-03-18,2016,KOSPI_EX_K200,480,62,0.12916666666666668
2016-03-18,2016,KOSDAQ,985,96,0.09746192893401015
2016-03-25,2016,K200,190,162,0.8526315789473684
2016-03-25,2016,KOSPI_EX_K200,480,62,0.12916666666666668
2016-03-25,2016,KOSDAQ,985,97,0.09847715736040609
2016-04-01,2016,K200,190,164,0.8631578947368421
2016-04-01,2016,KOSPI_EX_K200,481,66,0.13721413721413722
2016-04-01,2016,KOSDAQ,985,99,0.10050761421319797
2016-04-08,2016,K200,190,164,0.8631578947368421
2016-04-08,2016,KOSPI_EX_K200,481,76,0.158004158004158
2016-04-08,2016,KOSDAQ,986,103,0.10446247464503043
2016-04-18,2016,K200,190,164,0.8631578947368421
2016-04-18,2016,KOSPI_EX_K200,481,74,0.15384615384615385
2016-04-18,2016,KOSDAQ,987,102,0.1033434650455927
2016-04-25,2016,K200,190,166,0.8736842105263158
2016-04-25,2016,KOSPI_EX_K200,481,78,0.16216216216216217
2016-04-25,2016,KOSDAQ,987,105,0.10638297872340426
2016-05-02,2016,K200,190,166,0.8736842105263158
2016-05-02,2016,KOSPI_EX_K200,481,76,0.158004158004158
2016-05-02,2016,KOSDAQ,988,103,0.10425101214574899
2016-05-11,2016,K200,190,169,0.8894736842105263
2016-05-11,2016,KOSPI_EX_K200,482,77,0.15975103734439833
2016-05-11,2016,KOSDAQ,987,103,0.10435663627152988
2016-05-18,2016,K200,190,168,0.8842105263157894
2016-05-18,2016,KOSPI_EX_K200,482,81,0.16804979253112035
2016-05-18,2016,KOSDAQ,987,100,0.10131712259371833
2016-05-25,2016,K200,190,167,0.8789473684210526
2016-05-25,2016,KOSPI_EX_K200,482,80,0.16597510373443983
2016-05-25,2016,KOSDAQ,987,100,0.10131712259371833
2016-06-01,2016,K200,190,168,0.8842105263157894
2016-06-01,2016,KOSPI_EX_K200,483,77,0.15942028985507245
2016-06-01,2016,KOSDAQ,987,98,0.09929078014184398
2016-06-09,2016,K200,190,171,0.9
2016-06-09,2016,KOSPI_EX_K200,483,77,0.15942028985507245
2016-06-09,2016,KOSDAQ,989,99,0.10010111223458039
2016-06-16,2016,K200,190,172,0.9052631578947369
2016-06-16,2016,KOSPI_EX_K200,483,74,0.15320910973084886
2016-06-16,2016,KOSDAQ,989,99,0.10010111223458039
2016-06-23,2016,K200,190,172,0.9052631578947369
2016-06-23,2016,KOSPI_EX_K200,483,75,0.15527950310559005
2016-06-23,2016,KOSDAQ,992,103,0.10383064516129033
2016-06-30,2016,K200,190,171,0.9
2016-06-30,2016,KOSPI_EX_K200,484,71,0.14669421487603307
2016-06-30,2016,KOSDAQ,993,104,0.10473313192346426
2016-07-07,2016,K200,190,172,0.9052631578947369
2016-07-07,2016,KOSPI_EX_K200,484,74,0.15289256198347106
2016-07-07,2016,KOSDAQ,995,103,0.1035175879396985
2016-07-14,2016,K200,190,171,0.9
2016-07-14,2016,KOSPI_EX_K200,486,77,0.15843621399176955
2016-07-14,2016,KOSDAQ,994,107,0.10764587525150905
2016-07-21,2016,K200,190,170,0.8947368421052632
2016-07-21,2016,KOSPI_EX_K200,487,74,0.15195071868583163
2016-07-21,2016,KOSDAQ,994,105,0.1056338028169014
2016-07-28,2016,K200,190,170,0.8947368421052632
2016-07-28,2016,KOSPI_EX_K200,487,77,0.15811088295687886
2016-07-28,2016,KOSDAQ,996,105,0.10542168674698796
2016-08-04,2016,K200,190,172,0.9052631578947369
2016-08-04,2016,KOSPI_EX_K200,488,80,0.16393442622950818
2016-08-04,2016,KOSDAQ,996,111,0.11144578313253012
2016-08-11,2016,K200,190,171,0.9
2016-08-11,2016,KOSPI_EX_K200,489,81,0.1656441717791411
2016-08-11,2016,KOSDAQ,997,107,0.10732196589769308
2016-08-19,2016,K200,190,169,0.8894736842105263
2016-08-19,2016,KOSPI_EX_K200,489,85,0.1738241308793456
2016-08-19,2016,KOSDAQ,998,106,0.1062124248496994
2016-08-26,2016,K200,190,170,0.8947368421052632
2016-08-26,2016,KOSPI_EX_K200,489,85,0.1738241308793456
2016-08-26,2016,KOSDAQ,998,107,0.10721442885771543
2016-09-02,2016,K200,190,168,0.8842105263157894
2016-09-02,2016,KOSPI_EX_K200,490,79,0.16122448979591836
2016-09-02,2016,KOSDAQ,998,105,0.10521042084168336
2016-09-09,2016,K200,190,168,0.8842105263157894
2016-09-09,2016,KOSPI_EX_K200,490,79,0.16122448979591836
2016-09-09,2016,KOSDAQ,1001,100,0.0999000999000999
2016-09-21,2016,K200,190,168,0.8842105263157894
2016-09-21,2016,KOSPI_EX_K200,490,76,0.15510204081632653
2016-09-21,2016,KOSDAQ,1002,104,0.10379241516966067
2016-09-28,2016,K200,190,170,0.8947368421052632
2016-09-28,2016,KOSPI_EX_K200,491,78,0.15885947046843177
2016-09-28,2016,KOSDAQ,1002,104,0.10379241516966067
2016-10-06,2016,K200,190,168,0.8842105263157894
2016-10-06,2016,KOSPI_EX_K200,492,76,0.15447154471544716
2016-10-06,2016,KOSDAQ,1003,108,0.10767696909272183
2016-10-13,2016,K200,190,168,0.8842105263157894
2016-10-13,2016,KOSPI_EX_K200,492,74,0.15040650406504066
2016-10-13,2016,KOSDAQ,1006,103,0.10238568588469185
2016-10-20,2016,K200,191,169,0.8848167539267016
2016-10-20,2016,KOSPI_EX_K200,491,69,0.14052953156822812
2016-10-20,2016,KOSDAQ,1009,97,0.09613478691774034
2016-10-27,2016,K200,191,170,0.8900523560209425
2016-10-27,2016,KOSPI_EX_K200,492,69,0.1402439024390244
2016-10-27,2016,KOSDAQ,1010,95,0.09405940594059406
2016-11-03,2016,K200,191,170,0.8900523560209425
2016-11-03,2016,KOSPI_EX_K200,492,73,0.1483739837398374
2016-11-03,2016,KOSDAQ,1015,94,0.09261083743842365
2016-11-10,2016,K200,191,171,0.8952879581151832
2016-11-10,2016,KOSPI_EX_K200,493,70,0.14198782961460446
2016-11-10,2016,KOSDAQ,1017,93,0.09144542772861357
2016-11-17,2016,K200,191,170,0.8900523560209425
2016-11-17,2016,KOSPI_EX_K200,493,70,0.14198782961460446
2016-11-17,2016,KOSDAQ,1017,89,0.08751229105211406
2016-11-24,2016,K200,191,168,0.8795811518324608
2016-11-24,2016,KOSPI_EX_K200,494,70,0.1417004048582996
2016-11-24,2016,KOSDAQ,1018,85,0.08349705304518663
2016-12-01,2016,K200,191,168,0.8795811518324608
2016-12-01,2016,KOSPI_EX_K200,494,72,0.145748987854251
2016-12-01,2016,KOSDAQ,1022,90,0.08806262230919765
2016-12-08,2016,K200,191,168,0.8795811518324608
2016-12-08,2016,KOSPI_EX_K200,495,72,0.14545454545454545
2016-12-08,2016,KOSDAQ,1026,86,0.08382066276803118
2016-12-15,2016,K200,191,167,0.8743455497382199
2016-12-15,2016,KOSPI_EX_K200,495,76,0.15353535353535352
2016-12-15,2016,KOSDAQ,1028,94,0.0914396887159533
2016-12-22,2016,K200,191,167,0.8743455497382199
2016-12-22,2016,KOSPI_EX_K200,495,77,0.15555555555555556
2016-12-22,2016,KOSDAQ,1029,98,0.09523809523809523
2016-12-29,2016,K200,192,166,0.8645833333333334
2016-12-29,2016,KOSPI_EX_K200,494,78,0.15789473684210525
2016-12-29,2016,KOSDAQ,1030,101,0.09805825242718447
2017-01-06,2017,K200,192,165,0.859375
2017-01-06,2017,KOSPI_EX_K200,494,78,0.15789473684210525
2017-01-06,2017,KOSDAQ,1030,101,0.09805825242718447
2017-01-13,2017,K200,192,162,0.84375
2017-01-13,2017,KOSPI_EX_K200,494,80,0.16194331983805668
2017-01-13,2017,KOSDAQ,1030,97,0.0941747572815534
2017-01-20,2017,K200,192,163,0.8489583333333334
2017-01-20,2017,KOSPI_EX_K200,494,78,0.15789473684210525
2017-01-20,2017,KOSDAQ,1030,92,0.08932038834951456
2017-01-31,2017,K200,192,161,0.8385416666666666
2017-01-31,2017,KOSPI_EX_K200,494,73,0.14777327935222673
2017-01-31,2017,KOSDAQ,1032,97,0.0939922480620155
2017-02-07,2017,K200,192,162,0.84375
2017-02-07,2017,KOSPI_EX_K200,495,71,0.14343434343434344
2017-02-07,2017,KOSDAQ,1032,95,0.09205426356589147
2017-02-14,2017,K200,192,162,0.84375
2017-02-14,2017,KOSPI_EX_K200,495,72,0.14545454545454545
2017-02-14,2017,KOSDAQ,1032,93,0.09011627906976744
2017-02-21,2017,K200,192,158,0.8229166666666666
2017-02-21,2017,KOSPI_EX_K200,495,70,0.1414141414141414
2017-02-21,2017,KOSDAQ,1032,100,0.09689922480620156
2017-02-28,2017,K200,192,159,0.828125
2017-02-28,2017,KOSPI_EX_K200,495,65,0.13131313131313133
2017-02-28,2017,KOSDAQ,1036,95,0.0916988416988417
2017-03-08,2017,K200,192,160,0.8333333333333334
2017-03-08,2017,KOSPI_EX_K200,495,65,0.13131313131313133
2017-03-08,2017,KOSDAQ,1037,96,0.09257473481195758
2017-03-15,2017,K200,192,159,0.828125
2017-03-15,2017,KOSPI_EX_K200,496,63,0.12701612903225806
2017-03-15,2017,KOSDAQ,1037,96,0.09257473481195758
2017-03-22,2017,K200,192,158,0.8229166666666666
2017-03-22,2017,KOSPI_EX_K200,496,64,0.12903225806451613
2017-03-22,2017,KOSDAQ,1038,96,0.09248554913294797
2017-03-29,2017,K200,192,158,0.8229166666666666
2017-03-29,2017,KOSPI_EX_K200,496,66,0.13306451612903225
2017-03-29,2017,KOSDAQ,1040,95,0.09134615384615384
2017-04-05,2017,K200,192,157,0.8177083333333334
2017-04-05,2017,KOSPI_EX_K200,496,69,0.13911290322580644
2017-04-05,2017,KOSDAQ,1041,95,0.09125840537944284
2017-04-12,2017,K200,192,157,0.8177083333333334
2017-04-12,2017,KOSPI_EX_K200,497,67,0.13480885311871227
2017-04-12,2017,KOSDAQ,1044,91,0.0871647509578544
2017-04-19,2017,K200,192,157,0.8177083333333334
2017-04-19,2017,KOSPI_EX_K200,497,71,0.14285714285714285
2017-04-19,2017,KOSDAQ,1044,94,0.09003831417624521
2017-04-26,2017,K200,192,157,0.8177083333333334
2017-04-26,2017,KOSPI_EX_K200,497,72,0.1448692152917505
2017-04-26,2017,KOSDAQ,1044,94,0.09003831417624521
2017-05-08,2017,K200,192,160,0.8333333333333334
2017-05-08,2017,KOSPI_EX_K200,497,75,0.15090543259557343
2017-05-08,2017,KOSDAQ,1048,100,0.09541984732824428
2017-05-16,2017,K200,192,161,0.8385416666666666
2017-05-16,2017,KOSPI_EX_K200,502,77,0.15338645418326693
2017-05-16,2017,KOSDAQ,1048,97,0.09255725190839695
2017-05-23,2017,K200,192,161,0.8385416666666666
2017-05-23,2017,KOSPI_EX_K200,503,81,0.1610337972166998
2017-05-23,2017,KOSDAQ,1048,98,0.09351145038167939
2017-05-30,2017,K200,192,162,0.84375
2017-05-30,2017,KOSPI_EX_K200,503,85,0.16898608349900596
2017-05-30,2017,KOSDAQ,1048,99,0.09446564885496184
2017-06-07,2017,K200,192,162,0.84375
2017-06-07,2017,KOSPI_EX_K200,503,82,0.16302186878727634
2017-06-07,2017,KOSDAQ,1052,101,0.09600760456273764
2017-06-14,2017,K200,192,166,0.8645833333333334
2017-06-14,2017,KOSPI_EX_K200,503,78,0.1550695825049702
2017-06-14,2017,KOSDAQ,1053,100,0.0949667616334283
2017-06-21,2017,K200,192,166,0.8645833333333334
2017-06-21,2017,KOSPI_EX_K200,503,82,0.16302186878727634
2017-06-21,2017,KOSDAQ,1053,102,0.09686609686609686
2017-06-28,2017,K200,192,166,0.8645833333333334
2017-06-28,2017,KOSPI_EX_K200,503,83,0.16500994035785288
2017-06-28,2017,KOSDAQ,1055,104,0.0985781990521327
2017-07-05,2017,K200,192,170,0.8854166666666666
2017-07-05,2017,KOSPI_EX_K200,503,84,0.16699801192842942
2017-07-05,2017,KOSDAQ,1056,105,0.09943181818181818
2017-07-12,2017,K200,193,165,0.8549222797927462
2017-07-12,2017,KOSPI_EX_K200,504,85,0.16865079365079366
2017-07-12,2017,KOSDAQ,1057,99,0.09366130558183539
2017-07-19,2017,K200,193,167,0.8652849740932642
2017-07-19,2017,KOSPI_EX_K200,505,88,0.17425742574257425
2017-07-19,2017,KOSDAQ,1058,100,0.0945179584120983
2017-07-26,2017,K200,193,166,0.8601036269430051
2017-07-26,2017,KOSPI_EX_K200,505,89,0.17623762376237623
2017-07-26,2017,KOSDAQ,1059,102,0.09631728045325778
2017-08-02,2017,K200,193,167,0.8652849740932642
2017-08-02,2017,KOSPI_EX_K200,505,86,0.1702970297029703
2017-08-02,2017,KOSDAQ,1061,100,0.0942507068803016
2017-08-09,2017,K200,193,169,0.8756476683937824
2017-08-09,2017,KOSPI_EX_K200,505,88,0.17425742574257425
2017-08-09,2017,KOSDAQ,1064,99,0.09304511278195489
2017-08-17,2017,K200,193,168,0.8704663212435233
2017-08-17,2017,KOSPI_EX_K200,505,89,0.17623762376237623
2017-08-17,2017,KOSDAQ,1066,97,0.09099437148217636
2017-08-24,2017,K200,193,170,0.8808290155440415
2017-08-24,2017,KOSPI_EX_K200,505,88,0.17425742574257425
2017-08-24,2017,KOSDAQ,1068,98,0.09176029962546817
2017-08-31,2017,K200,193,167,0.8652849740932642
2017-08-31,2017,KOSPI_EX_K200,505,91,0.1801980198019802
2017-08-31,2017,KOSDAQ,1069,102,0.09541627689429373
2017-09-07,2017,K200,193,167,0.8652849740932642
2017-09-07,2017,KOSPI_EX_K200,505,89,0.17623762376237623
2017-09-07,2017,KOSDAQ,1070,99,0.09252336448598131
2017-09-14,2017,K200,193,168,0.8704663212435233
2017-09-14,2017,KOSPI_EX_K200,505,88,0.17425742574257425
2017-09-14,2017,KOSDAQ,1071,99,0.09243697478991597
2017-09-21,2017,K200,192,168,0.875
2017-09-21,2017,KOSPI_EX_K200,506,87,0.17193675889328064
2017-09-21,2017,KOSDAQ,1074,98,0.09124767225325885
2017-09-28,2017,K200,192,168,0.875
2017-09-28,2017,KOSPI_EX_K200,506,82,0.16205533596837945
2017-09-28,2017,KOSDAQ,1077,92,0.08542246982358404
2017-10-13,2017,K200,192,168,0.875
2017-10-13,2017,KOSPI_EX_K200,506,79,0.15612648221343872
2017-10-13,2017,KOSDAQ,1079,95,0.08804448563484708
2017-10-20,2017,K200,192,168,0.875
2017-10-20,2017,KOSPI_EX_K200,506,77,0.15217391304347827
2017-10-20,2017,KOSDAQ,1081,92,0.0851063829787234
2017-10-27,2017,K200,192,167,0.8697916666666666
2017-10-27,2017,KOSPI_EX_K200,506,80,0.15810276679841898
2017-10-27,2017,KOSDAQ,1082,98,0.09057301293900184
2017-11-03,2017,K200,192,167,0.8697916666666666
2017-11-03,2017,KOSPI_EX_K200,508,82,0.16141732283464566
2017-11-03,2017,KOSDAQ,1082,102,0.09426987060998152
2017-11-10,2017,K200,192,167,0.8697916666666666
2017-11-10,2017,KOSPI_EX_K200,508,86,0.16929133858267717
2017-11-10,2017,KOSDAQ,1083,104,0.09602954755309326
2017-11-17,2017,K200,192,168,0.875
2017-11-17,2017,KOSPI_EX_K200,508,82,0.16141732283464566
2017-11-17,2017,KOSDAQ,1083,111,0.10249307479224377
2017-11-24,2017,K200,192,168,0.875
2017-11-24,2017,KOSPI_EX_K200,508,83,0.16338582677165353
2017-11-24,2017,KOSDAQ,1084,117,0.10793357933579335
2017-12-01,2017,K200,192,168,0.875
2017-12-01,2017,KOSPI_EX_K200,509,88,0.17288801571709234
2017-12-01,2017,KOSDAQ,1085,113,0.10414746543778802
2017-12-08,2017,K200,192,167,0.8697916666666666
2017-12-08,2017,KOSPI_EX_K200,513,87,0.1695906432748538
2017-12-08,2017,KOSDAQ,1089,111,0.10192837465564739
2017-12-15,2017,K200,192,167,0.8697916666666666
2017-12-15,2017,KOSPI_EX_K200,513,88,0.17153996101364521
2017-12-15,2017,KOSDAQ,1090,116,0.10642201834862386
2017-12-22,2017,K200,192,169,0.8802083333333334
2017-12-22,2017,KOSPI_EX_K200,513,84,0.16374269005847952
2017-12-22,2017,KOSDAQ,1091,121,0.11090742438130156
2018-01-03,2018,K200,192,166,0.8645833333333334
2018-01-03,2018,KOSPI_EX_K200,513,82,0.15984405458089668
2018-01-03,2018,KOSDAQ,1092,118,0.10805860805860806
2018-01-10,2018,K200,193,165,0.8549222797927462
2018-01-10,2018,KOSPI_EX_K200,513,87,0.1695906432748538
2018-01-10,2018,KOSDAQ,1092,120,0.10989010989010989
2018-01-17,2018,K200,193,164,0.8497409326424871
2018-01-17,2018,KOSPI_EX_K200,514,82,0.15953307392996108
2018-01-17,2018,KOSDAQ,1092,118,0.10805860805860806
2018-01-24,2018,K200,193,165,0.8549222797927462
2018-01-24,2018,KOSPI_EX_K200,514,85,0.16536964980544747
2018-01-24,2018,KOSDAQ,1092,120,0.10989010989010989
2018-01-31,2018,K200,193,164,0.8497409326424871
2018-01-31,2018,KOSPI_EX_K200,514,87,0.16926070038910507
2018-01-31,2018,KOSDAQ,1094,122,0.11151736745886655
2018-02-07,2018,K200,193,166,0.8601036269430051
2018-02-07,2018,KOSPI_EX_K200,514,84,0.16342412451361868
2018-02-07,2018,KOSDAQ,1096,117,0.10675182481751824
2018-02-14,2018,K200,193,165,0.8549222797927462
2018-02-14,2018,KOSPI_EX_K200,515,83,0.16116504854368932
2018-02-14,2018,KOSDAQ,1099,115,0.10464058234758872
2018-02-23,2018,K200,193,164,0.8497409326424871
2018-02-23,2018,KOSPI_EX_K200,515,79,0.1533980582524272
2018-02-23,2018,KOSDAQ,1101,115,0.1044504995458674
2018-03-05,2018,K200,193,162,0.8393782383419689
2018-03-05,2018,KOSPI_EX_K200,515,79,0.1533980582524272
2018-03-05,2018,KOSDAQ,1101,111,0.1008174386920981
2018-03-12,2018,K200,193,162,0.8393782383419689
2018-03-12,2018,KOSPI_EX_K200,515,82,0.15922330097087378
2018-03-12,2018,KOSDAQ,1101,115,0.1044504995458674
2018-03-19,2018,K200,193,161,0.8341968911917098
2018-03-19,2018,KOSPI_EX_K200,515,80,0.1553398058252427
2018-03-19,2018,KOSDAQ,1102,122,0.11070780399274047
2018-03-26,2018,K200,193,162,0.8393782383419689
2018-03-26,2018,KOSPI_EX_K200,516,81,0.1569767441860465
2018-03-26,2018,KOSDAQ,1102,116,0.10526315789473684
2018-04-02,2018,K200,193,164,0.8497409326424871
2018-04-02,2018,KOSPI_EX_K200,516,85,0.16472868217054262
2018-04-02,2018,KOSDAQ,1103,113,0.10244786944696282
2018-04-09,2018,K200,193,164,0.8497409326424871
2018-04-09,2018,KOSPI_EX_K200,516,81,0.1569767441860465
2018-04-09,2018,KOSDAQ,1105,114,0.10316742081447963
2018-04-16,2018,K200,193,164,0.8497409326424871
2018-04-16,2018,KOSPI_EX_K200,516,83,0.16085271317829458
2018-04-16,2018,KOSDAQ,1105,117,0.10588235294117647
2018-04-23,2018,K200,193,162,0.8393782383419689
2018-04-23,2018,KOSPI_EX_K200,516,85,0.16472868217054262
2018-04-23,2018,KOSDAQ,1105,115,0.10407239819004525
2018-04-30,2018,K200,193,163,0.844559585492228
2018-04-30,2018,KOSPI_EX_K200,516,86,0.16666666666666666
2018-04-30,2018,KOSDAQ,1105,119,0.1076923076923077
2018-05-09,2018,K200,193,164,0.8497409326424871
2018-05-09,2018,KOSPI_EX_K200,516,90,0.1744186046511628
2018-05-09,2018,KOSDAQ,1105,119,0.1076923076923077
2018-05-16,2018,K200,193,164,0.8497409326424871
2018-05-16,2018,KOSPI_EX_K200,516,90,0.1744186046511628
2018-05-16,2018,KOSDAQ,1105,120,0.1085972850678733
2018-05-24,2018,K200,193,166,0.8601036269430051
2018-05-24,2018,KOSPI_EX_K200,516,89,0.17248062015503876
2018-05-24,2018,KOSDAQ,1105,123,0.11131221719457013
2018-05-31,2018,K200,193,166,0.8601036269430051
2018-05-31,2018,KOSPI_EX_K200,516,92,0.17829457364341086
2018-05-31,2018,KOSDAQ,1107,125,0.11291779584462511
2018-06-08,2018,K200,193,166,0.8601036269430051
2018-06-08,2018,KOSPI_EX_K200,516,96,0.18604651162790697
2018-06-08,2018,KOSDAQ,1110,124,0.11171171171171171
2018-06-18,2018,K200,193,165,0.8549222797927462
2018-06-18,2018,KOSPI_EX_K200,517,94,0.18181818181818182
2018-06-18,2018,KOSDAQ,1110,123,0.11081081081081082
2018-06-25,2018,K200,193,165,0.8549222797927462
2018-06-25,2018,KOSPI_EX_K200,517,88,0.1702127659574468
2018-06-25,2018,KOSDAQ,1110,121,0.109009009009009
2018-07-02,2018,K200,193,167,0.8652849740932642
2018-07-02,2018,KOSPI_EX_K200,517,88,0.1702127659574468
2018-07-02,2018,KOSDAQ,1111,117,0.10531053105310531
2018-07-09,2018,K200,193,167,0.8652849740932642
2018-07-09,2018,KOSPI_EX_K200,517,87,0.16827852998065765
2018-07-09,2018,KOSDAQ,1112,118,0.10611510791366907
2018-07-16,2018,K200,194,168,0.865979381443299
2018-07-16,2018,KOSPI_EX_K200,520,86,0.16538461538461538
2018-07-16,2018,KOSDAQ,1113,124,0.11141060197663971
2018-07-23,2018,K200,194,167,0.8608247422680413
2018-07-23,2018,KOSPI_EX_K200,520,86,0.16538461538461538
2018-07-23,2018,KOSDAQ,1116,113,0.10125448028673835
2018-07-30,2018,K200,194,168,0.865979381443299
2018-07-30,2018,KOSPI_EX_K200,521,86,0.16506717850287908
2018-07-30,2018,KOSDAQ,1117,113,0.10116383169203223
2018-08-06,2018,K200,194,170,0.8762886597938144
2018-08-06,2018,KOSPI_EX_K200,523,91,0.1739961759082218
2018-08-06,2018,KOSDAQ,1119,118,0.10545129579982127
2018-08-13,2018,K200,194,171,0.8814432989690721
2018-08-13,2018,KOSPI_EX_K200,523,89,0.1701720841300191
2018-08-13,2018,KOSDAQ,1120,111,0.09910714285714285
2018-08-21,2018,K200,194,170,0.8762886597938144
2018-08-21,2018,KOSPI_EX_K200,523,88,0.1682600382409178
2018-08-21,2018,KOSDAQ,1121,111,0.09901873327386262
2018-08-28,2018,K200,194,169,0.8711340206185567
2018-08-28,2018,KOSPI_EX_K200,523,86,0.16443594646271512
2018-08-28,2018,KOSDAQ,1124,117,0.10409252669039146
2018-09-04,2018,K200,194,167,0.8608247422680413
2018-09-04,2018,KOSPI_EX_K200,523,89,0.1701720841300191
2018-09-04,2018,KOSDAQ,1125,121,0.10755555555555556
2018-09-11,2018,K200,194,168,0.865979381443299
2018-09-11,2018,KOSPI_EX_K200,523,95,0.18164435946462715
2018-09-11,2018,KOSDAQ,1126,119,0.10568383658969804
2018-09-18,2018,K200,194,166,0.8556701030927835
2018-09-18,2018,KOSPI_EX_K200,524,99,0.18893129770992367
2018-09-18,2018,KOSDAQ,1128,119,0.10549645390070922
2018-09-28,2018,K200,194,164,0.845360824742268
2018-09-28,2018,KOSPI_EX_K200,524,95,0.18129770992366412
2018-09-28,2018,KOSDAQ,1130,122,0.1079646017699115
2018-10-08,2018,K200,194,165,0.8505154639175257
2018-10-08,2018,KOSPI_EX_K200,526,92,0.17490494296577946
2018-10-08,2018,KOSDAQ,1133,113,0.0997352162400706
2018-10-16,2018,K200,194,164,0.845360824742268
2018-10-16,2018,KOSPI_EX_K200,526,90,0.17110266159695817
2018-10-16,2018,KOSDAQ,1134,101,0.0890652557319224
2018-10-23,2018,K200,194,164,0.845360824742268
2018-10-23,2018,KOSPI_EX_K200,526,87,0.16539923954372623
2018-10-23,2018,KOSDAQ,1134,105,0.09259259259259259
2018-10-30,2018,K200,194,161,0.8298969072164949
2018-10-30,2018,KOSPI_EX_K200,526,81,0.15399239543726237
2018-10-30,2018,KOSDAQ,1136,87,0.07658450704225352
2018-11-06,2018,K200,194,165,0.8505154639175257
2018-11-06,2018,KOSPI_EX_K200,526,88,0.16730038022813687
2018-11-06,2018,KOSDAQ,1140,102,0.08947368421052632
2018-11-13,2018,K200,194,164,0.845360824742268
2018-11-13,2018,KOSPI_EX_K200,526,88,0.16730038022813687
2018-11-13,2018,KOSDAQ,1140,99,0.0868421052631579
2018-11-20,2018,K200,194,167,0.8608247422680413
2018-11-20,2018,KOSPI_EX_K200,526,83,0.15779467680608364
2018-11-20,2018,KOSDAQ,1143,99,0.08661417322834646
2018-11-27,2018,K200,194,166,0.8556701030927835
2018-11-27,2018,KOSPI_EX_K200,527,83,0.15749525616698293
2018-11-27,2018,KOSDAQ,1146,92,0.08027923211169284
2018-12-04,2018,K200,194,168,0.865979381443299
2018-12-04,2018,KOSPI_EX_K200,527,86,0.16318785578747627
2018-12-04,2018,KOSDAQ,1152,97,0.0842013888888889
2018-12-11,2018,K200,194,169,0.8711340206185567
2018-12-11,2018,KOSPI_EX_K200,527,77,0.1461100569259962
2018-12-11,2018,KOSDAQ,1155,89,0.07705627705627706
2018-12-18,2018,K200,193,166,0.8601036269430051
2018-12-18,2018,KOSPI_EX_K200,528,76,0.14393939393939395
2018-12-18,2018,KOSDAQ,1160,88,0.07586206896551724
2018-12-26,2018,K200,193,164,0.8497409326424871
2018-12-26,2018,KOSPI_EX_K200,528,77,0.14583333333333334
2018-12-26,2018,KOSDAQ,1170,88,0.07521367521367521
2019-01-04,2019,K200,193,165,0.8549222797927462
2019-01-04,2019,KOSPI_EX_K200,529,76,0.14366729678638943
2019-01-04,2019,KOSDAQ,1170,84,0.07179487179487179
2019-01-11,2019,K200,193,166,0.8601036269430051
2019-01-11,2019,KOSPI_EX_K200,529,74,0.13988657844990549
2019-01-11,2019,KOSDAQ,1170,88,0.07521367521367521
2019-01-18,2019,K200,193,164,0.8497409326424871
2019-01-18,2019,KOSPI_EX_K200,529,77,0.14555765595463138
2019-01-18,2019,KOSDAQ,1170,94,0.08034188034188035
2019-01-25,2019,K200,193,161,0.8341968911917098
2019-01-25,2019,KOSPI_EX_K200,529,80,0.15122873345935728
2019-01-25,2019,KOSDAQ,1171,95,0.08112724167378309
2019-02-01,2019,K200,193,163,0.844559585492228
2019-02-01,2019,KOSPI_EX_K200,529,81,0.15311909262759923
2019-02-01,2019,KOSDAQ,1173,96,0.08184143222506395
2019-02-13,2019,K200,194,164,0.845360824742268
2019-02-13,2019,KOSPI_EX_K200,529,79,0.14933837429111532
2019-02-13,2019,KOSDAQ,1174,93,0.07921635434412266
2019-02-20,2019,K200,194,164,0.845360824742268
2019-02-20,2019,KOSPI_EX_K200,529,79,0.14933837429111532
2019-02-20,2019,KOSDAQ,1175,96,0.08170212765957446
2019-02-27,2019,K200,194,162,0.8350515463917526
2019-02-27,2019,KOSPI_EX_K200,529,83,0.15689981096408318
2019-02-27,2019,KOSDAQ,1175,95,0.08085106382978724
2019-03-07,2019,K200,194,159,0.8195876288659794
2019-03-07,2019,KOSPI_EX_K200,529,76,0.14366729678638943
2019-03-07,2019,KOSDAQ,1176,97,0.0824829931972789
2019-03-14,2019,K200,194,160,0.8247422680412371
2019-03-14,2019,KOSPI_EX_K200,531,78,0.14689265536723164
2019-03-14,2019,KOSDAQ,1175,100,0.0851063829787234
2019-03-21,2019,K200,194,161,0.8298969072164949
2019-03-21,2019,KOSPI_EX_K200,531,76,0.1431261770244821
2019-03-21,2019,KOSDAQ,1176,97,0.0824829931972789
2019-03-28,2019,K200,194,161,0.8298969072164949
2019-03-28,2019,KOSPI_EX_K200,532,78,0.14661654135338345
2019-03-28,2019,KOSDAQ,1178,98,0.0831918505942275
2019-04-04,2019,K200,194,160,0.8247422680412371
2019-04-04,2019,KOSPI_EX_K200,532,76,0.14285714285714285
2019-04-04,2019,KOSDAQ,1179,106,0.0899067005937235
2019-04-11,2019,K200,194,161,0.8298969072164949
2019-04-11,2019,KOSPI_EX_K200,532,80,0.15037593984962405
2019-04-11,2019,KOSDAQ,1179,109,0.09245122985581
2019-04-18,2019,K200,193,161,0.8341968911917098
2019-04-18,2019,KOSPI_EX_K200,533,79,0.14821763602251406
2019-04-18,2019,KOSDAQ,1179,109,0.09245122985581
2019-04-25,2019,K200,193,159,0.8238341968911918
2019-04-25,2019,KOSPI_EX_K200,533,78,0.14634146341463414
2019-04-25,2019,KOSDAQ,1179,110,0.09329940627650551
2019-05-03,2019,K200,193,160,0.8290155440414507
2019-05-03,2019,KOSPI_EX_K200,533,83,0.15572232645403378
2019-05-03,2019,KOSDAQ,1180,119,0.10084745762711865
2019-05-13,2019,K200,193,161,0.8341968911917098
2019-05-13,2019,KOSPI_EX_K200,533,81,0.15196998123827393
2019-05-13,2019,KOSDAQ,1182,106,0.08967851099830795
2019-05-20,2019,K200,193,164,0.8497409326424871
2019-05-20,2019,KOSPI_EX_K200,533,79,0.14821763602251406
2019-05-20,2019,KOSDAQ,1182,103,0.08714043993231811
2019-05-27,2019,K200,193,163,0.844559585492228
2019-05-27,2019,KOSPI_EX_K200,533,76,0.1425891181988743
2019-05-27,2019,KOSDAQ,1183,105,0.08875739644970414
2019-06-03,2019,K200,193,163,0.844559585492228
2019-06-03,2019,KOSPI_EX_K200,534,80,0.149812734082397
2019-06-03,2019,KOSDAQ,1185,105,0.08860759493670886
2019-06-11,2019,K200,193,163,0.844559585492228
2019-06-11,2019,KOSPI_EX_K200,534,84,0.15730337078651685
2019-06-11,2019,KOSDAQ,1187,110,0.09267059814658804
2019-06-18,2019,K200,192,166,0.8645833333333334
2019-06-18,2019,KOSPI_EX_K200,535,84,0.15700934579439252
2019-06-18,2019,KOSDAQ,1188,113,0.09511784511784512
2019-06-25,2019,K200,192,167,0.8697916666666666
2019-06-25,2019,KOSPI_EX_K200,535,82,0.15327102803738318
2019-06-25,2019,KOSDAQ,1189,116,0.0975609756097561
2019-07-02,2019,K200,192,168,0.875
2019-07-02,2019,KOSPI_EX_K200,535,84,0.15700934579439252
2019-07-02,2019,KOSDAQ,1190,118,0.09915966386554621
2019-07-09,2019,K200,192,167,0.8697916666666666
2019-07-09,2019,KOSPI_EX_K200,535,78,0.14579439252336449
2019-07-09,2019,KOSDAQ,1191,112,0.09403862300587741
2019-07-16,2019,K200,192,166,0.8645833333333334
2019-07-16,2019,KOSPI_EX_K200,535,80,0.14953271028037382
2019-07-16,2019,KOSDAQ,1193,116,0.0972338642078793
2019-07-23,2019,K200,192,166,0.8645833333333334
2019-07-23,2019,KOSPI_EX_K200,535,81,0.15140186915887852
2019-07-23,2019,KOSDAQ,1195,113,0.09456066945606695
2019-07-30,2019,K200,192,167,0.8697916666666666
2019-07-30,2019,KOSPI_EX_K200,535,78,0.14579439252336449
2019-07-30,2019,KOSDAQ,1198,104,0.08681135225375626
2019-08-06,2019,K200,192,167,0.8697916666666666
2019-08-06,2019,KOSPI_EX_K200,535,77,0.14392523364485982
2019-08-06,2019,KOSDAQ,1202,94,0.07820299500831947
2019-08-13,2019,K200,192,167,0.8697916666666666
2019-08-13,2019,KOSPI_EX_K200,535,76,0.14205607476635515
2019-08-13,2019,KOSDAQ,1204,98,0.08139534883720931
2019-08-21,2019,K200,192,165,0.859375
2019-08-21,2019,KOSPI_EX_K200,535,76,0.14205607476635515
2019-08-21,2019,KOSDAQ,1208,103,0.08526490066225166
2019-08-28,2019,K200,192,164,0.8541666666666666
2019-08-28,2019,KOSPI_EX_K200,535,75,0.14018691588785046
2019-08-28,2019,KOSDAQ,1209,100,0.0827129859387924
2019-09-04,2019,K200,192,164,0.8541666666666666
2019-09-04,2019,KOSPI_EX_K200,535,73,0.13644859813084112
2019-09-04,2019,KOSDAQ,1209,101,0.08354011579818031
2019-09-11,2019,K200,192,166,0.8645833333333334
2019-09-11,2019,KOSPI_EX_K200,535,71,0.13271028037383178
2019-09-11,2019,KOSDAQ,1210,109,0.09008264462809917
2019-09-20,2019,K200,192,163,0.8489583333333334
2019-09-20,2019,KOSPI_EX_K200,535,74,0.1383177570093458
2019-09-20,2019,KOSDAQ,1213,111,0.09150865622423743
2019-09-27,2019,K200,192,162,0.84375
2019-09-27,2019,KOSPI_EX_K200,535,74,0.1383177570093458
2019-09-27,2019,KOSDAQ,1213,107,0.08821104699093157
2019-10-07,2019,K200,192,166,0.8645833333333334
2019-10-07,2019,KOSPI_EX_K200,535,72,0.13457943925233645
2019-10-07,2019,KOSDAQ,1214,107,0.08813838550247118
2019-10-15,2019,K200,192,167,0.8697916666666666
2019-10-15,2019,KOSPI_EX_K200,535,72,0.13457943925233645
2019-10-15,2019,KOSDAQ,1216,104,0.08552631578947369
2019-10-22,2019,K200,192,167,0.8697916666666666
2019-10-22,2019,KOSPI_EX_K200,538,74,0.137546468401487
2019-10-22,2019,KOSDAQ,1218,103,0.08456486042692939
2019-10-29,2019,K200,192,163,0.8489583333333334
2019-10-29,2019,KOSPI_EX_K200,538,74,0.137546468401487
2019-10-29,2019,KOSDAQ,1222,100,0.08183306055646482
2019-11-05,2019,K200,192,164,0.8541666666666666
2019-11-05,2019,KOSPI_EX_K200,539,79,0.14656771799628943
2019-11-05,2019,KOSDAQ,1225,95,0.07755102040816327
2019-11-12,2019,K200,192,163,0.8489583333333334
2019-11-12,2019,KOSPI_EX_K200,540,76,0.14074074074074075
2019-11-12,2019,KOSDAQ,1228,99,0.08061889250814332
2019-11-19,2019,K200,192,163,0.8489583333333334
2019-11-19,2019,KOSPI_EX_K200,542,75,0.13837638376383765
2019-11-19,2019,KOSDAQ,1230,97,0.07886178861788617
2019-11-26,2019,K200,192,162,0.84375
2019-11-26,2019,KOSPI_EX_K200,543,75,0.13812154696132597
2019-11-26,2019,KOSDAQ,1234,99,0.08022690437601297
2019-12-03,2019,K200,192,164,0.8541666666666666
2019-12-03,2019,KOSPI_EX_K200,543,77,0.141804788213628
2019-12-03,2019,KOSDAQ,1236,96,0.07766990291262135
2019-12-10,2019,K200,192,161,0.8385416666666666
2019-12-10,2019,KOSPI_EX_K200,543,79,0.14548802946593
2019-12-10,2019,KOSDAQ,1239,99,0.07990314769975787
2019-12-17,2019,K200,192,161,0.8385416666666666
2019-12-17,2019,KOSPI_EX_K200,543,80,0.14732965009208104
2019-12-17,2019,KOSDAQ,1241,103,0.08299758259468171
2019-12-24,2019,K200,192,164,0.8541666666666666
2019-12-24,2019,KOSPI_EX_K200,543,78,0.143646408839779
2019-12-24,2019,KOSDAQ,1247,106,0.08500400962309543
2020-01-03,2020,K200,192,163,0.8489583333333334
2020-01-03,2020,KOSPI_EX_K200,543,76,0.13996316758747698
2020-01-03,2020,KOSDAQ,1250,108,0.0864
2020-01-10,2020,K200,192,164,0.8541666666666666
2020-01-10,2020,KOSPI_EX_K200,543,76,0.13996316758747698
2020-01-10,2020,KOSDAQ,1250,107,0.0856
2020-01-17,2020,K200,192,164,0.8541666666666666
2020-01-17,2020,KOSPI_EX_K200,543,78,0.143646408839779
2020-01-17,2020,KOSDAQ,1250,115,0.092
2020-01-28,2020,K200,192,162,0.84375
2020-01-28,2020,KOSPI_EX_K200,544,77,0.14154411764705882
2020-01-28,2020,KOSDAQ,1250,112,0.0896
2020-02-04,2020,K200,192,161,0.8385416666666666
2020-02-04,2020,KOSPI_EX_K200,544,74,0.13602941176470587
2020-02-04,2020,KOSDAQ,1250,106,0.0848
2020-02-11,2020,K200,192,161,0.8385416666666666
2020-02-11,2020,KOSPI_EX_K200,544,72,0.1323529411764706
2020-02-11,2020,KOSDAQ,1251,113,0.0903277378097522
2020-02-18,2020,K200,192,163,0.8489583333333334
2020-02-18,2020,KOSPI_EX_K200,544,67,0.12316176470588236
2020-02-18,2020,KOSDAQ,1251,117,0.09352517985611511
2020-02-25,2020,K200,192,162,0.84375
2020-02-25,2020,KOSPI_EX_K200,544,62,0.11397058823529412
2020-02-25,2020,KOSDAQ,1252,103,0.08226837060702875
2020-03-03,2020,K200,192,160,0.8333333333333334
2020-03-03,2020,KOSPI_EX_K200,544,60,0.11029411764705882
2020-03-03,2020,KOSDAQ,1254,93,0.07416267942583732
2020-03-10,2020,K200,192,160,0.8333333333333334
2020-03-10,2020,KOSPI_EX_K200,544,62,0.11397058823529412
2020-03-10,2020,KOSDAQ,1256,100,0.07961783439490445
2020-03-17,2020,K200,192,161,0.8385416666666666
2020-03-17,2020,KOSPI_EX_K200,544,49,0.0900735294117647
2020-03-17,2020,KOSDAQ,1258,69,0.054848966613672494
2020-03-24,2020,K200,192,156,0.8125
2020-03-24,2020,KOSPI_EX_K200,544,38,0.06985294117647059
2020-03-24,2020,KOSDAQ,1258,62,0.0492845786963434
2020-03-31,2020,K200,192,156,0.8125
2020-03-31,2020,KOSPI_EX_K200,544,50,0.09191176470588236
2020-03-31,2020,KOSDAQ,1258,70,0.05564387917329094
2020-04-07,2020,K200,192,153,0.796875
2020-04-07,2020,KOSPI_EX_K200,544,53,0.0974264705882353
2020-04-07,2020,KOSDAQ,1258,79,0.06279809220985691
2020-04-14,2020,K200,192,153,0.796875
2020-04-14,2020,KOSPI_EX_K200,544,62,0.11397058823529412
2020-04-14,2020,KOSDAQ,1258,86,0.06836248012718601
2020-04-22,2020,K200,192,153,0.796875
2020-04-22,2020,KOSPI_EX_K200,544,60,0.11029411764705882
2020-04-22,2020,KOSDAQ,1258,86,0.06836248012718601
2020-04-29,2020,K200,192,153,0.796875
2020-04-29,2020,KOSPI_EX_K200,544,62,0.11397058823529412
2020-04-29,2020,KOSDAQ,1258,92,0.07313195548489666
2020-05-11,2020,K200,192,156,0.8125
2020-05-11,2020,KOSPI_EX_K200,544,69,0.12683823529411764
2020-05-11,2020,KOSDAQ,1258,108,0.08585055643879173
2020-05-18,2020,K200,192,157,0.8177083333333334
2020-05-18,2020,KOSPI_EX_K200,544,70,0.12867647058823528
2020-05-18,2020,KOSDAQ,1258,106,0.08426073131955485
2020-05-25,2020,K200,192,157,0.8177083333333334
2020-05-25,2020,KOSPI_EX_K200,545,69,0.12660550458715597
2020-05-25,2020,KOSDAQ,1259,113,0.08975377283558379
2020-06-01,2020,K200,192,157,0.8177083333333334
2020-06-01,2020,KOSPI_EX_K200,545,66,0.12110091743119267
2020-06-01,2020,KOSDAQ,1259,116,0.09213661636219221
2020-06-08,2020,K200,192,157,0.8177083333333334
2020-06-08,2020,KOSPI_EX_K200,545,71,0.13027522935779817
2020-06-08,2020,KOSDAQ,1260,120,0.09523809523809523
2020-06-15,2020,K200,192,162,0.84375
2020-06-15,2020,KOSPI_EX_K200,545,63,0.11559633027522936
2020-06-15,2020,KOSDAQ,1260,113,0.08968253968253968
2020-06-22,2020,K200,192,162,0.84375
2020-06-22,2020,KOSPI_EX_K200,545,67,0.12293577981651377
2020-06-22,2020,KOSDAQ,1264,125,0.09889240506329114
2020-06-29,2020,K200,192,161,0.8385416666666666
2020-06-29,2020,KOSPI_EX_K200,545,67,0.12293577981651377
2020-06-29,2020,KOSDAQ,1265,126,0.09960474308300395
2020-07-06,2020,K200,192,159,0.828125
2020-07-06,2020,KOSPI_EX_K200,546,67,0.1227106227106227
2020-07-06,2020,KOSDAQ,1268,127,0.10015772870662461
2020-07-13,2020,K200,192,159,0.828125
2020-07-13,2020,KOSPI_EX_K200,546,68,0.12454212454212454
2020-07-13,2020,KOSDAQ,1269,135,0.10638297872340426
2020-07-20,2020,K200,192,160,0.8333333333333334
2020-07-20,2020,KOSPI_EX_K200,546,68,0.12454212454212454
2020-07-20,2020,KOSDAQ,1270,133,0.1047244094488189
2020-07-27,2020,K200,192,162,0.84375
2020-07-27,2020,KOSPI_EX_K200,546,71,0.13003663003663005
2020-07-27,2020,KOSDAQ,1274,137,0.1075353218210361
2020-08-03,2020,K200,192,161,0.8385416666666666
2020-08-03,2020,KOSPI_EX_K200,546,74,0.13553113553113552
2020-08-03,2020,KOSDAQ,1277,138,0.10806577916992952
2020-08-10,2020,K200,192,160,0.8333333333333334
2020-08-10,2020,KOSPI_EX_K200,546,75,0.13736263736263737
2020-08-10,2020,KOSDAQ,1279,139,0.10867865519937452
2020-08-18,2020,K200,192,157,0.8177083333333334
2020-08-18,2020,KOSPI_EX_K200,546,71,0.13003663003663005
2020-08-18,2020,KOSDAQ,1282,125,0.09750390015600624
2020-08-25,2020,K200,192,157,0.8177083333333334
2020-08-25,2020,KOSPI_EX_K200,546,71,0.13003663003663005
2020-08-25,2020,KOSDAQ,1284,123,0.09579439252336448
2020-09-01,2020,K200,192,157,0.8177083333333334
2020-09-01,2020,KOSPI_EX_K200,546,72,0.13186813186813187
2020-09-01,2020,KOSDAQ,1284,123,0.09579439252336448
2020-09-08,2020,K200,192,158,0.8229166666666666
2020-09-08,2020,KOSPI_EX_K200,546,72,0.13186813186813187
2020-09-08,2020,KOSDAQ,1284,129,0.10046728971962617
2020-09-15,2020,K200,192,158,0.8229166666666666
2020-09-15,2020,KOSPI_EX_K200,546,75,0.13736263736263737
2020-09-15,2020,KOSDAQ,1287,133,0.10334110334110334
2020-09-22,2020,K200,192,159,0.828125
2020-09-22,2020,KOSPI_EX_K200,547,74,0.13528336380255943
2020-09-22,2020,KOSDAQ,1292,131,0.10139318885448917
2020-09-29,2020,K200,192,158,0.8229166666666666
2020-09-29,2020,KOSPI_EX_K200,547,73,0.13345521023765997
2020-09-29,2020,KOSDAQ,1295,133,0.10270270270270271
2020-10-12,2020,K200,192,159,0.828125
2020-10-12,2020,KOSPI_EX_K200,547,71,0.12979890310786105
2020-10-12,2020,KOSDAQ,1296,135,0.10416666666666667
2020-10-19,2020,K200,192,161,0.8385416666666666
2020-10-19,2020,KOSPI_EX_K200,548,74,0.13503649635036497
2020-10-19,2020,KOSDAQ,1297,132,0.1017733230531997
2020-10-26,2020,K200,192,162,0.84375
2020-10-26,2020,KOSPI_EX_K200,548,72,0.13138686131386862
2020-10-26,2020,KOSDAQ,1298,130,0.10015408320493066
2020-11-02,2020,K200,192,163,0.8489583333333334
2020-11-02,2020,KOSPI_EX_K200,548,72,0.13138686131386862
2020-11-02,2020,KOSDAQ,1301,129,0.09915449654112221
2020-11-09,2020,K200,192,162,0.84375
2020-11-09,2020,KOSPI_EX_K200,548,74,0.13503649635036497
2020-11-09,2020,KOSDAQ,1302,133,0.10215053763440861
2020-11-16,2020,K200,192,163,0.8489583333333334
2020-11-16,2020,KOSPI_EX_K200,549,80,0.14571948998178508
2020-11-16,2020,KOSDAQ,1302,129,0.09907834101382489
2020-11-23,2020,K200,192,163,0.8489583333333334
2020-11-23,2020,KOSPI_EX_K200,550,76,0.13818181818181818
2020-11-23,2020,KOSDAQ,1305,135,0.10344827586206896
2020-11-30,2020,K200,192,163,0.8489583333333334
2020-11-30,2020,KOSPI_EX_K200,550,77,0.14
2020-11-30,2020,KOSDAQ,1307,135,0.10328997704667177
2020-12-07,2020,K200,192,165,0.859375
2020-12-07,2020,KOSPI_EX_K200,551,78,0.14156079854809436
2020-12-07,2020,KOSDAQ,1311,137,0.10450038138825324
2020-12-14,2020,K200,193,165,0.8549222797927462
2020-12-14,2020,KOSPI_EX_K200,550,76,0.13818181818181818
2020-12-14,2020,KOSDAQ,1315,137,0.10418250950570342
2020-12-21,2020,K200,193,164,0.8497409326424871
2020-12-21,2020,KOSPI_EX_K200,550,85,0.15454545454545454
2020-12-21,2020,KOSDAQ,1318,142,0.10773899848254932
2020-12-29,2020,K200,193,164,0.8497409326424871
2020-12-29,2020,KOSPI_EX_K200,550,86,0.15636363636363637
2020-12-29,2020,KOSDAQ,1322,142,0.10741301059001512
2021-01-07,2021,K200,193,164,0.8497409326424871
2021-01-07,2021,KOSPI_EX_K200,550,86,0.15636363636363637
2021-01-07,2021,KOSDAQ,1322,137,0.10363086232980333
2021-01-14,2021,K200,193,164,0.8497409326424871
2021-01-14,2021,KOSPI_EX_K200,550,86,0.15636363636363637
2021-01-14,2021,KOSDAQ,1322,139,0.10514372163388805
2021-01-21,2021,K200,193,163,0.844559585492228
2021-01-21,2021,KOSPI_EX_K200,550,88,0.16
2021-01-21,2021,KOSDAQ,1324,144,0.10876132930513595
2021-01-28,2021,K200,194,161,0.8298969072164949
2021-01-28,2021,KOSPI_EX_K200,550,84,0.15272727272727274
2021-01-28,2021,KOSDAQ,1327,147,0.11077618688771665
2021-02-04,2021,K200,194,162,0.8350515463917526
2021-02-04,2021,KOSPI_EX_K200,551,84,0.15245009074410162
2021-02-04,2021,KOSDAQ,1330,143,0.10751879699248121
2021-02-15,2021,K200,194,162,0.8350515463917526
2021-02-15,2021,KOSPI_EX_K200,552,89,0.161231884057971
2021-02-15,2021,KOSDAQ,1332,147,0.11036036036036036
2021-02-22,2021,K200,194,160,0.8247422680412371
2021-02-22,2021,KOSPI_EX_K200,552,74,0.13405797101449277
2021-02-22,2021,KOSDAQ,1333,144,0.10802700675168792
2021-03-02,2021,K200,194,161,0.8298969072164949
2021-03-02,2021,KOSPI_EX_K200,552,71,0.1286231884057971
2021-03-02,2021,KOSDAQ,1338,140,0.10463378176382661
2021-03-09,2021,K200,194,161,0.8298969072164949
2021-03-09,2021,KOSPI_EX_K200,552,71,0.1286231884057971
2021-03-09,2021,KOSDAQ,1339,139,0.10380881254667662
2021-03-16,2021,K200,194,162,0.8350515463917526
2021-03-16,2021,KOSPI_EX_K200,553,73,0.13200723327305605
2021-03-16,2021,KOSDAQ,1342,140,0.10432190760059612
2021-03-23,2021,K200,194,160,0.8247422680412371
2021-03-23,2021,KOSPI_EX_K200,554,74,0.13357400722021662
2021-03-23,2021,KOSDAQ,1344,146,0.10863095238095238
2021-03-30,2021,K200,194,160,0.8247422680412371
2021-03-30,2021,KOSPI_EX_K200,554,73,0.13176895306859207
2021-03-30,2021,KOSDAQ,1346,146,0.10846953937592868
2021-04-06,2021,K200,194,160,0.8247422680412371
2021-04-06,2021,KOSPI_EX_K200,554,73,0.13176895306859207
2021-04-06,2021,KOSDAQ,1347,148,0.10987379361544172
2021-04-13,2021,K200,194,160,0.8247422680412371
2021-04-13,2021,KOSPI_EX_K200,554,75,0.13537906137184116
2021-04-13,2021,KOSDAQ,1347,148,0.10987379361544172
2021-04-20,2021,K200,194,161,0.8298969072164949
2021-04-20,2021,KOSPI_EX_K200,554,73,0.13176895306859207
2021-04-20,2021,KOSDAQ,1347,155,0.11507052709725316
2021-04-27,2021,K200,194,160,0.8247422680412371
2021-04-27,2021,KOSPI_EX_K200,554,77,0.13898916967509026
2021-04-27,2021,KOSDAQ,1349,157,0.11638250555967383
2021-05-04,2021,K200,194,164,0.845360824742268
2021-05-04,2021,KOSPI_EX_K200,554,80,0.1444043321299639
2021-05-04,2021,KOSDAQ,1350,154,0.11407407407407408
2021-05-12,2021,K200,194,162,0.8350515463917526
2021-05-12,2021,KOSPI_EX_K200,555,77,0.13873873873873874
2021-05-12,2021,KOSDAQ,1350,152,0.11259259259259259
2021-05-20,2021,K200,194,158,0.8144329896907216
2021-05-20,2021,KOSPI_EX_K200,555,78,0.14054054054054055
2021-05-20,2021,KOSDAQ,1353,156,0.11529933481152993
2021-05-27,2021,K200,194,158,0.8144329896907216
2021-05-27,2021,KOSPI_EX_K200,557,81,0.14542190305206462
2021-05-27,2021,KOSDAQ,1356,155,0.11430678466076696
2021-06-03,2021,K200,195,160,0.8205128205128205
2021-06-03,2021,KOSPI_EX_K200,556,85,0.1528776978417266
2021-06-03,2021,KOSDAQ,1358,156,0.11487481590574374
2021-06-10,2021,K200,195,162,0.8307692307692308
2021-06-10,2021,KOSPI_EX_K200,556,83,0.14928057553956833
2021-06-10,2021,KOSDAQ,1358,156,0.11487481590574374
2021-06-17,2021,K200,194,164,0.845360824742268
2021-06-17,2021,KOSPI_EX_K200,557,83,0.1490125673249551
2021-06-17,2021,KOSDAQ,1359,153,0.11258278145695365
2021-06-24,2021,K200,194,162,0.8350515463917526
2021-06-24,2021,KOSPI_EX_K200,557,91,0.16337522441651706
2021-06-24,2021,KOSDAQ,1360,160,0.11764705882352941
2021-07-01,2021,K200,194,164,0.845360824742268
2021-07-01,2021,KOSPI_EX_K200,557,100,0.17953321364452424
2021-07-01,2021,KOSDAQ,1361,172,0.12637766348273327
2021-07-08,2021,K200,194,164,0.845360824742268
2021-07-08,2021,KOSPI_EX_K200,558,103,0.18458781362007168
2021-07-08,2021,KOSDAQ,1360,167,0.12279411764705882
2021-07-15,2021,K200,194,161,0.8298969072164949
2021-07-15,2021,KOSPI_EX_K200,558,103,0.18458781362007168
2021-07-15,2021,KOSDAQ,1361,166,0.12196914033798678
2021-07-22,2021,K200,194,159,0.8195876288659794
2021-07-22,2021,KOSPI_EX_K200,559,96,0.17173524150268335
2021-07-22,2021,KOSDAQ,1362,161,0.11820851688693099
2021-07-29,2021,K200,194,160,0.8247422680412371
2021-07-29,2021,KOSPI_EX_K200,559,97,0.1735241502683363
2021-07-29,2021,KOSDAQ,1364,170,0.12463343108504399
2021-08-05,2021,K200,194,162,0.8350515463917526
2021-08-05,2021,KOSPI_EX_K200,559,100,0.17889087656529518
2021-08-05,2021,KOSDAQ,1364,171,0.125366568914956
2021-08-12,2021,K200,194,160,0.8247422680412371
2021-08-12,2021,KOSPI_EX_K200,562,100,0.17793594306049823
2021-08-12,2021,KOSDAQ,1366,166,0.12152269399707175
2021-08-20,2021,K200,194,158,0.8144329896907216
2021-08-20,2021,KOSPI_EX_K200,565,93,0.16460176991150444
2021-08-20,2021,KOSDAQ,1369,150,0.1095690284879474
2021-08-27,2021,K200,194,159,0.8195876288659794
2021-08-27,2021,KOSPI_EX_K200,565,95,0.168141592920354
2021-08-27,2021,KOSDAQ,1370,158,0.11532846715328467
2021-09-03,2021,K200,194,157,0.8092783505154639
2021-09-03,2021,KOSPI_EX_K200,566,94,0.16607773851590105
2021-09-03,2021,KOSDAQ,1371,159,0.11597374179431072
2021-09-10,2021,K200,195,161,0.8256410256410256
2021-09-10,2021,KOSPI_EX_K200,565,96,0.16991150442477876
2021-09-10,2021,KOSDAQ,1373,160,0.11653313911143481
2021-09-17,2021,K200,195,162,0.8307692307692308
2021-09-17,2021,KOSPI_EX_K200,566,94,0.16607773851590105
2021-09-17,2021,KOSDAQ,1373,159,0.11580480699198835
2021-09-29,2021,K200,195,162,0.8307692307692308
2021-09-29,2021,KOSPI_EX_K200,566,95,0.16784452296819788
2021-09-29,2021,KOSDAQ,1377,149,0.10820624546114742
2021-10-07,2021,K200,195,163,0.8358974358974359
2021-10-07,2021,KOSPI_EX_K200,566,98,0.17314487632508835
2021-10-07,2021,KOSDAQ,1379,146,0.10587382160986222
2021-10-15,2021,K200,195,163,0.8358974358974359
2021-10-15,2021,KOSPI_EX_K200,567,96,0.1693121693121693
2021-10-15,2021,KOSDAQ,1381,152,0.11006517016654598
2021-10-22,2021,K200,195,163,0.8358974358974359
2021-10-22,2021,KOSPI_EX_K200,567,96,0.1693121693121693
2021-10-22,2021,KOSDAQ,1383,157,0.11352133044107014
2021-10-29,2021,K200,195,162,0.8307692307692308
2021-10-29,2021,KOSPI_EX_K200,567,97,0.1710758377425044
2021-10-29,2021,KOSDAQ,1386,155,0.11183261183261184
2021-11-05,2021,K200,195,166,0.8512820512820513
2021-11-05,2021,KOSPI_EX_K200,568,100,0.176056338028169
2021-11-05,2021,KOSDAQ,1388,153,0.11023054755043228
2021-11-12,2021,K200,195,166,0.8512820512820513
2021-11-12,2021,KOSPI_EX_K200,568,96,0.16901408450704225
2021-11-12,2021,KOSDAQ,1393,148,0.10624551328068917
2021-11-19,2021,K200,195,165,0.8461538461538461
2021-11-19,2021,KOSPI_EX_K200,568,95,0.16725352112676056
2021-11-19,2021,KOSDAQ,1395,152,0.10896057347670252
2021-11-26,2021,K200,195,164,0.841025641025641
2021-11-26,2021,KOSPI_EX_K200,568,95,0.16725352112676056
2021-11-26,2021,KOSDAQ,1397,149,0.1066571224051539
2021-12-03,2021,K200,196,162,0.826530612244898
2021-12-03,2021,KOSPI_EX_K200,568,93,0.1637323943661972
2021-12-03,2021,KOSDAQ,1397,153,0.10952040085898354
2021-12-10,2021,K200,195,162,0.8307692307692308
2021-12-10,2021,KOSPI_EX_K200,569,93,0.1634446397188049
2021-12-10,2021,KOSDAQ,1398,155,0.11087267525035766
2021-12-17,2021,K200,195,163,0.8358974358974359
2021-12-17,2021,KOSPI_EX_K200,569,96,0.1687170474516696
2021-12-17,2021,KOSDAQ,1398,152,0.10872675250357654
2021-12-24,2021,K200,195,165,0.8461538461538461
2021-12-24,2021,KOSPI_EX_K200,569,98,0.17223198594024605
2021-12-24,2021,KOSDAQ,1398,154,0.11015736766809728
2022-01-03,2022,K200,195,165,0.8461538461538461
2022-01-03,2022,KOSPI_EX_K200,569,95,0.16695957820738136
2022-01-03,2022,KOSDAQ,1399,156,0.11150822015725519
2022-01-10,2022,K200,195,163,0.8358974358974359
2022-01-10,2022,KOSPI_EX_K200,569,96,0.1687170474516696
2022-01-10,2022,KOSDAQ,1399,158,0.11293781272337383
2022-01-17,2022,K200,195,163,0.8358974358974359
2022-01-17,2022,KOSPI_EX_K200,569,96,0.1687170474516696
2022-01-17,2022,KOSDAQ,1399,158,0.11293781272337383
2022-01-24,2022,K200,195,163,0.8358974358974359
2022-01-24,2022,KOSPI_EX_K200,569,97,0.1704745166959578
2022-01-24,2022,KOSDAQ,1402,157,0.11198288159771755
2022-02-03,2022,K200,195,165,0.8461538461538461
2022-02-03,2022,KOSPI_EX_K200,570,92,0.16140350877192983
2022-02-03,2022,KOSDAQ,1402,148,0.10556348074179743
2022-02-10,2022,K200,195,166,0.8512820512820513
2022-02-10,2022,KOSPI_EX_K200,570,94,0.1649122807017544
2022-02-10,2022,KOSDAQ,1406,153,0.10881934566145092
2022-02-17,2022,K200,195,166,0.8512820512820513
2022-02-17,2022,KOSPI_EX_K200,570,90,0.15789473684210525
2022-02-17,2022,KOSDAQ,1407,134,0.09523809523809523
2022-02-24,2022,K200,195,165,0.8461538461538461
2022-02-24,2022,KOSPI_EX_K200,570,89,0.156140350877193
2022-02-24,2022,KOSDAQ,1410,137,0.09716312056737589
2022-03-04,2022,K200,195,163,0.8358974358974359
2022-03-04,2022,KOSPI_EX_K200,570,87,0.15263157894736842
2022-03-04,2022,KOSDAQ,1414,135,0.09547383309759547
2022-03-14,2022,K200,196,164,0.8367346938775511
2022-03-14,2022,KOSPI_EX_K200,569,87,0.15289982425307558
2022-03-14,2022,KOSDAQ,1416,138,0.09745762711864407
2022-03-21,2022,K200,196,162,0.826530612244898
2022-03-21,2022,KOSPI_EX_K200,569,89,0.15641476274165203
2022-03-21,2022,KOSDAQ,1417,135,0.09527170077628794
2022-03-28,2022,K200,196,163,0.8316326530612245
2022-03-28,2022,KOSPI_EX_K200,569,86,0.15114235500878734
2022-03-28,2022,KOSDAQ,1419,144,0.1014799154334038
2022-04-04,2022,K200,196,165,0.8418367346938775
2022-04-04,2022,KOSPI_EX_K200,569,89,0.15641476274165203
2022-04-04,2022,KOSDAQ,1421,146,0.10274454609429978
2022-04-11,2022,K200,196,165,0.8418367346938775
2022-04-11,2022,KOSPI_EX_K200,569,88,0.1546572934973638
2022-04-11,2022,KOSDAQ,1421,149,0.10485573539760731
2022-04-18,2022,K200,196,160,0.8163265306122449
2022-04-18,2022,KOSPI_EX_K200,569,91,0.15992970123022848
2022-04-18,2022,KOSDAQ,1421,152,0.10696692470091484
2022-04-25,2022,K200,196,161,0.8214285714285714
2022-04-25,2022,KOSPI_EX_K200,569,93,0.1634446397188049
2022-04-25,2022,KOSDAQ,1421,146,0.10274454609429978
2022-05-02,2022,K200,196,165,0.8418367346938775
2022-05-02,2022,KOSPI_EX_K200,569,97,0.1704745166959578
2022-05-02,2022,KOSDAQ,1422,153,0.10759493670886076
2022-05-10,2022,K200,196,166,0.8469387755102041
2022-05-10,2022,KOSPI_EX_K200,569,97,0.1704745166959578
2022-05-10,2022,KOSDAQ,1422,144,0.10126582278481013
2022-05-17,2022,K200,196,165,0.8418367346938775
2022-05-17,2022,KOSPI_EX_K200,569,95,0.16695957820738136
2022-05-17,2022,KOSDAQ,1423,153,0.10751932536893886
2022-05-24,2022,K200,196,166,0.8469387755102041
2022-05-24,2022,KOSPI_EX_K200,569,96,0.1687170474516696
2022-05-24,2022,KOSDAQ,1424,146,0.10252808988764045
2022-05-31,2022,K200,196,166,0.8469387755102041
2022-05-31,2022,KOSPI_EX_K200,569,99,0.17398945518453426
2022-05-31,2022,KOSDAQ,1424,143,0.10042134831460674
2022-06-09,2022,K200,196,166,0.8469387755102041
2022-06-09,2022,KOSPI_EX_K200,569,95,0.16695957820738136
2022-06-09,2022,KOSDAQ,1425,143,0.10035087719298245
2022-06-16,2022,K200,195,169,0.8666666666666667
2022-06-16,2022,KOSPI_EX_K200,570,88,0.1543859649122807
2022-06-16,2022,KOSDAQ,1425,136,0.09543859649122807
2022-06-23,2022,K200,195,171,0.8769230769230769
2022-06-23,2022,KOSPI_EX_K200,570,86,0.15087719298245614
2022-06-23,2022,KOSDAQ,1428,125,0.08753501400560224
2022-06-30,2022,K200,195,171,0.8769230769230769
2022-06-30,2022,KOSPI_EX_K200,570,93,0.1631578947368421
2022-06-30,2022,KOSDAQ,1430,130,0.09090909090909091
2022-07-07,2022,K200,195,171,0.8769230769230769
2022-07-07,2022,KOSPI_EX_K200,570,91,0.15964912280701754
2022-07-07,2022,KOSDAQ,1432,131,0.0914804469273743
2022-07-14,2022,K200,195,171,0.8769230769230769
2022-07-14,2022,KOSPI_EX_K200,570,89,0.156140350877193
2022-07-14,2022,KOSDAQ,1433,133,0.0928122819260293
2022-07-21,2022,K200,195,171,0.8769230769230769
2022-07-21,2022,KOSPI_EX_K200,570,88,0.1543859649122807
2022-07-21,2022,KOSDAQ,1435,134,0.09337979094076655
2022-07-28,2022,K200,195,170,0.8717948717948718
2022-07-28,2022,KOSPI_EX_K200,570,87,0.15263157894736842
2022-07-28,2022,KOSDAQ,1438,133,0.09248956884561892
2022-08-04,2022,K200,195,172,0.882051282051282
2022-08-04,2022,KOSPI_EX_K200,571,88,0.15411558669001751
2022-08-04,2022,KOSDAQ,1440,141,0.09791666666666667
2022-08-11,2022,K200,195,172,0.882051282051282
2022-08-11,2022,KOSPI_EX_K200,571,91,0.159369527145359
2022-08-11,2022,KOSDAQ,1441,147,0.10201249132546843
2022-08-19,2022,K200,195,172,0.882051282051282
2022-08-19,2022,KOSPI_EX_K200,571,89,0.15586690017513136
2022-08-19,2022,KOSDAQ,1441,145,0.10062456627342123
2022-08-26,2022,K200,195,170,0.8717948717948718
2022-08-26,2022,KOSPI_EX_K200,572,88,0.15384615384615385
2022-08-26,2022,KOSDAQ,1442,141,0.09778085991678225
2022-09-02,2022,K200,195,170,0.8717948717948718
2022-09-02,2022,KOSPI_EX_K200,572,86,0.15034965034965034
2022-09-02,2022,KOSDAQ,1442,140,0.0970873786407767
2022-09-13,2022,K200,195,169,0.8666666666666667
2022-09-13,2022,KOSPI_EX_K200,572,88,0.15384615384615385
2022-09-13,2022,KOSDAQ,1442,140,0.0970873786407767
2022-09-20,2022,K200,195,169,0.8666666666666667
2022-09-20,2022,KOSPI_EX_K200,572,86,0.15034965034965034
2022-09-20,2022,KOSDAQ,1442,138,0.0957004160887656
2022-09-27,2022,K200,195,168,0.8615384615384616
2022-09-27,2022,KOSPI_EX_K200,572,82,0.14335664335664336
2022-09-27,2022,KOSDAQ,1443,130,0.09009009009009009
2022-10-05,2022,K200,195,170,0.8717948717948718
2022-10-05,2022,KOSPI_EX_K200,572,85,0.1486013986013986
2022-10-05,2022,KOSDAQ,1446,124,0.08575380359612725
2022-10-13,2022,K200,195,169,0.8666666666666667
2022-10-13,2022,KOSPI_EX_K200,572,82,0.14335664335664336
2022-10-13,2022,KOSDAQ,1449,121,0.08350586611456176
2022-10-20,2022,K200,195,171,0.8769230769230769
2022-10-20,2022,KOSPI_EX_K200,572,85,0.1486013986013986
2022-10-20,2022,KOSDAQ,1455,128,0.0879725085910653
2022-10-27,2022,K200,195,170,0.8717948717948718
2022-10-27,2022,KOSPI_EX_K200,572,84,0.14685314685314685
2022-10-27,2022,KOSDAQ,1457,129,0.08853809196980096
2022-11-03,2022,K200,195,169,0.8666666666666667
2022-11-03,2022,KOSPI_EX_K200,573,86,0.15008726003490402
2022-11-03,2022,KOSDAQ,1458,129,0.08847736625514403
2022-11-10,2022,K200,195,170,0.8717948717948718
2022-11-10,2022,KOSPI_EX_K200,573,89,0.15532286212914484
2022-11-10,2022,KOSDAQ,1460,130,0.08904109589041095
2022-11-17,2022,K200,195,166,0.8512820512820513
2022-11-17,2022,KOSPI_EX_K200,573,86,0.15008726003490402
2022-11-17,2022,KOSDAQ,1464,135,0.09221311475409837
2022-11-24,2022,K200,195,169,0.8666666666666667
2022-11-24,2022,KOSPI_EX_K200,573,82,0.1431064572425829
2022-11-24,2022,KOSDAQ,1468,125,0.08514986376021798
2022-12-01,2022,K200,195,169,0.8666666666666667
2022-12-01,2022,KOSPI_EX_K200,574,83,0.1445993031358885
2022-12-01,2022,KOSDAQ,1468,130,0.0885558583106267
2022-12-08,2022,K200,195,168,0.8615384615384616
2022-12-08,2022,KOSPI_EX_K200,574,82,0.14285714285714285
2022-12-08,2022,KOSDAQ,1470,131,0.0891156462585034
2022-12-15,2022,K200,195,169,0.8666666666666667
2022-12-15,2022,KOSPI_EX_K200,574,81,0.14111498257839722
2022-12-15,2022,KOSDAQ,1470,137,0.09319727891156462
2022-12-22,2022,K200,195,169,0.8666666666666667
2022-12-22,2022,KOSPI_EX_K200,575,82,0.1426086956521739
2022-12-22,2022,KOSDAQ,1470,136,0.09251700680272108
2022-12-29,2022,K200,195,172,0.882051282051282
2022-12-29,2022,KOSPI_EX_K200,575,88,0.15304347826086956
2022-12-29,2022,KOSDAQ,1472,136,0.09239130434782608
2023-01-06,2023,K200,195,170,0.8717948717948718
2023-01-06,2023,KOSPI_EX_K200,575,88,0.15304347826086956
2023-01-06,2023,KOSDAQ,1472,134,0.09103260869565218
2023-01-13,2023,K200,195,172,0.882051282051282
2023-01-13,2023,KOSPI_EX_K200,575,90,0.1565217391304348
2023-01-13,2023,KOSDAQ,1472,134,0.09103260869565218
2023-01-20,2023,K200,195,170,0.8717948717948718
2023-01-20,2023,KOSPI_EX_K200,575,90,0.1565217391304348
2023-01-20,2023,KOSDAQ,1474,134,0.09090909090909091
2023-01-31,2023,K200,196,172,0.8775510204081632
2023-01-31,2023,KOSPI_EX_K200,574,87,0.15156794425087108
2023-01-31,2023,KOSDAQ,1476,138,0.09349593495934959
2023-02-07,2023,K200,196,172,0.8775510204081632
2023-02-07,2023,KOSPI_EX_K200,574,85,0.1480836236933798
2023-02-07,2023,KOSDAQ,1478,142,0.09607577807848444
2023-02-14,2023,K200,196,173,0.8826530612244898
2023-02-14,2023,KOSPI_EX_K200,574,85,0.1480836236933798
2023-02-14,2023,KOSDAQ,1479,130,0.0878972278566599
2023-02-21,2023,K200,196,172,0.8775510204081632
2023-02-21,2023,KOSPI_EX_K200,574,82,0.14285714285714285
2023-02-21,2023,KOSDAQ,1483,123,0.08293998651382332
2023-02-28,2023,K200,196,165,0.8418367346938775
2023-02-28,2023,KOSPI_EX_K200,574,74,0.1289198606271777
2023-02-28,2023,KOSDAQ,1483,118,0.07956844234659474
2023-03-08,2023,K200,196,166,0.8469387755102041
2023-03-08,2023,KOSPI_EX_K200,574,74,0.1289198606271777
2023-03-08,2023,KOSDAQ,1486,126,0.0847913862718708
2023-03-15,2023,K200,196,165,0.8418367346938775
2023-03-15,2023,KOSPI_EX_K200,574,73,0.12717770034843207
2023-03-15,2023,KOSDAQ,1488,114,0.07661290322580645
2023-03-22,2023,K200,196,167,0.8520408163265306
2023-03-22,2023,KOSPI_EX_K200,574,75,0.13066202090592335
2023-03-22,2023,KOSDAQ,1489,116,0.07790463398253862
2023-03-29,2023,K200,196,166,0.8469387755102041
2023-03-29,2023,KOSPI_EX_K200,574,79,0.13763066202090593
2023-03-29,2023,KOSDAQ,1490,122,0.08187919463087248
2023-04-05,2023,K200,197,165,0.8375634517766497
2023-04-05,2023,KOSPI_EX_K200,574,78,0.13588850174216027
2023-04-05,2023,KOSDAQ,1491,126,0.08450704225352113
2023-04-12,2023,K200,197,163,0.8274111675126904
2023-04-12,2023,KOSPI_EX_K200,575,78,0.1356521739130435
2023-04-12,2023,KOSDAQ,1491,129,0.08651911468812877
2023-04-19,2023,K200,197,165,0.8375634517766497
2023-04-19,2023,KOSPI_EX_K200,576,82,0.1423611111111111
2023-04-19,2023,KOSDAQ,1490,127,0.08523489932885905
2023-04-26,2023,K200,197,168,0.8527918781725888
2023-04-26,2023,KOSPI_EX_K200,576,79,0.1371527777777778
2023-04-26,2023,KOSDAQ,1492,121,0.08109919571045576
2023-05-04,2023,K200,197,169,0.8578680203045685
2023-05-04,2023,KOSPI_EX_K200,576,78,0.13541666666666666
2023-05-04,2023,KOSDAQ,1495,127,0.08494983277591973
2023-05-12,2023,K200,197,166,0.8426395939086294
2023-05-12,2023,KOSPI_EX_K200,576,78,0.13541666666666666
2023-05-12,2023,KOSDAQ,1495,131,0.08762541806020067
2023-05-19,2023,K200,197,166,0.8426395939086294
2023-05-19,2023,KOSPI_EX_K200,576,79,0.1371527777777778
2023-05-19,2023,KOSDAQ,1499,134,0.08939292861907938
2023-05-26,2023,K200,197,169,0.8578680203045685
2023-05-26,2023,KOSPI_EX_K200,576,81,0.140625
2023-05-26,2023,KOSDAQ,1501,135,0.0899400399733511
2023-06-05,2023,K200,197,170,0.8629441624365483
2023-06-05,2023,KOSPI_EX_K200,578,77,0.13321799307958476
2023-06-05,2023,KOSDAQ,1503,139,0.09248170326014638
2023-06-13,2023,K200,197,168,0.8527918781725888
2023-06-13,2023,KOSPI_EX_K200,578,77,0.13321799307958476
2023-06-13,2023,KOSDAQ,1504,142,0.09441489361702128
2023-06-20,2023,K200,197,168,0.8527918781725888
2023-06-20,2023,KOSPI_EX_K200,581,78,0.1342512908777969
2023-06-20,2023,KOSDAQ,1505,152,0.1009966777408638
2023-06-27,2023,K200,197,171,0.868020304568528
2023-06-27,2023,KOSPI_EX_K200,581,83,0.14285714285714285
2023-06-27,2023,KOSDAQ,1505,153,0.10166112956810631
2023-07-04,2023,K200,197,171,0.868020304568528
2023-07-04,2023,KOSPI_EX_K200,581,86,0.14802065404475043
2023-07-04,2023,KOSDAQ,1508,158,0.10477453580901856
2023-07-11,2023,K200,197,172,0.8730964467005076
2023-07-11,2023,KOSPI_EX_K200,581,86,0.14802065404475043
2023-07-11,2023,KOSDAQ,1509,153,0.10139165009940358
2023-07-18,2023,K200,197,172,0.8730964467005076
2023-07-18,2023,KOSPI_EX_K200,581,84,0.14457831325301204
2023-07-18,2023,KOSDAQ,1510,149,0.09867549668874172
2023-07-25,2023,K200,197,172,0.8730964467005076
2023-07-25,2023,KOSPI_EX_K200,581,80,0.13769363166953527
2023-07-25,2023,KOSDAQ,1513,150,0.0991407799074686
2023-08-01,2023,K200,197,174,0.883248730964467
2023-08-01,2023,KOSPI_EX_K200,582,81,0.13917525773195877
2023-08-01,2023,KOSDAQ,1516,154,0.10158311345646438
2023-08-08,2023,K200,197,175,0.8883248730964467
2023-08-08,2023,KOSPI_EX_K200,583,88,0.1509433962264151
2023-08-08,2023,KOSDAQ,1518,148,0.09749670619235837
2023-08-16,2023,K200,197,174,0.883248730964467
2023-08-16,2023,KOSPI_EX_K200,583,84,0.14408233276157806
2023-08-16,2023,KOSDAQ,1520,145,0.09539473684210527
2023-08-23,2023,K200,197,172,0.8730964467005076
2023-08-23,2023,KOSPI_EX_K200,584,83,0.1421232876712329
2023-08-23,2023,KOSDAQ,1522,150,0.09855453350854139
2023-08-30,2023,K200,197,172,0.8730964467005076
2023-08-30,2023,KOSPI_EX_K200,584,78,0.13356164383561644
2023-08-30,2023,KOSDAQ,1523,150,0.0984898227183191
2023-09-06,2023,K200,197,172,0.8730964467005076
2023-09-06,2023,KOSPI_EX_K200,584,80,0.136986301369863
2023-09-06,2023,KOSDAQ,1524,147,0.09645669291338582
2023-09-13,2023,K200,197,171,0.868020304568528
2023-09-13,2023,KOSPI_EX_K200,584,81,0.1386986301369863
2023-09-13,2023,KOSDAQ,1525,141,0.09245901639344262
2023-09-20,2023,K200,197,172,0.8730964467005076
2023-09-20,2023,KOSPI_EX_K200,585,80,0.13675213675213677
2023-09-20,2023,KOSDAQ,1527,141,0.09233791748526522
2023-09-27,2023,K200,197,171,0.868020304568528
2023-09-27,2023,KOSPI_EX_K200,585,81,0.13846153846153847
2023-09-27,2023,KOSDAQ,1529,132,0.08633093525179857
2023-10-11,2023,K200,197,168,0.8527918781725888
2023-10-11,2023,KOSPI_EX_K200,586,79,0.1348122866894198
2023-10-11,2023,KOSDAQ,1532,135,0.0881201044386423
2023-10-18,2023,K200,197,170,0.8629441624365483
2023-10-18,2023,KOSPI_EX_K200,586,78,0.13310580204778158
2023-10-18,2023,KOSDAQ,1533,138,0.09001956947162426
2023-10-25,2023,K200,197,171,0.868020304568528
2023-10-25,2023,KOSPI_EX_K200,586,80,0.13651877133105803
2023-10-25,2023,KOSDAQ,1535,132,0.08599348534201955
2023-11-01,2023,K200,197,171,0.868020304568528
2023-11-01,2023,KOSPI_EX_K200,586,80,0.13651877133105803
2023-11-01,2023,KOSDAQ,1537,132,0.08588158750813273
2023-11-08,2023,K200,197,171,0.868020304568528
2023-11-08,2023,KOSPI_EX_K200,586,82,0.13993174061433447
2023-11-08,2023,KOSDAQ,1542,137,0.08884565499351492
2023-11-15,2023,K200,197,170,0.8629441624365483
2023-11-15,2023,KOSPI_EX_K200,586,86,0.14675767918088736
2023-11-15,2023,KOSDAQ,1549,135,0.08715300193673338
2023-11-22,2023,K200,197,170,0.8629441624365483
2023-11-22,2023,KOSPI_EX_K200,588,88,0.14965986394557823
2023-11-22,2023,KOSDAQ,1551,135,0.08704061895551257
2023-11-29,2023,K200,197,172,0.8730964467005076
2023-11-29,2023,KOSPI_EX_K200,588,87,0.14795918367346939
2023-11-29,2023,KOSDAQ,1555,136,0.08745980707395498
2023-12-06,2023,K200,197,174,0.883248730964467
2023-12-06,2023,KOSPI_EX_K200,588,92,0.1564625850340136
2023-12-06,2023,KOSDAQ,1558,137,0.08793324775353016
2023-12-13,2023,K200,197,175,0.8883248730964467
2023-12-13,2023,KOSPI_EX_K200,588,92,0.1564625850340136
2023-12-13,2023,KOSDAQ,1560,143,0.09166666666666666
2023-12-20,2023,K200,197,173,0.8781725888324873
2023-12-20,2023,KOSPI_EX_K200,588,99,0.1683673469387755
2023-12-20,2023,KOSDAQ,1560,147,0.09423076923076923
2023-12-28,2023,K200,197,177,0.8984771573604061
2023-12-28,2023,KOSPI_EX_K200,589,104,0.1765704584040747
2023-12-28,2023,KOSDAQ,1561,151,0.09673286354900705
2024-01-08,2024,K200,197,177,0.8984771573604061
2024-01-08,2024,KOSPI_EX_K200,590,104,0.17627118644067796
2024-01-08,2024,KOSDAQ,1561,141,0.0903267136450993
2024-01-15,2024,K200,197,176,0.8934010152284264
2024-01-15,2024,KOSPI_EX_K200,590,101,0.1711864406779661
2024-01-15,2024,KOSDAQ,1561,141,0.0903267136450993
2024-01-22,2024,K200,197,175,0.8883248730964467
2024-01-22,2024,KOSPI_EX_K200,590,100,0.1694915254237288
2024-01-22,2024,KOSDAQ,1561,139,0.08904548366431775
2024-01-29,2024,K200,197,175,0.8883248730964467
2024-01-29,2024,KOSPI_EX_K200,591,99,0.16751269035532995
2024-01-29,2024,KOSDAQ,1565,138,0.08817891373801917
2024-02-05,2024,K200,197,172,0.8730964467005076
2024-02-05,2024,KOSPI_EX_K200,591,97,0.16412859560067683
2024-02-05,2024,KOSDAQ,1568,136,0.08673469387755102
2024-02-14,2024,K200,197,171,0.868020304568528
2024-02-14,2024,KOSPI_EX_K200,591,97,0.16412859560067683
2024-02-14,2024,KOSDAQ,1569,127,0.08094327597195666
2024-02-21,2024,K200,197,172,0.8730964467005076
2024-02-21,2024,KOSPI_EX_K200,591,99,0.16751269035532995
2024-02-21,2024,KOSDAQ,1571,124,0.0789306174411203
2024-02-28,2024,K200,197,169,0.8578680203045685
2024-02-28,2024,KOSPI_EX_K200,592,91,0.15371621621621623
2024-02-28,2024,KOSDAQ,1574,128,0.08132147395171538
2024-03-07,2024,K200,197,170,0.8629441624365483
2024-03-07,2024,KOSPI_EX_K200,592,88,0.14864864864864866
2024-03-07,2024,KOSDAQ,1575,133,0.08444444444444445
2024-03-14,2024,K200,197,170,0.8629441624365483
2024-03-14,2024,KOSPI_EX_K200,592,88,0.14864864864864866
2024-03-14,2024,KOSDAQ,1576,126,0.0799492385786802
2024-03-21,2024,K200,197,170,0.8629441624365483
2024-03-21,2024,KOSPI_EX_K200,592,89,0.15033783783783783
2024-03-21,2024,KOSDAQ,1577,128,0.08116677235256817
2024-03-28,2024,K200,197,169,0.8578680203045685
2024-03-28,2024,KOSPI_EX_K200,592,90,0.15202702702702703
2024-03-28,2024,KOSDAQ,1579,129,0.08169727675744141
2024-04-04,2024,K200,197,170,0.8629441624365483
2024-04-04,2024,KOSPI_EX_K200,593,91,0.15345699831365936
2024-04-04,2024,KOSDAQ,1580,130,0.08227848101265822
2024-04-12,2024,K200,197,172,0.8730964467005076
2024-04-12,2024,KOSPI_EX_K200,593,88,0.14839797639123103
2024-04-12,2024,KOSDAQ,1580,137,0.08670886075949367
2024-04-19,2024,K200,197,173,0.8781725888324873
2024-04-19,2024,KOSPI_EX_K200,593,86,0.14502529510961215
2024-04-19,2024,KOSDAQ,1580,137,0.08670886075949367
2024-04-26,2024,K200,197,172,0.8730964467005076
2024-04-26,2024,KOSPI_EX_K200,593,88,0.14839797639123103
2024-04-26,2024,KOSDAQ,1581,142,0.08981657179000632
2024-05-07,2024,K200,197,170,0.8629441624365483
2024-05-07,2024,KOSPI_EX_K200,593,92,0.1551433389544688
2024-05-07,2024,KOSDAQ,1586,150,0.09457755359394704
2024-05-14,2024,K200,197,170,0.8629441624365483
2024-05-14,2024,KOSPI_EX_K200,594,92,0.15488215488215487
2024-05-14,2024,KOSDAQ,1586,147,0.0926860025220681
2024-05-22,2024,K200,197,170,0.8629441624365483
2024-05-22,2024,KOSPI_EX_K200,594,95,0.15993265993265993
2024-05-22,2024,KOSDAQ,1587,151,0.09514807813484562
2024-05-29,2024,K200,197,170,0.8629441624365483
2024-05-29,2024,KOSPI_EX_K200,594,97,0.1632996632996633
2024-05-29,2024,KOSDAQ,1588,152,0.09571788413098237
2024-06-05,2024,K200,197,172,0.8730964467005076
2024-06-05,2024,KOSPI_EX_K200,594,96,0.16161616161616163
2024-06-05,2024,KOSDAQ,1588,154,0.09697732997481108
2024-06-13,2024,K200,197,171,0.868020304568528
2024-06-13,2024,KOSPI_EX_K200,594,96,0.16161616161616163
2024-06-13,2024,KOSDAQ,1589,155,0.09754562617998741
2024-06-20,2024,K200,198,171,0.8636363636363636
2024-06-20,2024,KOSPI_EX_K200,593,102,0.17200674536256325
2024-06-20,2024,KOSDAQ,1592,160,0.10050251256281408
2024-06-27,2024,K200,198,173,0.8737373737373737
2024-06-27,2024,KOSPI_EX_K200,594,104,0.1750841750841751
2024-06-27,2024,KOSDAQ,1594,158,0.09912170639899624
2024-07-04,2024,K200,198,175,0.8838383838383839
2024-07-04,2024,KOSPI_EX_K200,594,107,0.18013468013468015
2024-07-04,2024,KOSDAQ,1597,159,0.09956167814652474
2024-07-11,2024,K200,198,175,0.8838383838383839
2024-07-11,2024,KOSPI_EX_K200,595,107,0.17983193277310924
2024-07-11,2024,KOSDAQ,1597,158,0.09893550407013149
2024-07-18,2024,K200,198,173,0.8737373737373737
2024-07-18,2024,KOSPI_EX_K200,595,105,0.17647058823529413
2024-07-18,2024,KOSDAQ,1598,154,0.09637046307884856
2024-07-25,2024,K200,198,174,0.8787878787878788
2024-07-25,2024,KOSPI_EX_K200,595,106,0.1781512605042017
2024-07-25,2024,KOSDAQ,1598,152,0.0951188986232791
2024-08-01,2024,K200,198,172,0.8686868686868687
2024-08-01,2024,KOSPI_EX_K200,597,108,0.18090452261306533
2024-08-01,2024,KOSDAQ,1599,152,0.09505941213258287
2024-08-08,2024,K200,198,173,0.8737373737373737
2024-08-08,2024,KOSPI_EX_K200,597,104,0.17420435510887772
2024-08-08,2024,KOSDAQ,1600,140,0.0875
2024-08-16,2024,K200,198,173,0.8737373737373737
2024-08-16,2024,KOSPI_EX_K200,597,103,0.17252931323283083
2024-08-16,2024,KOSDAQ,1602,148,0.09238451935081149
2024-08-23,2024,K200,198,172,0.8686868686868687
2024-08-23,2024,KOSPI_EX_K200,598,101,0.1688963210702341
2024-08-23,2024,KOSDAQ,1607,145,0.09023024268823895
2024-08-30,2024,K200,198,166,0.8383838383838383
2024-08-30,2024,KOSPI_EX_K200,598,102,0.1705685618729097
2024-08-30,2024,KOSDAQ,1608,135,0.08395522388059702
2024-09-06,2024,K200,198,169,0.8535353535353535
2024-09-06,2024,KOSPI_EX_K200,598,97,0.16220735785953178
2024-09-06,2024,KOSDAQ,1609,134,0.08328154133001865
2024-09-13,2024,K200,198,169,0.8535353535353535
2024-09-13,2024,KOSPI_EX_K200,598,94,0.15719063545150502
2024-09-13,2024,KOSDAQ,1609,131,0.08141702921068987
2024-09-25,2024,K200,198,169,0.8535353535353535
2024-09-25,2024,KOSPI_EX_K200,598,99,0.16555183946488294
2024-09-25,2024,KOSDAQ,1610,129,0.08012422360248447
2024-10-04,2024,K200,199,170,0.8542713567839196
2024-10-04,2024,KOSPI_EX_K200,598,100,0.16722408026755853
2024-10-04,2024,KOSDAQ,1612,128,0.0794044665012407
2024-10-14,2024,K200,199,171,0.8592964824120602
2024-10-14,2024,KOSPI_EX_K200,598,101,0.1688963210702341
2024-10-14,2024,KOSDAQ,1612,131,0.08126550868486353
2024-10-21,2024,K200,199,171,0.8592964824120602
2024-10-21,2024,KOSPI_EX_K200,598,98,0.16387959866220736
2024-10-21,2024,KOSDAQ,1616,133,0.0823019801980198
2024-10-28,2024,K200,199,172,0.864321608040201
2024-10-28,2024,KOSPI_EX_K200,598,99,0.16555183946488294
2024-10-28,2024,KOSDAQ,1621,128,0.07896360271437385
2024-11-04,2024,K200,199,172,0.864321608040201
2024-11-04,2024,KOSPI_EX_K200,598,102,0.1705685618729097
2024-11-04,2024,KOSDAQ,1624,130,0.08004926108374384
2024-11-11,2024,K200,199,170,0.8542713567839196
2024-11-11,2024,KOSPI_EX_K200,599,101,0.1686143572621035
2024-11-11,2024,KOSDAQ,1627,132,0.08113091579594345
2024-11-18,2024,K200,199,171,0.8592964824120602
2024-11-18,2024,KOSPI_EX_K200,599,100,0.1669449081803005
2024-11-18,2024,KOSDAQ,1632,123,0.07536764705882353
2024-11-25,2024,K200,199,173,0.8693467336683417
2024-11-25,2024,KOSPI_EX_K200,599,100,0.1669449081803005
2024-11-25,2024,KOSDAQ,1636,123,0.07518337408312958
2024-12-02,2024,K200,199,176,0.8844221105527639
2024-12-02,2024,KOSPI_EX_K200,599,103,0.17195325542570952
2024-12-02,2024,KOSDAQ,1636,122,0.0745721271393643
2024-12-09,2024,K200,199,174,0.8743718592964824
2024-12-09,2024,KOSPI_EX_K200,599,97,0.16193656093489148
2024-12-09,2024,KOSDAQ,1636,121,0.07396088019559902
2024-12-16,2024,K200,198,171,0.8636363636363636
2024-12-16,2024,KOSPI_EX_K200,601,104,0.17304492512479203
2024-12-16,2024,KOSDAQ,1638,127,0.07753357753357754
2024-12-23,2024,K200,198,171,0.8636363636363636
2024-12-23,2024,KOSPI_EX_K200,602,107,0.1777408637873754
2024-12-23,2024,KOSDAQ,1642,133,0.08099878197320341
2025-01-02,2025,K200,198,173,0.8737373737373737
2025-01-02,2025,KOSPI_EX_K200,602,103,0.17109634551495018
2025-01-02,2025,KOSDAQ,1645,128,0.07781155015197569
2025-01-09,2025,K200,198,171,0.8636363636363636
2025-01-09,2025,KOSPI_EX_K200,602,103,0.17109634551495018
2025-01-09,2025,KOSDAQ,1645,129,0.07841945288753799
2025-01-16,2025,K200,198,172,0.8686868686868687
2025-01-16,2025,KOSPI_EX_K200,602,103,0.17109634551495018
2025-01-16,2025,KOSDAQ,1645,130,0.0790273556231003
2025-01-23,2025,K200,198,171,0.8636363636363636
2025-01-23,2025,KOSPI_EX_K200,602,103,0.17109634551495018
2025-01-23,2025,KOSDAQ,1647,128,0.0777170613236187
2025-02-05,2025,K200,198,171,0.8636363636363636
2025-02-05,2025,KOSPI_EX_K200,603,98,0.1625207296849088
2025-02-05,2025,KOSDAQ,1653,125,0.07562008469449485
2025-02-12,2025,K200,198,167,0.8434343434343434
2025-02-12,2025,KOSPI_EX_K200,603,99,0.16417910447761194
2025-02-12,2025,KOSDAQ,1654,126,0.0761789600967352
2025-02-19,2025,K200,198,167,0.8434343434343434
2025-02-19,2025,KOSPI_EX_K200,603,100,0.16583747927031509
2025-02-19,2025,KOSDAQ,1657,125,0.07543753771876886
2025-02-26,2025,K200,198,167,0.8434343434343434
2025-02-26,2025,KOSPI_EX_K200,603,97,0.16086235489220563
2025-02-26,2025,KOSDAQ,1660,118,0.07108433734939759
2025-03-06,2025,K200,198,166,0.8383838383838383
2025-03-06,2025,KOSPI_EX_K200,603,94,0.1558872305140962
2025-03-06,2025,KOSDAQ,1662,121,0.07280385078219014
2025-03-13,2025,K200,198,167,0.8434343434343434
2025-03-13,2025,KOSPI_EX_K200,603,94,0.1558872305140962
2025-03-13,2025,KOSDAQ,1664,116,0.06971153846153846
2025-03-20,2025,K200,198,167,0.8434343434343434
2025-03-20,2025,KOSPI_EX_K200,605,97,0.16033057851239668
2025-03-20,2025,KOSDAQ,1666,116,0.06962785114045618
2025-03-27,2025,K200,198,167,0.8434343434343434
2025-03-27,2025,KOSPI_EX_K200,605,98,0.16198347107438016
2025-03-27,2025,KOSDAQ,1668,120,0.07194244604316546
2025-04-03,2025,K200,198,167,0.8434343434343434
2025-04-03,2025,KOSPI_EX_K200,605,97,0.16033057851239668
2025-04-03,2025,KOSDAQ,1670,117,0.07005988023952096
2025-04-10,2025,K200,198,168,0.8484848484848485
2025-04-10,2025,KOSPI_EX_K200,605,94,0.15537190082644628
2025-04-10,2025,KOSDAQ,1671,111,0.06642728904847396
2025-04-17,2025,K200,198,168,0.8484848484848485
2025-04-17,2025,KOSPI_EX_K200,605,96,0.15867768595041323
2025-04-17,2025,KOSDAQ,1671,123,0.07360861759425494
2025-04-24,2025,K200,198,168,0.8484848484848485
2025-04-24,2025,KOSPI_EX_K200,605,96,0.15867768595041323
2025-04-24,2025,KOSDAQ,1671,123,0.07360861759425494
2025-05-02,2025,K200,198,169,0.8535353535353535
2025-05-02,2025,KOSPI_EX_K200,605,101,0.1669421487603306
2025-05-02,2025,KOSDAQ,1673,132,0.07890017931858936
2025-05-13,2025,K200,198,168,0.8484848484848485
2025-05-13,2025,KOSPI_EX_K200,605,95,0.15702479338842976
2025-05-13,2025,KOSDAQ,1677,128,0.0763267740011926
2025-05-20,2025,K200,198,170,0.8585858585858586
2025-05-20,2025,KOSPI_EX_K200,605,99,0.16363636363636364
2025-05-20,2025,KOSDAQ,1681,127,0.07555026769779893
2025-05-27,2025,K200,198,170,0.8585858585858586
2025-05-27,2025,KOSPI_EX_K200,606,100,0.16501650165016502
2025-05-27,2025,KOSDAQ,1682,124,0.07372175980975029
2025-06-04,2025,K200,198,171,0.8636363636363636
2025-06-04,2025,KOSPI_EX_K200,606,109,0.17986798679867988
2025-06-04,2025,KOSDAQ,1683,138,0.08199643493761141
2025-06-12,2025,K200,198,170,0.8585858585858586
2025-06-12,2025,KOSPI_EX_K200,606,107,0.17656765676567657
2025-06-12,2025,KOSDAQ,1685,139,0.08249258160237388
2025-06-19,2025,K200,198,169,0.8535353535353535
2025-06-19,2025,KOSPI_EX_K200,606,111,0.18316831683168316
2025-06-19,2025,KOSDAQ,1686,143,0.08481613285883749
2025-06-26,2025,K200,198,169,0.8535353535353535
2025-06-26,2025,KOSPI_EX_K200,606,111,0.18316831683168316
2025-06-26,2025,KOSDAQ,1686,143,0.08481613285883749
2025-07-03,2025,K200,198,172,0.8686868686868687
2025-07-03,2025,KOSPI_EX_K200,606,114,0.18811881188118812
2025-07-03,2025,KOSDAQ,1687,150,0.08891523414344991
2025-07-10,2025,K200,198,172,0.8686868686868687
2025-07-10,2025,KOSPI_EX_K200,606,116,0.19141914191419143
2025-07-10,2025,KOSDAQ,1690,148,0.08757396449704143
2025-07-17,2025,K200,198,170,0.8585858585858586
2025-07-17,2025,KOSPI_EX_K200,606,115,0.18976897689768976
2025-07-17,2025,KOSDAQ,1691,156,0.09225310467179183
2025-07-24,2025,K200,198,168,0.8484848484848485
2025-07-24,2025,KOSPI_EX_K200,606,113,0.18646864686468648
2025-07-24,2025,KOSDAQ,1692,154,0.09101654846335698
2025-07-31,2025,K200,198,167,0.8434343434343434
2025-07-31,2025,KOSPI_EX_K200,606,113,0.18646864686468648
2025-07-31,2025,KOSDAQ,1695,155,0.09144542772861357
2025-08-07,2025,K200,198,168,0.8484848484848485
2025-08-07,2025,KOSPI_EX_K200,607,115,0.18945634266886327
2025-08-07,2025,KOSDAQ,1696,158,0.09316037735849056
2025-08-14,2025,K200,198,168,0.8484848484848485
2025-08-14,2025,KOSPI_EX_K200,607,114,0.18780889621087316
2025-08-14,2025,KOSDAQ,1697,158,0.09310548025928109
2025-08-22,2025,K200,198,168,0.8484848484848485
2025-08-22,2025,KOSPI_EX_K200,607,110,0.1812191103789127
2025-08-22,2025,KOSDAQ,1702,148,0.08695652173913043
2025-08-29,2025,K200,198,165,0.8333333333333334
2025-08-29,2025,KOSPI_EX_K200,607,107,0.17627677100494235
2025-08-29,2025,KOSDAQ,1703,144,0.08455666470933647
2025-09-05,2025,K200,198,163,0.8232323232323232
2025-09-05,2025,KOSPI_EX_K200,607,113,0.18616144975288304
2025-09-05,2025,KOSDAQ,1703,142,0.08338226658837346
2025-09-12,2025,K200,198,163,0.8232323232323232
2025-09-12,2025,KOSPI_EX_K200,607,113,0.18616144975288304
2025-09-12,2025,KOSDAQ,1704,147,0.08626760563380281
2025-09-19,2025,K200,198,167,0.8434343434343434
2025-09-19,2025,KOSPI_EX_K200,607,112,0.18451400329489293
2025-09-19,2025,KOSDAQ,1705,150,0.08797653958944282
2025-09-26,2025,K200,198,167,0.8434343434343434
2025-09-26,2025,KOSPI_EX_K200,607,113,0.18616144975288304
2025-09-26,2025,KOSDAQ,1705,149,0.0873900293255132
2025-10-10,2025,K200,198,165,0.8333333333333334
2025-10-10,2025,KOSPI_EX_K200,608,114,0.1875
2025-10-10,2025,KOSDAQ,1705,148,0.08680351906158358
2025-10-17,2025,K200,198,166,0.8383838383838383
2025-10-17,2025,KOSPI_EX_K200,608,112,0.18421052631578946
2025-10-17,2025,KOSDAQ,1705,142,0.08328445747800586
2025-10-24,2025,K200,198,167,0.8434343434343434
2025-10-24,2025,KOSPI_EX_K200,608,110,0.18092105263157895
2025-10-24,2025,KOSDAQ,1705,148,0.08680351906158358
2025-10-31,2025,K200,198,166,0.8383838383838383
2025-10-31,2025,KOSPI_EX_K200,608,108,0.17763157894736842
2025-10-31,2025,KOSDAQ,1706,148,0.08675263774912075
2025-11-07,2025,K200,198,167,0.8434343434343434
2025-11-07,2025,KOSPI_EX_K200,608,110,0.18092105263157895
2025-11-07,2025,KOSDAQ,1708,151,0.08840749414519906
2025-11-14,2025,K200,198,168,0.8484848484848485
2025-11-14,2025,KOSPI_EX_K200,608,107,0.17598684210526316
2025-11-14,2025,KOSDAQ,1710,146,0.08538011695906433
2025-11-21,2025,K200,198,170,0.8585858585858586
2025-11-21,2025,KOSPI_EX_K200,608,104,0.17105263157894737
2025-11-21,2025,KOSDAQ,1715,141,0.08221574344023323
2025-11-28,2025,K200,199,170,0.8542713567839196
2025-11-28,2025,KOSPI_EX_K200,609,99,0.1625615763546798
2025-11-28,2025,KOSDAQ,1716,141,0.08216783216783216
2025-12-05,2025,K200,199,171,0.8592964824120602
2025-12-05,2025,KOSPI_EX_K200,609,100,0.16420361247947454
2025-12-05,2025,KOSDAQ,1717,153,0.0891089108910891
2025-12-12,2025,K200,199,173,0.8693467336683417
2025-12-12,2025,KOSPI_EX_K200,609,101,0.16584564860426929
2025-12-12,2025,KOSDAQ,1721,155,0.09006391632771645
2025-12-19,2025,K200,199,173,0.8693467336683417
2025-12-19,2025,KOSPI_EX_K200,610,101,0.16557377049180327
2025-12-19,2025,KOSDAQ,1724,156,0.09048723897911833
2025-12-29,2025,K200,200,176,0.88
2025-12-29,2025,KOSPI_EX_K200,609,99,0.1625615763546798
2025-12-29,2025,KOSDAQ,1728,162,0.09375
2026-01-07,2026,K200,200,175,0.875
2026-01-07,2026,KOSPI_EX_K200,609,93,0.15270935960591134
2026-01-07,2026,KOSDAQ,1728,147,0.08506944444444445
2026-01-14,2026,K200,200,175,0.875
2026-01-14,2026,KOSPI_EX_K200,609,95,0.15599343185550082
2026-01-14,2026,KOSDAQ,1730,149,0.0861271676300578
2026-01-21,2026,K200,200,175,0.875
2026-01-21,2026,KOSPI_EX_K200,609,97,0.1592775041050903
2026-01-21,2026,KOSDAQ,1730,154,0.08901734104046242
2026-01-28,2026,K200,200,175,0.875
2026-01-28,2026,KOSPI_EX_K200,609,99,0.1625615763546798
2026-01-28,2026,KOSDAQ,1730,163,0.09421965317919075
2026-02-04,2026,K200,200,176,0.88
2026-02-04,2026,KOSPI_EX_K200,609,99,0.1625615763546798
2026-02-04,2026,KOSDAQ,1731,151,0.08723281340265743
2026-02-11,2026,K200,200,176,0.88
2026-02-11,2026,KOSPI_EX_K200,609,101,0.16584564860426929
2026-02-11,2026,KOSDAQ,1731,160,0.09243212016175621
2026-02-23,2026,K200,200,172,0.86
2026-02-23,2026,KOSPI_EX_K200,609,96,0.15763546798029557
2026-02-23,2026,KOSDAQ,1731,151,0.08723281340265743
2026-03-03,2026,K200,200,173,0.865
2026-03-03,2026,KOSPI_EX_K200,609,89,0.14614121510673234
2026-03-03,2026,KOSDAQ,1731,152,0.0878105141536684
2026-03-10,2026,K200,200,170,0.85
2026-03-10,2026,KOSPI_EX_K200,610,89,0.14590163934426228
2026-03-10,2026,KOSDAQ,1733,148,0.08540103866128101
2026-03-17,2026,K200,200,170,0.85
2026-03-17,2026,KOSPI_EX_K200,610,89,0.14590163934426228
2026-03-17,2026,KOSDAQ,1734,151,0.08708189158016148
2026-03-24,2026,K200,200,169,0.845
2026-03-24,2026,KOSPI_EX_K200,610,92,0.15081967213114755
2026-03-24,2026,KOSDAQ,1735,147,0.08472622478386167
2026-03-31,2026,K200,200,171,0.855
2026-03-31,2026,KOSPI_EX_K200,610,91,0.14918032786885246
2026-03-31,2026,KOSDAQ,1738,149,0.0857307249712313
2026-04-07,2026,K200,200,171,0.855
2026-04-07,2026,KOSPI_EX_K200,610,91,0.14918032786885246
2026-04-07,2026,KOSDAQ,1740,150,0.08620689655172414
2026-04-14,2026,K200,200,172,0.86
2026-04-14,2026,KOSPI_EX_K200,610,93,0.15245901639344261
2026-04-14,2026,KOSDAQ,1740,158,0.09080459770114943
2026-04-21,2026,K200,200,170,0.85
2026-04-21,2026,KOSPI_EX_K200,610,98,0.16065573770491803
2026-04-21,2026,KOSDAQ,1740,167,0.09597701149425288
2026-04-28,2026,K200,200,169,0.845
2026-04-28,2026,KOSPI_EX_K200,610,101,0.16557377049180327
2026-04-28,2026,KOSDAQ,1740,167,0.09597701149425288
2026-05-07,2026,K200,200,169,0.845
2026-05-07,2026,KOSPI_EX_K200,610,103,0.16885245901639345
2026-05-07,2026,KOSDAQ,1741,175,0.10051694428489374
2026-05-14,2026,K200,200,170,0.85
2026-05-14,2026,KOSPI_EX_K200,610,102,0.16721311475409836
2026-05-14,2026,KOSDAQ,1743,174,0.09982788296041308
2026-05-21,2026,K200,200,172,0.86
2026-05-21,2026,KOSPI_EX_K200,610,102,0.16721311475409836
2026-05-21,2026,KOSDAQ,1745,171,0.09799426934097422
2026-05-29,2026,K200,200,171,0.855
2026-05-29,2026,KOSPI_EX_K200,610,97,0.15901639344262294
2026-05-29,2026,KOSDAQ,1745,162,0.09283667621776505
2026-06-08,2026,K200,200,172,0.86
2026-06-08,2026,KOSPI_EX_K200,610,99,0.16229508196721312
2026-06-08,2026,KOSDAQ,1746,153,0.08762886597938144
2026-06-15,2026,K200,200,173,0.865
2026-06-15,2026,KOSPI_EX_K200,610,99,0.16229508196721312
2026-06-15,2026,KOSDAQ,1747,159,0.09101316542644533
2026-06-22,2026,K200,200,176,0.88
2026-06-22,2026,KOSPI_EX_K200,610,100,0.16393442622950818
2026-06-22,2026,KOSDAQ,1747,161,0.09215798511734402
2026-06-29,2026,K200,200,176,0.88
2026-06-29,2026,KOSPI_EX_K200,610,104,0.17049180327868851
2026-06-29,2026,KOSDAQ,1747,151,0.0864338866628506
2026-07-06,2026,K200,200,176,0.88
2026-07-06,2026,KOSPI_EX_K200,609,106,0.17405582922824303
2026-07-06,2026,KOSDAQ,1742,150,0.08610792192881746
2026-07-13,2026,K200,200,175,0.875
2026-07-13,2026,KOSPI_EX_K200,609,105,0.1724137931034483
2026-07-13,2026,KOSDAQ,1740,143,0.08218390804597701
2026-07-21,2026,K200,200,175,0.875
2026-07-21,2026,KOSPI_EX_K200,607,102,0.16803953871499178
2026-07-21,2026,KOSDAQ,1740,140,0.08045977011494253
2026-07-28,2026,K200,200,175,0.875
2026-07-28,2026,KOSPI_EX_K200,607,102,0.16803953871499178
2026-07-28,2026,KOSDAQ,1739,132,0.07590569292696953
2026-08-04,2026,K200,200,176,0.88
2026-08-04,2026,KOSPI_EX_K200,607,109,0.17957166392092258
2026-08-04,2026,KOSDAQ,1739,141,0.08108108108108109
2026-08-07,2026,K200,200,176,0.88
2026-08-07,2026,KOSPI_EX_K200,607,109,0.17957166392092258
2026-08-07,2026,KOSDAQ,1739,150,0.08625646923519265
