weight,universe,horizon,sample,n_dates,gross_delta,turnover_delta,net_delta_0,net_delta_30,net_delta_60
0.05,K200,10,BULL_2025,25,0.0010918607104786618,0.000750000000000004,0.0010918607104786618,0.001089610710478662,0.0010873607104786617
0.05,K200,10,EARLY_2016_2019,98,3.5076897363175034e-05,-0.0002551020408163262,3.5076897363175034e-05,3.5842203485623974e-05,3.660750960807298e-05
0.05,K200,10,LATE_2020_2022,75,8.413881382932924e-05,-0.00033333333333333435,8.413881382932924e-05,8.51388138293292e-05,8.613881382932923e-05
0.05,K200,10,NORMAL_2023_2024,48,0.0002000957718627329,-0.0005208333333333292,0.0002000957718627329,0.00020165827186273294,0.00020322077186273285
0.05,K200,10,YTD_2026,13,-0.0005544401906714397,0.004326923076923072,-0.0005544401906714397,-0.000567420959902209,-0.0005804017291329782
0.05,KOSDAQ,10,BULL_2025,25,5.579228921957238e-05,0.007000000000000002,5.579228921957238e-05,3.479228921957244e-05,1.3792289219572429e-05
0.05,KOSDAQ,10,EARLY_2016_2019,98,2.8986866521523765e-05,0.00025510204081632504,2.8986866521523765e-05,2.8221560399074804e-05,2.7456254276625823e-05
0.05,KOSDAQ,10,LATE_2020_2022,75,0.0001982368695120045,0.002333333333333335,0.0001982368695120045,0.00019123686951200437,0.00018423686951200434
0.05,KOSDAQ,10,NORMAL_2023_2024,48,-0.0005013386263403203,0.004687499999999995,-0.0005013386263403203,-0.0005154011263403202,-0.0005294636263403202
0.05,KOSDAQ,10,YTD_2026,13,0.0003729376146801268,0.007211538461538465,0.0003729376146801268,0.00035130299929551136,0.000329668383910896
0.05,KOSDAQ_PLUS_KOSPI_EX_K200,10,BULL_2025,25,0.0011122899923474436,0.003500000000000001,0.0011122899923474436,0.0011017899923474437,0.0010912899923474436
0.05,KOSDAQ_PLUS_KOSPI_EX_K200,10,EARLY_2016_2019,98,0.00046167348500795335,0.0034438775510204065,0.00046167348500795335,0.00045134185235489203,0.0004410102197018308
0.05,KOSDAQ_PLUS_KOSPI_EX_K200,10,LATE_2020_2022,75,0.0006886972520466822,0.007499999999999994,0.0006886972520466822,0.0006661972520466822,0.0006436972520466823
0.05,KOSDAQ_PLUS_KOSPI_EX_K200,10,NORMAL_2023_2024,48,-0.00021848820022301303,0.008854166666666661,-0.00021848820022301303,-0.000245050700223013,-0.0002716132002230129
0.05,KOSDAQ_PLUS_KOSPI_EX_K200,10,YTD_2026,13,0.0010214294945606489,0.01442307692307693,0.0010214294945606489,0.000978160263791418,0.0009348910330221871
0.05,KOSPI_ALL,10,BULL_2025,25,0.0004092950578798419,-0.0012500000000000022,0.0004092950578798419,0.00041304505787984183,0.0004167950578798419
0.05,KOSPI_ALL,10,EARLY_2016_2019,98,0.0001324784951862004,0.0014030612244897954,0.0001324784951862004,0.00012826931151273103,0.0001240601278392617
0.05,KOSPI_ALL,10,LATE_2020_2022,75,0.00015073171549327024,0.002500000000000003,0.00015073171549327024,0.00014323171549327027,0.00013573171549327034
0.05,KOSPI_ALL,10,NORMAL_2023_2024,48,0.00016049165563087326,0.004947916666666663,0.00016049165563087326,0.0001456479056308733,0.00013080415563087328
0.05,KOSPI_ALL,10,YTD_2026,13,0.00047178332443339837,0.007211538461538465,0.00047178332443339837,0.00045014870904878294,0.0004285140936641676
0.05,KOSPI_EX_K200,10,BULL_2025,25,0.0005950146169354454,0.0005000000000000071,0.0005950146169354454,0.0005935146169354454,0.0005920146169354454
0.05,KOSPI_EX_K200,10,EARLY_2016_2019,98,5.771323658591424e-05,-1.699320956058913e-18,5.771323658591424e-05,5.771323658591423e-05,5.771323658591423e-05
0.05,KOSPI_EX_K200,10,LATE_2020_2022,75,-1.0562112299264172e-06,0.0022499999999999985,-1.0562112299264172e-06,-7.806211229926443e-06,-1.4556211229926399e-05
0.05,KOSPI_EX_K200,10,NORMAL_2023_2024,48,-0.00012502243605554437,0.003124999999999997,-0.00012502243605554437,-0.00013439743605554437,-0.00014377243605554434
0.05,KOSPI_EX_K200,10,YTD_2026,13,6.973127725056662e-05,0.0014423076923076807,6.973127725056662e-05,6.540435417364354e-05,6.107743109672063e-05
0.05,KOSPI_KOSDAQ_ALL,10,BULL_2025,25,0.0018179785601855909,0.0067500000000000095,0.0018179785601855909,0.0017977285601855908,0.0017774785601855907
0.05,KOSPI_KOSDAQ_ALL,10,EARLY_2016_2019,98,0.000581946431761163,0.0037627551020408194,0.000581946431761163,0.0005706581664550407,0.0005593699011489181
0.05,KOSPI_KOSDAQ_ALL,10,LATE_2020_2022,75,0.000581787178866368,0.01608333333333334,0.000581787178866368,0.000533537178866368,0.00048528717886636816
0.05,KOSPI_KOSDAQ_ALL,10,NORMAL_2023_2024,48,-8.936350404886056e-05,0.012890624999999998,-8.936350404886056e-05,-0.0001280353790488606,-0.00016670725404886047
0.05,KOSPI_KOSDAQ_ALL,10,YTD_2026,13,0.004598102305162535,0.01346153846153846,0.004598102305162535,0.004557717689777919,0.004517333074393303
0.1,K200,5,BULL_2025,49,0.0005817663229524557,0.0030612244897959243,0.0005817663229524557,0.0005725826494830679,0.0005633989760136801
0.1,K200,5,EARLY_2016_2019,196,-2.0271362049971247e-05,0.0014030612244897924,-2.0271362049971247e-05,-2.4480545723440598e-05,-2.8689729396909983e-05
0.1,K200,5,LATE_2020_2022,149,1.901585431803985e-05,0.0019714765100671138,1.901585431803985e-05,1.3101424787838514e-05,7.186995257637172e-06
0.1,K200,5,NORMAL_2023_2024,97,0.00042878509386372934,0.0036082474226804117,0.00042878509386372934,0.0004179603515956882,0.00040713560932764686
0.1,K200,5,YTD_2026,28,0.0003037424521256695,0.007142857142857136,0.0003037424521256695,0.00028231388069709806,0.0002608853092685267
0.1,K200,10,BULL_2025,25,0.0015201532476403728,0.00600000000000001,0.0015201532476403728,0.0015021532476403726,0.0014841532476403728
0.1,K200,10,EARLY_2016_2019,98,-7.113230735123353e-05,6.377551020407687e-05,-7.113230735123353e-05,-7.132363388184573e-05,-7.151496041245798e-05
0.1,K200,10,LATE_2020_2022,75,0.00018139344116015028,0.0030000000000000027,0.00018139344116015028,0.0001723934411601502,0.0001633934411601502
0.1,K200,10,NORMAL_2023_2024,48,0.0007648182326326745,0.0018229166666666695,0.0007648182326326745,0.0007593494826326746,0.0007538807326326746
0.1,K200,10,YTD_2026,13,9.448710510650971e-05,0.007692307692307697,9.448710510650971e-05,7.141018202958663e-05,4.8333258952663565e-05
0.1,K200,20,BULL_2025,12,0.0019567582883363278,0.00572916666666667,0.0019567582883363278,0.0019395707883363277,0.0019223832883363276
0.1,K200,20,EARLY_2016_2019,49,-0.0001949968277242392,0.0029336734693877504,-0.0001949968277242392,-0.00020379784813240247,-0.00021259886854056573
0.1,K200,20,LATE_2020_2022,38,0.0011716275648505122,0.00032894736842104124,0.0011716275648505122,0.0011706407227452488,0.001169653880639986
0.1,K200,20,NORMAL_2023_2024,24,-0.0005615149029714969,-0.0013020833333333356,-0.0005615149029714969,-0.0005576086529714968,-0.000553702402971497
0.1,K200,20,YTD_2026,6,-0.00010971258013993343,0.0,-0.00010971258013993343,-0.00010971258013993358,-0.00010971258013993373
0.1,KOSDAQ,5,BULL_2025,49,0.00022400338931900148,0.01147959183673469,0.00022400338931900148,0.00018956461380879744,0.00015512583829859335
0.1,KOSDAQ,5,EARLY_2016_2019,196,0.00028811086025030735,0.001371173469387757,0.00028811086025030735,0.00028399733984214414,0.0002798838194339809
0.1,KOSDAQ,5,LATE_2020_2022,149,0.000427619256067026,0.0075083892617449684,0.000427619256067026,0.00040509408828179105,0.0003825689204965561
0.1,KOSDAQ,5,NORMAL_2023_2024,97,-0.00013772776790902568,0.008956185567010309,-0.00013772776790902568,-0.00016459632461005662,-0.00019146488131108753
0.1,KOSDAQ,5,YTD_2026,28,0.00031774452425304317,0.014508928571428565,0.00031774452425304317,0.0002742177385387574,0.0002306909528244718
0.1,KOSDAQ,10,BULL_2025,25,0.0007730054201284331,0.01600000000000001,0.0007730054201284331,0.0007250054201284332,0.0006770054201284329
0.1,KOSDAQ,10,EARLY_2016_2019,98,0.0002207097793570748,0.0015306122448979578,0.0002207097793570748,0.000216117942622381,0.0002115261058876871
0.1,KOSDAQ,10,LATE_2020_2022,75,0.0003715720839258239,0.010166666666666662,0.0003715720839258239,0.0003410720839258239,0.00031057208392582403
0.1,KOSDAQ,10,NORMAL_2023_2024,48,-0.00026046616243891816,0.011979166666666666,-0.00026046616243891816,-0.0002964036624389181,-0.0003323411624389181
0.1,KOSDAQ,10,YTD_2026,13,0.00041713720748608077,0.018269230769230774,0.00041713720748608077,0.0003623295151783885,0.00030752182287069617
0.1,KOSDAQ,20,BULL_2025,12,0.00365438236578495,0.013020833333333324,0.00365438236578495,0.00361531986578495,0.00357625736578495
0.1,KOSDAQ,20,EARLY_2016_2019,49,-0.00037538203979939507,0.0015306122448979515,-0.00037538203979939507,-0.00037997387653408894,-0.00038456571326878265
0.1,KOSDAQ,20,LATE_2020_2022,38,0.0010084418179063697,0.00904605263157895,0.0010084418179063697,0.0009813036600116332,0.0009541655021168962
0.1,KOSDAQ,20,NORMAL_2023_2024,24,0.0016176993691485412,0.0070312499999999984,0.0016176993691485412,0.0015966056191485409,0.0015755118691485413
0.1,KOSDAQ,20,YTD_2026,6,-0.0003699206618246603,0.017708333333333326,-0.0003699206618246603,-0.00042304566182465995,-0.0004761706618246599
0.1,KOSDAQ_PLUS_KOSPI_EX_K200,5,BULL_2025,49,0.0007994603421401815,0.019770408163265307,0.0007994603421401815,0.0007401491176503855,0.0006808378931605897
0.1,KOSDAQ_PLUS_KOSPI_EX_K200,5,EARLY_2016_2019,196,0.00045465296242352363,0.008067602040816323,0.00045465296242352363,0.0004304501563010747,0.0004062473501786258
0.1,KOSDAQ_PLUS_KOSPI_EX_K200,5,LATE_2020_2022,149,0.0007804214058104514,0.02311241610738255,0.0007804214058104514,0.0007110841574883036,0.000641746909166156
0.1,KOSDAQ_PLUS_KOSPI_EX_K200,5,NORMAL_2023_2024,97,0.0007433372366916804,0.020682989690721645,0.0007433372366916804,0.0006812882676195155,0.0006192392985473504
0.1,KOSDAQ_PLUS_KOSPI_EX_K200,5,YTD_2026,28,0.0011476205994661998,0.025892857142857155,0.0011476205994661998,0.0010699420280376284,0.0009922634566090572
0.1,KOSDAQ_PLUS_KOSPI_EX_K200,10,BULL_2025,25,0.002096118468982705,0.020749999999999998,0.002096118468982705,0.0020338684689827054,0.0019716184689827056
0.1,KOSDAQ_PLUS_KOSPI_EX_K200,10,EARLY_2016_2019,98,0.00038302920758832756,0.010841836734693877,0.00038302920758832756,0.00035050369738424606,0.0003179781871801644
0.1,KOSDAQ_PLUS_KOSPI_EX_K200,10,LATE_2020_2022,75,0.0005402330756524958,0.02166666666666666,0.0005402330756524958,0.0004752330756524959,0.00041023307565249585
0.1,KOSDAQ_PLUS_KOSPI_EX_K200,10,NORMAL_2023_2024,48,0.0010202032173879875,0.02317708333333333,0.0010202032173879875,0.0009506719673879875,0.0008811407173879875
0.1,KOSDAQ_PLUS_KOSPI_EX_K200,10,YTD_2026,13,0.0010131685935338463,0.03317307692307692,0.0010131685935338463,0.0009136493627646152,0.0008141301319953849
0.1,KOSDAQ_PLUS_KOSPI_EX_K200,20,BULL_2025,12,0.005993845478948208,0.021874999999999988,0.005993845478948208,0.005928220478948208,0.005862595478948208
0.1,KOSDAQ_PLUS_KOSPI_EX_K200,20,EARLY_2016_2019,49,0.000627202061379672,0.011224489795918368,0.000627202061379672,0.0005935285919919169,0.0005598551226041618
0.1,KOSDAQ_PLUS_KOSPI_EX_K200,20,LATE_2020_2022,38,0.0019342552091067028,0.019243421052631576,0.0019342552091067028,0.0018765249459488092,0.0018187946827909137
0.1,KOSDAQ_PLUS_KOSPI_EX_K200,20,NORMAL_2023_2024,24,0.002916747581137757,0.017187499999999998,0.002916747581137757,0.0028651850811377572,0.0028136225811377573
0.1,KOSDAQ_PLUS_KOSPI_EX_K200,20,YTD_2026,6,0.008219432516641072,0.02708333333333333,0.008219432516641072,0.008138182516641073,0.008056932516641071
0.1,KOSPI_ALL,5,BULL_2025,49,0.0013646974400882647,0.012372448979591834,0.0013646974400882647,0.0013275800931494893,0.001290462746210714
0.1,KOSPI_ALL,5,EARLY_2016_2019,196,0.0002299393005411981,0.00475127551020408,0.0002299393005411981,0.00021568547401058585,0.00020143164747997362
0.1,KOSPI_ALL,5,LATE_2020_2022,149,0.00033105547998065274,0.018204697986577176,0.00033105547998065274,0.0002764413860209213,0.00022182729206118965
0.1,KOSPI_ALL,5,NORMAL_2023_2024,97,-0.00011176550248624029,0.014884020618556707,-0.00011176550248624029,-0.00015641756434191042,-0.00020106962619758056
0.1,KOSPI_ALL,5,YTD_2026,28,0.0004785875586821138,0.007589285714285718,0.0004785875586821138,0.00045581970153925653,0.0004330518443963994
0.1,KOSPI_ALL,10,BULL_2025,25,0.0027769926657322075,0.009749999999999998,0.0027769926657322075,0.002747742665732208,0.002718492665732208
0.1,KOSPI_ALL,10,EARLY_2016_2019,98,0.00031426287684854765,0.007397959183673468,0.00031426287684854765,0.0002920689992975272,0.0002698751217465069
0.1,KOSPI_ALL,10,LATE_2020_2022,75,0.0005967970328112543,0.014666666666666665,0.0005967970328112543,0.0005527970328112541,0.0005087970328112542
0.1,KOSPI_ALL,10,NORMAL_2023_2024,48,0.00019859616531175584,0.016666666666666666,0.00019859616531175584,0.00014859616531175558,9.859616531175588e-05
0.1,KOSPI_ALL,10,YTD_2026,13,0.0011144295604752755,0.012019230769230773,0.0011144295604752755,0.0010783718681675828,0.0010423141758598908
0.1,KOSPI_ALL,20,BULL_2025,12,0.002888730629482418,0.0057291666666666645,0.002888730629482418,0.0028715431294824172,0.0028543556294824174
0.1,KOSPI_ALL,20,EARLY_2016_2019,49,-0.00015274897962802076,0.004464285714285716,-0.00015274897962802076,-0.000166141836770878,-0.00017953469391373522
0.1,KOSPI_ALL,20,LATE_2020_2022,38,0.0015163710607930593,0.014638157894736846,0.0015163710607930593,0.0014724565871088498,0.0014285421134246385
0.1,KOSPI_ALL,20,NORMAL_2023_2024,24,-0.00198460958939025,0.023437500000000014,-0.00198460958939025,-0.00205492208939025,-0.00212523458939025
0.1,KOSPI_ALL,20,YTD_2026,6,0.005744774905714664,0.0031250000000000075,0.005744774905714664,0.0057353999057146625,0.0057260249057146636
0.1,KOSPI_EX_K200,5,BULL_2025,49,0.0002133341755583417,0.008545918367346937,0.0002133341755583417,0.00018769642045630088,0.0001620586653542601
0.1,KOSPI_EX_K200,5,EARLY_2016_2019,196,-4.498815411921341e-05,0.002391581632653062,-4.498815411921341e-05,-5.216289901717255e-05,-5.933764391513177e-05
0.1,KOSPI_EX_K200,5,LATE_2020_2022,149,7.44849533516796e-05,0.004404362416107382,7.44849533516796e-05,6.127186610335747e-05,4.805877885503527e-05
0.1,KOSPI_EX_K200,5,NORMAL_2023_2024,97,0.00013861358762606564,0.006121134020618554,0.00013861358762606564,0.00012025018556420995,0.00010188678350235435
0.1,KOSPI_EX_K200,5,YTD_2026,28,0.0005815252493091169,0.00959821428571429,0.0005815252493091169,0.000552730606451974,0.0005239359635948311
0.1,KOSPI_EX_K200,10,BULL_2025,25,0.00041566914707548056,0.0029999999999999983,0.00041566914707548056,0.00040666914707548056,0.0003976691470754805
0.1,KOSPI_EX_K200,10,EARLY_2016_2019,98,-1.8871848494752577e-05,0.00031887755102040646,-1.8871848494752577e-05,-1.9828481147813863e-05,-2.0785113800875016e-05
0.1,KOSPI_EX_K200,10,LATE_2020_2022,75,0.00011269150863616434,0.003499999999999998,0.00011269150863616434,0.00010219150863616434,9.16915086361643e-05
0.1,KOSPI_EX_K200,10,NORMAL_2023_2024,48,0.00010641950565450785,0.007552083333333333,0.00010641950565450785,8.376325565450781e-05,6.110700565450785e-05
0.1,KOSPI_EX_K200,10,YTD_2026,13,0.0019040512940326593,0.007692307692307701,0.0019040512940326593,0.0018809743709557358,0.001857897447878813
0.1,KOSPI_EX_K200,20,BULL_2025,12,-0.0008267137716334233,0.012500000000000006,-0.0008267137716334233,-0.0008642137716334234,-0.0009017137716334232
0.1,KOSPI_EX_K200,20,EARLY_2016_2019,49,7.998661019229925e-05,-0.0030612244897959212,7.998661019229925e-05,8.917028366168697e-05,9.835395713107483e-05
0.1,KOSPI_EX_K200,20,LATE_2020_2022,38,-0.00031524733431034845,0.0024671052631578976,-0.00031524733431034845,-0.00032264865009982215,-0.00033004996588929575
0.1,KOSPI_EX_K200,20,NORMAL_2023_2024,24,-0.00038188502418357636,0.008072916666666667,-0.00038188502418357636,-0.00040610377418357635,-0.0004303225241835765
0.1,KOSPI_EX_K200,20,YTD_2026,6,0.0020067378930013154,0.010416666666666685,0.0020067378930013154,0.0019754878930013154,0.0019442378930013156
0.1,KOSPI_KOSDAQ_ALL,5,BULL_2025,49,0.0012651607786410995,0.026530612244897965,0.0012651607786410995,0.0011855689419064056,0.0011059771051717116
0.1,KOSPI_KOSDAQ_ALL,5,EARLY_2016_2019,196,0.000702326124548092,0.019642857142857142,0.000702326124548092,0.0006433975531195207,0.0005844689816909492
0.1,KOSPI_KOSDAQ_ALL,5,LATE_2020_2022,149,0.00057415552210567,0.03603187919463086,0.00057415552210567,0.00046605988452177733,0.0003579642469378847
0.1,KOSPI_KOSDAQ_ALL,5,NORMAL_2023_2024,97,0.00027739869012476895,0.03576030927835051,0.00027739869012476895,0.00017011776228971753,6.283683445466579e-05
0.1,KOSPI_KOSDAQ_ALL,5,YTD_2026,28,0.002879978217334849,0.03571428571428571,0.002879978217334849,0.0027728353601919917,0.002665692503049135
0.1,KOSPI_KOSDAQ_ALL,10,BULL_2025,25,0.0032446623351784286,0.025000000000000005,0.0032446623351784286,0.0031696623351784277,0.0030946623351784273
0.1,KOSPI_KOSDAQ_ALL,10,EARLY_2016_2019,98,0.0007472714941261417,0.019579081632653067,0.0007472714941261417,0.0006885342492281823,0.0006297970043302231
0.1,KOSPI_KOSDAQ_ALL,10,LATE_2020_2022,75,0.0013015065016975177,0.03883333333333333,0.0013015065016975177,0.0011850065016975172,0.0010685065016975178
0.1,KOSPI_KOSDAQ_ALL,10,NORMAL_2023_2024,48,-0.0006517952323557577,0.043619791666666664,-0.0006517952323557577,-0.0007826546073557575,-0.0009135139823557575
0.1,KOSPI_KOSDAQ_ALL,10,YTD_2026,13,0.007743299920687669,0.04519230769230768,0.007743299920687669,0.007607722997610746,0.007472146074533823
0.1,KOSPI_KOSDAQ_ALL,20,BULL_2025,12,0.012630638116593528,0.024999999999999977,0.012630638116593528,0.01255563811659353,0.012480638116593529
0.1,KOSPI_KOSDAQ_ALL,20,EARLY_2016_2019,49,0.0007142422470551333,0.01696428571428572,0.0007142422470551333,0.0006633493899122762,0.000612456532769419
0.1,KOSPI_KOSDAQ_ALL,20,LATE_2020_2022,38,0.003442424336122292,0.03486842105263158,0.003442424336122292,0.0033378190729643977,0.0032332138098065018
0.1,KOSPI_KOSDAQ_ALL,20,NORMAL_2023_2024,24,0.0029358112439318487,0.04427083333333335,0.0029358112439318487,0.002802998743931849,0.002670186243931849
0.1,KOSPI_KOSDAQ_ALL,20,YTD_2026,6,0.015171292033744904,0.03854166666666666,0.015171292033744904,0.0150556670337449,0.014940042033744902
0.15,K200,10,BULL_2025,25,0.0019361546980272255,0.015000000000000006,0.0019361546980272255,0.0018911546980272254,0.0018461546980272257
0.15,K200,10,EARLY_2016_2019,98,0.00018487394895563047,0.004464285714285714,0.00018487394895563047,0.00017148109181277328,0.00015808823466991625
0.15,K200,10,LATE_2020_2022,75,7.072442436301535e-05,0.007666666666666669,7.072442436301535e-05,4.77244243630152e-05,2.4724424363015325e-05
0.15,K200,10,NORMAL_2023_2024,48,0.0009244269159540587,0.005859374999999999,0.0009244269159540587,0.0009068487909540587,0.0008892706659540586
0.15,K200,10,YTD_2026,13,0.0010760096126262982,0.013942307692307697,0.0010760096126262982,0.0010341826895493749,0.000992355766472452
0.15,KOSDAQ,10,BULL_2025,25,0.00029444428277527486,0.02550000000000001,0.00029444428277527486,0.00021794428277527493,0.00014144428277527478
0.15,KOSDAQ,10,EARLY_2016_2019,98,0.0004215522429792322,0.003890306122448979,0.0004215522429792322,0.00040988132461188524,0.0003982104062445384
0.15,KOSDAQ,10,LATE_2020_2022,75,0.0006311202946595629,0.022916666666666665,0.0006311202946595629,0.000562370294659563,0.0004936202946595628
0.15,KOSDAQ,10,NORMAL_2023_2024,48,0.0003186570708514893,0.023828125000000002,0.0003186570708514893,0.00024717269585148926,0.00017568832085148927
0.15,KOSDAQ,10,YTD_2026,13,0.0019764423893675245,0.03317307692307692,0.0019764423893675245,0.0018769231585982933,0.0017774039278290637
0.15,KOSDAQ_PLUS_KOSPI_EX_K200,10,BULL_2025,25,0.0028321346844856375,0.03925000000000001,0.0028321346844856375,0.0027143846844856377,0.0025966346844856374
0.15,KOSDAQ_PLUS_KOSPI_EX_K200,10,EARLY_2016_2019,98,0.0006902344372604761,0.02289540816326531,0.0006902344372604761,0.0006215482127706802,0.0005528619882808843
0.15,KOSDAQ_PLUS_KOSPI_EX_K200,10,LATE_2020_2022,75,0.0016517972366176265,0.038583333333333324,0.0016517972366176265,0.0015360472366176263,0.001420297236617626
0.15,KOSDAQ_PLUS_KOSPI_EX_K200,10,NORMAL_2023_2024,48,0.001121739170515605,0.042317708333333336,0.001121739170515605,0.0009947860455156046,0.0008678329205156045
0.15,KOSDAQ_PLUS_KOSPI_EX_K200,10,YTD_2026,13,0.003973957584502345,0.050480769230769225,0.003973957584502345,0.003822515276810037,0.00367107296911773
0.15,KOSPI_ALL,10,BULL_2025,25,0.002655880405221765,0.021999999999999992,0.002655880405221765,0.002589880405221765,0.0025238804052217646
0.15,KOSPI_ALL,10,EARLY_2016_2019,98,0.00050424273209841,0.015178571428571427,0.00050424273209841,0.0004587070178126956,0.0004131713035269812
0.15,KOSPI_ALL,10,LATE_2020_2022,75,0.0004915852907285314,0.029416666666666664,0.0004915852907285314,0.00040333529072853164,0.0003150852907285316
0.15,KOSPI_ALL,10,NORMAL_2023_2024,48,3.5072935365534734e-05,0.034765624999999994,3.5072935365534734e-05,-6.922393963446534e-05,-0.0001735208146344654
0.15,KOSPI_ALL,10,YTD_2026,13,0.0012766698734802567,0.027884615384615383,0.0012766698734802567,0.0011930160273264105,0.0011093621811725646
0.15,KOSPI_EX_K200,10,BULL_2025,25,0.000909483024664175,0.0037499999999999934,0.000909483024664175,0.0008982330246641749,0.000886983024664175
0.15,KOSPI_EX_K200,10,EARLY_2016_2019,98,0.00014582043505707902,0.0019770408163265283,0.00014582043505707902,0.00013988931260809943,0.0001339581901591199
0.15,KOSPI_EX_K200,10,LATE_2020_2022,75,0.0002684361797713347,0.010999999999999998,0.0002684361797713347,0.00023543617977133465,0.0002024361797713347
0.15,KOSPI_EX_K200,10,NORMAL_2023_2024,48,0.0002871029277962437,0.013541666666666669,0.0002871029277962437,0.0002464779277962438,0.00020585292779624377
0.15,KOSPI_EX_K200,10,YTD_2026,13,0.0019196949482683566,0.012980769230769231,0.0019196949482683566,0.0018807526405760487,0.0018418103328837411
0.15,KOSPI_KOSDAQ_ALL,10,BULL_2025,25,0.0027441021217249374,0.05049999999999999,0.0027441021217249374,0.002592602121724937,0.0024411021217249375
0.15,KOSPI_KOSDAQ_ALL,10,EARLY_2016_2019,98,0.0013361776689009908,0.03845663265306122,0.0013361776689009908,0.001220807770941807,0.0011054378729826232
0.15,KOSPI_KOSDAQ_ALL,10,LATE_2020_2022,75,0.0021198991466776867,0.06025000000000001,0.0021198991466776867,0.0019391491466776863,0.0017583991466776864
0.15,KOSPI_KOSDAQ_ALL,10,NORMAL_2023_2024,48,0.0004845504720003815,0.06705729166666667,0.0004845504720003815,0.0002833785970003816,8.220672200038139e-05
0.15,KOSPI_KOSDAQ_ALL,10,YTD_2026,13,0.010007548273921833,0.07067307692307692,0.010007548273921833,0.009795529043152602,0.009583509812383371
0.2,K200,5,BULL_2025,49,0.0010608893664213186,0.015561224489795918,0.0010608893664213186,0.0010142056929519309,0.0009675220194825432
0.2,K200,5,EARLY_2016_2019,196,7.230760599909904e-05,0.008577806122448975,7.230760599909904e-05,4.657418763175213e-05,2.0840769264405174e-05
0.2,K200,5,LATE_2020_2022,149,4.814706863196752e-05,0.01556208053691275,4.814706863196752e-05,1.4608270212292598e-06,-4.522541458950901e-05
0.2,K200,5,NORMAL_2023_2024,97,0.00046214847275233354,0.014368556701030924,0.00046214847275233354,0.00041904280264924097,0.00037593713254614817
0.2,K200,5,YTD_2026,28,0.0018975153375552902,0.016294642857142855,0.0018975153375552902,0.0018486314089838619,0.001799747480412433
0.2,K200,10,BULL_2025,25,0.0024556050626297916,0.024000000000000004,0.0024556050626297916,0.0023836050626297916,0.002311605062629792
0.2,K200,10,EARLY_2016_2019,98,0.000269929694475226,0.009247448979591835,0.000269929694475226,0.0002421873475364505,0.00021444500059767502
0.2,K200,10,LATE_2020_2022,75,-8.292539804349492e-05,0.016583333333333332,-8.292539804349492e-05,-0.00013267539804349474,-0.0001824253980434948
0.2,K200,10,NORMAL_2023_2024,48,0.0007412773950016402,0.012760416666666668,0.0007412773950016402,0.0007029961450016401,0.0006647148950016402
0.2,K200,10,YTD_2026,13,0.0028009410584178248,0.02644230769230769,0.0028009410584178248,0.0027216141353409015,0.002642287212263978
0.2,K200,20,BULL_2025,12,0.0038869329145357796,0.02968749999999999,0.0038869329145357796,0.003797870414535779,0.0037088079145357797
0.2,K200,20,EARLY_2016_2019,49,0.0002345048735257791,0.00982142857142857,0.0002345048735257791,0.00020504058781149336,0.00017557630209720772
0.2,K200,20,LATE_2020_2022,38,0.001292162744352342,0.01661184210526315,0.001292162744352342,0.0012423272180365522,0.0011924916917207633
0.2,K200,20,NORMAL_2023_2024,24,-0.0006674334150187072,0.019270833333333324,-0.0006674334150187072,-0.0007252459150187069,-0.0007830584150187071
0.2,K200,20,YTD_2026,6,0.0031962398811055583,0.027083333333333348,0.0031962398811055583,0.0031149898811055573,0.0030337398811055576
0.2,KOSDAQ,5,BULL_2025,49,-0.00010252449372641476,0.03022959183673469,-0.00010252449372641476,-0.0001932132692366188,-0.000283902044746823
0.2,KOSDAQ,5,EARLY_2016_2019,196,0.0006207260787043756,0.01122448979591837,0.0006207260787043756,0.0005870526093166206,0.0005533791399288655
0.2,KOSDAQ,5,LATE_2020_2022,149,0.0007317299342450807,0.026426174496644292,0.0007317299342450807,0.0006524514107551478,0.0005731728872652149
0.2,KOSDAQ,5,NORMAL_2023_2024,97,0.00022349417152436513,0.028286082474226804,0.00022349417152436513,0.00013863592410168473,5.377767667900445e-05
0.2,KOSDAQ,5,YTD_2026,28,0.001939836297728363,0.03816964285714285,0.001939836297728363,0.0018253273691569338,0.0017108184405855056
0.2,KOSDAQ,10,BULL_2025,25,0.0004258316793954904,0.03325,0.0004258316793954904,0.00032608167939549015,0.00022633167939549039
0.2,KOSDAQ,10,EARLY_2016_2019,98,0.0004258714808701853,0.01147959183673469,0.0004258714808701853,0.00039143270535998113,0.000356993929849777
0.2,KOSDAQ,10,LATE_2020_2022,75,0.0006616980117050656,0.031083333333333324,0.0006616980117050656,0.0005684480117050657,0.0004751980117050657
0.2,KOSDAQ,10,NORMAL_2023_2024,48,0.0004710447802339811,0.03502604166666666,0.0004710447802339811,0.00036596665523398107,0.00026088853023398104
0.2,KOSDAQ,10,YTD_2026,13,0.005412785839199982,0.05240384615384615,0.005412785839199982,0.005255574300738443,0.005098362762276905
0.2,KOSDAQ,20,BULL_2025,12,0.002579364445145824,0.03593749999999998,0.002579364445145824,0.0024715519451458242,0.0023637394451458227
0.2,KOSDAQ,20,EARLY_2016_2019,49,0.00023221545771594866,0.013392857142857139,0.00023221545771594866,0.0001920368862873771,0.00015185831485880585
0.2,KOSDAQ,20,LATE_2020_2022,38,-8.203590477164192e-05,0.03059210526315791,-8.203590477164192e-05,-0.00017381222056111594,-0.00026558853635058957
0.2,KOSDAQ,20,NORMAL_2023_2024,24,0.002417535936622079,0.03203125,0.002417535936622079,0.0023214421866220793,0.002225348436622079
0.2,KOSDAQ,20,YTD_2026,6,0.008040498502784382,0.06145833333333334,0.008040498502784382,0.007856123502784381,0.00767174850278438
0.2,KOSDAQ_PLUS_KOSPI_EX_K200,5,BULL_2025,49,0.001293335473646508,0.04630102040816326,0.001293335473646508,0.001154432412422018,0.0010155293511975283
0.2,KOSDAQ_PLUS_KOSPI_EX_K200,5,EARLY_2016_2019,196,0.0008017863191928256,0.027391581632653064,0.0008017863191928256,0.0007196115742948663,0.0006374368293969073
0.2,KOSDAQ_PLUS_KOSPI_EX_K200,5,LATE_2020_2022,149,0.0014141093618072575,0.053691275167785234,0.0014141093618072575,0.0012530355363039015,0.0010919617108005458
0.2,KOSDAQ_PLUS_KOSPI_EX_K200,5,NORMAL_2023_2024,97,0.0008742454390645688,0.042654639175257726,0.0008742454390645688,0.0007462815215387957,0.0006183176040130224
0.2,KOSDAQ_PLUS_KOSPI_EX_K200,5,YTD_2026,28,0.0016171704220422547,0.06116071428571428,0.0016171704220422547,0.0014336882791851117,0.001250206136327969
0.2,KOSDAQ_PLUS_KOSPI_EX_K200,10,BULL_2025,25,0.004439843875482437,0.04825000000000001,0.004439843875482437,0.004295093875482437,0.004150343875482437
0.2,KOSDAQ_PLUS_KOSPI_EX_K200,10,EARLY_2016_2019,98,0.0009528460825228147,0.037563775510204074,0.0009528460825228147,0.0008401547559922017,0.0007274634294615899
0.2,KOSDAQ_PLUS_KOSPI_EX_K200,10,LATE_2020_2022,75,0.0018960792376692954,0.06083333333333332,0.0018960792376692954,0.0017135792376692957,0.0015310792376692958
0.2,KOSDAQ_PLUS_KOSPI_EX_K200,10,NORMAL_2023_2024,48,0.0010762324397387418,0.05611979166666666,0.0010762324397387418,0.0009078730647387414,0.000739513689738742
0.2,KOSDAQ_PLUS_KOSPI_EX_K200,10,YTD_2026,13,0.004853376192824442,0.06538461538461539,0.004853376192824442,0.004657222346670596,0.004461068500516749
0.2,KOSDAQ_PLUS_KOSPI_EX_K200,20,BULL_2025,12,0.012376514787178697,0.05416666666666666,0.012376514787178697,0.012214014787178694,0.012051514787178697
0.2,KOSDAQ_PLUS_KOSPI_EX_K200,20,EARLY_2016_2019,49,1.5161068800620672e-05,0.04081632653061224,1.5161068800620672e-05,-0.000107287910791216,-0.000229736890383053
0.2,KOSDAQ_PLUS_KOSPI_EX_K200,20,LATE_2020_2022,38,0.004112453886830809,0.05740131578947368,0.004112453886830809,0.003940249939462387,0.0037680459920939667
0.2,KOSDAQ_PLUS_KOSPI_EX_K200,20,NORMAL_2023_2024,24,0.003726842624933281,0.06588541666666665,0.003726842624933281,0.003529186374933281,0.0033315301249332804
0.2,KOSDAQ_PLUS_KOSPI_EX_K200,20,YTD_2026,6,0.014972230308230297,0.08229166666666667,0.014972230308230297,0.014725355308230298,0.014478480308230296
0.2,KOSPI_ALL,5,BULL_2025,49,0.0019092043607858566,0.03979591836734693,0.0019092043607858566,0.0017898166056838157,0.001670428850581775
0.2,KOSPI_ALL,5,EARLY_2016_2019,196,0.0004788910024897482,0.022448979591836737,0.0004788910024897482,0.00041154406371423806,0.0003441971249387279
0.2,KOSPI_ALL,5,LATE_2020_2022,149,0.0005730001186369855,0.04416946308724831,0.0005730001186369855,0.0004404917293752405,0.0003079833401134955
0.2,KOSPI_ALL,5,NORMAL_2023_2024,97,0.0005613023597864846,0.04130154639175258,0.0005613023597864846,0.0004373977206112269,0.0003134930814359691
0.2,KOSPI_ALL,5,YTD_2026,28,0.0008909041136899142,0.03660714285714285,0.0008909041136899142,0.0007810826851184857,0.0006712612565470574
0.2,KOSPI_ALL,10,BULL_2025,25,0.0027359705886824907,0.044999999999999984,0.0027359705886824907,0.002600970588682491,0.002465970588682491
0.2,KOSPI_ALL,10,EARLY_2016_2019,98,0.0003487730425639146,0.029591836734693882,0.0003487730425639146,0.00025999753235983296,0.00017122202215575147
0.2,KOSPI_ALL,10,LATE_2020_2022,75,0.0007175085720929216,0.04875,0.0007175085720929216,0.0005712585720929218,0.0004250085720929214
0.2,KOSPI_ALL,10,NORMAL_2023_2024,48,0.000575003146347469,0.05664062499999999,0.000575003146347469,0.00040508127134746837,0.000235159396347469
0.2,KOSPI_ALL,10,YTD_2026,13,0.001914423057586735,0.05096153846153846,0.001914423057586735,0.0017615384422021195,0.0016086538268175045
0.2,KOSPI_ALL,20,BULL_2025,12,0.0038712752296175667,0.04218749999999999,0.0038712752296175667,0.0037447127296175663,0.0036181502296175672
0.2,KOSPI_ALL,20,EARLY_2016_2019,49,4.660223237133848e-05,0.032397959183673476,4.660223237133848e-05,-5.059164517968189e-05,-0.0001477855227307024
0.2,KOSPI_ALL,20,LATE_2020_2022,38,0.0025926971400704836,0.054276315789473686,0.0025926971400704836,0.002429868192702063,0.0022670392453336416
0.2,KOSPI_ALL,20,NORMAL_2023_2024,24,0.00020989724157702313,0.06484374999999999,0.00020989724157702313,1.536599157702344e-05,-0.00017916525842297652
0.2,KOSPI_ALL,20,YTD_2026,6,0.007233915314880605,0.029166666666666674,0.007233915314880605,0.007146415314880604,0.007058915314880604
0.2,KOSPI_EX_K200,5,BULL_2025,49,0.0009940378336982549,0.017474489795918362,0.0009940378336982549,0.0009416143643104999,0.0008891908949227447
0.2,KOSPI_EX_K200,5,EARLY_2016_2019,196,0.00024644694564759874,0.007142857142857143,0.00024644694564759874,0.0002250183742190273,0.00020358980279045592
0.2,KOSPI_EX_K200,5,LATE_2020_2022,149,0.00011833180982746743,0.016946308724832212,0.00011833180982746743,6.749288365297079e-05,1.6653957478474142e-05
0.2,KOSPI_EX_K200,5,NORMAL_2023_2024,97,0.00025727635311446217,0.019587628865979378,0.00025727635311446217,0.00019851346651652416,0.00013975057991858595
0.2,KOSPI_EX_K200,5,YTD_2026,28,0.0011171985933504038,0.02165178571428572,0.0011171985933504038,0.0010522432362075464,0.0009872878790646892
0.2,KOSPI_EX_K200,10,BULL_2025,25,0.0011039351931579674,0.011999999999999997,0.0011039351931579674,0.0010679351931579674,0.0010319351931579674
0.2,KOSPI_EX_K200,10,EARLY_2016_2019,98,0.000368690184990979,0.006760204081632652,0.000368690184990979,0.0003484095727460811,0.00032812896050118305
0.2,KOSPI_EX_K200,10,LATE_2020_2022,75,2.8281939059669447e-05,0.019999999999999997,2.8281939059669447e-05,-3.171806094033042e-05,-9.171806094033053e-05
0.2,KOSPI_EX_K200,10,NORMAL_2023_2024,48,0.0009633302265644976,0.022526041666666663,0.0009633302265644976,0.0008957521015644978,0.0008281739765644978
0.2,KOSPI_EX_K200,10,YTD_2026,13,0.0019844605993703285,0.03317307692307693,0.0019844605993703285,0.0018849413686010973,0.0017854221378318668
0.2,KOSPI_EX_K200,20,BULL_2025,12,0.0010309868140866727,0.020833333333333332,0.0010309868140866727,0.0009684868140866725,0.0009059868140866729
0.2,KOSPI_EX_K200,20,EARLY_2016_2019,49,0.0009979146973337915,0.004336734693877556,0.0009979146973337915,0.0009849044932521587,0.000971894289170526
0.2,KOSPI_EX_K200,20,LATE_2020_2022,38,0.00016632428207829662,0.015296052631578943,0.00016632428207829662,0.0001204361241835599,7.454796628882295e-05
0.2,KOSPI_EX_K200,20,NORMAL_2023_2024,24,0.001916244013411635,0.026822916666666658,0.001916244013411635,0.001835775263411635,0.0017553065134116351
0.2,KOSPI_EX_K200,20,YTD_2026,6,-0.0001181741847651353,0.03437500000000001,-0.0001181741847651353,-0.00022129918476513494,-0.0003244241847651351
0.2,KOSPI_KOSDAQ_ALL,5,BULL_2025,49,0.0018055253551830068,0.0642857142857143,0.0018055253551830068,0.0016126682123258644,0.0014198110694687211
0.2,KOSPI_KOSDAQ_ALL,5,EARLY_2016_2019,196,0.0012725998971640415,0.04751275510204082,0.0012725998971640415,0.0011300616318579192,0.0009875233665517966
0.2,KOSPI_KOSDAQ_ALL,5,LATE_2020_2022,149,0.0011722183842019101,0.07151845637583892,0.0011722183842019101,0.0009576630150743932,0.0007431076459468763
0.2,KOSPI_KOSDAQ_ALL,5,NORMAL_2023_2024,97,0.0010122537453431315,0.06713917525773196,0.0010122537453431315,0.0008108362195699356,0.0006094186937967399
0.2,KOSPI_KOSDAQ_ALL,5,YTD_2026,28,0.004767160633338761,0.07678571428571426,0.004767160633338761,0.004536803490481618,0.004306446347624475
0.2,KOSPI_KOSDAQ_ALL,10,BULL_2025,25,0.004620957740483627,0.06899999999999999,0.004620957740483627,0.004413957740483627,0.0042069577404836266
0.2,KOSPI_KOSDAQ_ALL,10,EARLY_2016_2019,98,0.0014663648727892098,0.05720663265306124,0.0014663648727892098,0.0012947449748300262,0.0011231250768708424
0.2,KOSPI_KOSDAQ_ALL,10,LATE_2020_2022,75,0.0019391236453947898,0.08241666666666667,0.0019391236453947898,0.0016918736453947905,0.0014446236453947903
0.2,KOSPI_KOSDAQ_ALL,10,NORMAL_2023_2024,48,0.0008432560410292211,0.08736979166666668,0.0008432560410292211,0.0005811466660292206,0.00031903729102922057
0.2,KOSPI_KOSDAQ_ALL,10,YTD_2026,13,0.011318455529616496,0.09134615384615383,0.011318455529616496,0.011044417068078034,0.010770378606539573
0.2,KOSPI_KOSDAQ_ALL,20,BULL_2025,12,0.01382073161093564,0.08958333333333333,0.01382073161093564,0.013551981610935642,0.013283231610935642
0.2,KOSPI_KOSDAQ_ALL,20,EARLY_2016_2019,49,0.00014412252246550735,0.06262755102040816,0.00014412252246550735,-4.376013059571743e-05,-0.00023164278365694194
0.2,KOSPI_KOSDAQ_ALL,20,LATE_2020_2022,38,0.0055693101221286605,0.08815789473684212,0.0055693101221286605,0.005304836437918135,0.005040362753707607
0.2,KOSPI_KOSDAQ_ALL,20,NORMAL_2023_2024,24,0.0018646446113648712,0.10546875,0.0018646446113648712,0.001548238361364871,0.0012318321113648702
0.2,KOSPI_KOSDAQ_ALL,20,YTD_2026,6,0.020296440017409614,0.08854166666666667,0.020296440017409614,0.020030815017409612,0.019765190017409614
0.25,K200,10,BULL_2025,25,0.003445071423531831,0.038500000000000006,0.003445071423531831,0.0033295714235318315,0.0032140714235318318
0.25,K200,10,EARLY_2016_2019,98,0.00024208629426050631,0.01779336734693877,0.00024208629426050631,0.00018870619221969003,0.00013532609017887368
0.25,K200,10,LATE_2020_2022,75,2.4798944092347165e-05,0.024833333333333336,2.4798944092347165e-05,-4.9701055907652366e-05,-0.00012420105590765242
0.25,K200,10,NORMAL_2023_2024,48,0.0011673103307836402,0.024479166666666663,0.0011673103307836402,0.00109387283078364,0.0010204353307836402
0.25,K200,10,YTD_2026,13,0.0024133024972460867,0.04519230769230769,0.0024133024972460867,0.002277725574169163,0.0021421486510922404
0.25,KOSDAQ,10,BULL_2025,25,-0.0005198390665989488,0.051000000000000004,-0.0005198390665989488,-0.0006728390665989492,-0.0008258390665989489
0.25,KOSDAQ,10,EARLY_2016_2019,98,0.0001890366047924188,0.019387755102040816,0.0001890366047924188,0.00013087333948629652,7.271007418017398e-05
0.25,KOSDAQ,10,LATE_2020_2022,75,0.0008542595564812594,0.042499999999999996,0.0008542595564812594,0.0007267595564812592,0.0005992595564812592
0.25,KOSDAQ,10,NORMAL_2023_2024,48,-0.0001979879151255691,0.05013020833333332,-0.0001979879151255691,-0.0003483785401255692,-0.0004987691651255692
0.25,KOSDAQ,10,YTD_2026,13,0.008735204565886267,0.06490384615384616,0.008735204565886267,0.008540493027424729,0.00834578148896319
0.25,KOSDAQ_PLUS_KOSPI_EX_K200,10,BULL_2025,25,0.002774134534349783,0.06525,0.002774134534349783,0.002578384534349783,0.002382634534349783
0.25,KOSDAQ_PLUS_KOSPI_EX_K200,10,EARLY_2016_2019,98,0.0012282562129393073,0.049936224489795907,0.0012282562129393073,0.0010784475394699194,0.0009286388660005317
0.25,KOSDAQ_PLUS_KOSPI_EX_K200,10,LATE_2020_2022,75,0.001667588255167827,0.07624999999999998,0.001667588255167827,0.0014388382551678268,0.0012100882551678263
0.25,KOSDAQ_PLUS_KOSPI_EX_K200,10,NORMAL_2023_2024,48,0.0011121211402165632,0.07513020833333332,0.0011121211402165632,0.0008867305152165631,0.0006613398902165628
0.25,KOSDAQ_PLUS_KOSPI_EX_K200,10,YTD_2026,13,0.006369510819436904,0.09038461538461541,0.006369510819436904,0.006098356973283057,0.005827203127129212
0.25,KOSPI_ALL,10,BULL_2025,25,0.003168490628536019,0.05949999999999999,0.003168490628536019,0.002989990628536018,0.002811490628536018
0.25,KOSPI_ALL,10,EARLY_2016_2019,98,0.00017751337030923853,0.04445153061224489,0.00017751337030923853,4.415877847250398e-05,-8.919581336423092e-05
0.25,KOSPI_ALL,10,LATE_2020_2022,75,0.0010485874044175694,0.06308333333333334,0.0010485874044175694,0.0008593374044175695,0.0006700874044175699
0.25,KOSPI_ALL,10,NORMAL_2023_2024,48,0.00029888354539721996,0.07174479166666665,0.00029888354539721996,8.364917039721936e-05,-0.00013158520460277977
0.25,KOSPI_ALL,10,YTD_2026,13,0.0016928129949118581,0.07259615384615385,0.0016928129949118581,0.0014750245333733961,0.0012572360718349346
0.25,KOSPI_EX_K200,10,BULL_2025,25,0.0016900846960838953,0.019499999999999997,0.0016900846960838953,0.0016315846960838951,0.0015730846960838954
0.25,KOSPI_EX_K200,10,EARLY_2016_2019,98,0.0004332484049143634,0.009693877551020405,0.0004332484049143634,0.0004041667722613021,0.000375085139608241
0.25,KOSPI_EX_K200,10,LATE_2020_2022,75,-0.00041402338319356923,0.02783333333333333,-0.00041402338319356923,-0.0004975233831935691,-0.0005810233831935691
0.25,KOSPI_EX_K200,10,NORMAL_2023_2024,48,0.0005120479547109051,0.03502604166666667,0.0005120479547109051,0.00040696982971090515,0.00030189170471090523
0.25,KOSPI_EX_K200,10,YTD_2026,13,0.0025990636573863394,0.043750000000000004,0.0025990636573863394,0.0024678136573863395,0.002336563657386339
0.25,KOSPI_KOSDAQ_ALL,10,BULL_2025,25,0.006222839420048397,0.08675,0.006222839420048397,0.005962589420048398,0.005702339420048397
0.25,KOSPI_KOSDAQ_ALL,10,EARLY_2016_2019,98,0.001086824007615282,0.07474489795918367,0.001086824007615282,0.0008625893137377312,0.00063835461986018
0.25,KOSPI_KOSDAQ_ALL,10,LATE_2020_2022,75,0.0023784552901950275,0.10133333333333333,0.0023784552901950275,0.0020744552901950275,0.0017704552901950273
0.25,KOSPI_KOSDAQ_ALL,10,NORMAL_2023_2024,48,0.00015928664511975906,0.10481770833333333,0.00015928664511975906,-0.00015516647988024143,-0.00046961960488024176
0.25,KOSPI_KOSDAQ_ALL,10,YTD_2026,13,0.012173638623268377,0.11057692307692311,0.012173638623268377,0.011841907854037607,0.011510177084806839
0.3,K200,5,BULL_2025,49,0.0019769870094507366,0.03686224489795919,0.0019769870094507366,0.0018664002747568588,0.001755813540062982
0.3,K200,5,EARLY_2016_2019,196,0.000167289412499217,0.020408163265306117,0.000167289412499217,0.00010606492270329869,4.484043290738038e-05
0.3,K200,5,LATE_2020_2022,149,0.00040224213240217356,0.030201342281879196,0.00040224213240217356,0.0003116381055565359,0.00022103407871089834
0.3,K200,5,NORMAL_2023_2024,97,0.0007691418057069588,0.03350515463917525,0.0007691418057069588,0.0006686263417894332,0.0005681108778719075
0.3,K200,5,YTD_2026,28,0.0025446747937530804,0.03660714285714285,0.0025446747937530804,0.0024348533651816526,0.002325031936610224
0.3,K200,10,BULL_2025,25,0.004676695252723482,0.05050000000000001,0.004676695252723482,0.004525195252723482,0.004373695252723482
0.3,K200,10,EARLY_2016_2019,98,0.00034174684182623923,0.02710459183673469,0.00034174684182623923,0.0002604330663160352,0.00017911929080583123
0.3,K200,10,LATE_2020_2022,75,0.0003872150517169825,0.034083333333333334,0.0003872150517169825,0.0002849650517169827,0.0001827150517169824
0.3,K200,10,NORMAL_2023_2024,48,0.000855190280423942,0.037890625,0.000855190280423942,0.0007415184054239422,0.0006278465304239422
0.3,K200,10,YTD_2026,13,0.003606184363258569,0.057692307692307696,0.003606184363258569,0.0034331074401816463,0.0032600305171047225
0.3,K200,20,BULL_2025,12,0.008959088570614596,0.04895833333333335,0.008959088570614596,0.008812213570614595,0.008665338570614594
0.3,K200,20,EARLY_2016_2019,49,0.0005838023147292563,0.03176020408163266,0.0005838023147292563,0.0004885217024843583,0.0003932410902394603
0.3,K200,20,LATE_2020_2022,38,0.0013727903504666891,0.04144736842105262,0.0013727903504666891,0.001248448245203531,0.001124106139940373
0.3,K200,20,NORMAL_2023_2024,24,0.0006508700031383275,0.04895833333333335,0.0006508700031383275,0.0005039950031383277,0.00035712000313832754
0.3,K200,20,YTD_2026,6,0.0030988897546364927,0.05520833333333335,0.0030988897546364927,0.0029332647546364923,0.0027676397546364923
0.3,KOSDAQ,5,BULL_2025,49,2.4512823985940408e-05,0.05204081632653061,2.4512823985940408e-05,-0.00013160962499365119,-0.00028773207397324313
0.3,KOSDAQ,5,EARLY_2016_2019,196,0.0008708804017588976,0.02146045918367347,0.0008708804017588976,0.0008064990242078774,0.0007421176466568569
0.3,KOSDAQ,5,LATE_2020_2022,149,0.000940076666609467,0.04786073825503356,0.000940076666609467,0.0007964944518443665,0.0006529122370792657
0.3,KOSDAQ,5,NORMAL_2023_2024,97,0.0006375525501992397,0.04826030927835051,0.0006375525501992397,0.000492771622364188,0.00034799069452913636
0.3,KOSDAQ,5,YTD_2026,28,0.0034816433791645817,0.06049107142857143,0.0034816433791645817,0.0033001701648788678,0.0031186969505931535
0.3,KOSDAQ,10,BULL_2025,25,-6.272618595158757e-05,0.06525000000000002,-6.272618595158757e-05,-0.00025847618595158757,-0.0004542261859515874
0.3,KOSDAQ,10,EARLY_2016_2019,98,0.000549791936672645,0.026403061224489793,0.000549791936672645,0.00047058275299917553,0.00039137356932570646
0.3,KOSDAQ,10,LATE_2020_2022,75,0.0008372369047515197,0.05391666666666667,0.0008372369047515197,0.0006754869047515201,0.0005137369047515198
0.3,KOSDAQ,10,NORMAL_2023_2024,48,-2.074462019403558e-05,0.06354166666666665,-2.074462019403558e-05,-0.00021136962019403576,-0.0004019946201940353
0.3,KOSDAQ,10,YTD_2026,13,0.009853538956659616,0.0783653846153846,0.009853538956659616,0.00961844280281346,0.009383346648967308
0.3,KOSDAQ,20,BULL_2025,12,0.0007502350527861518,0.071875,0.0007502350527861518,0.0005346100527861527,0.00031898505278615184
0.3,KOSDAQ,20,EARLY_2016_2019,49,4.6795588852936845e-05,0.03418367346938775,4.6795588852936845e-05,-5.575543155522639e-05,-0.00015830645196338958
0.3,KOSDAQ,20,LATE_2020_2022,38,-0.0007310895789716955,0.06118421052631579,-0.0007310895789716955,-0.0009146422105506426,-0.0010981948421295903
0.3,KOSDAQ,20,NORMAL_2023_2024,24,0.0027332623968314308,0.05989583333333332,0.0027332623968314308,0.002553574896831431,0.0023738873968314304
0.3,KOSDAQ,20,YTD_2026,6,0.015167098143928803,0.11354166666666667,0.015167098143928803,0.014826473143928806,0.014485848143928804
0.3,KOSDAQ_PLUS_KOSPI_EX_K200,5,BULL_2025,49,0.0011735364283815676,0.07015306122448979,0.0011735364283815676,0.000963077244708098,0.0007526180610346289
0.3,KOSDAQ_PLUS_KOSPI_EX_K200,5,EARLY_2016_2019,196,0.0009854803427754104,0.04799107142857143,0.0009854803427754104,0.0008415071284896959,0.0006975339142039818
0.3,KOSDAQ_PLUS_KOSPI_EX_K200,5,LATE_2020_2022,149,0.001219271232396274,0.0773489932885906,0.001219271232396274,0.0009872242525305022,0.0007551772726647305
0.3,KOSDAQ_PLUS_KOSPI_EX_K200,5,NORMAL_2023_2024,97,0.0011313997678999018,0.07061855670103093,0.0011313997678999018,0.0009195440977968093,0.0007076884276937165
0.3,KOSDAQ_PLUS_KOSPI_EX_K200,5,YTD_2026,28,0.002720416872973128,0.09419642857142858,0.002720416872973128,0.0024378275872588423,0.002155238301544557
0.3,KOSDAQ_PLUS_KOSPI_EX_K200,10,BULL_2025,25,0.0038783332391358134,0.07875,0.0038783332391358134,0.003642083239135814,0.003405833239135813
0.3,KOSDAQ_PLUS_KOSPI_EX_K200,10,EARLY_2016_2019,98,0.0015552888624352727,0.06275510204081632,0.0015552888624352727,0.0013670235563128233,0.0011787582501903743
0.3,KOSDAQ_PLUS_KOSPI_EX_K200,10,LATE_2020_2022,75,0.0016724611564595197,0.09058333333333334,0.0016724611564595197,0.0014007111564595198,0.0011289611564595195
0.3,KOSDAQ_PLUS_KOSPI_EX_K200,10,NORMAL_2023_2024,48,0.0009771023180994646,0.08932291666666665,0.0009771023180994646,0.0007091335680994645,0.0004411648180994644
0.3,KOSDAQ_PLUS_KOSPI_EX_K200,10,YTD_2026,13,0.0068323621948252755,0.1076923076923077,0.0068323621948252755,0.0065092852717483505,0.006186208348671429
0.3,KOSDAQ_PLUS_KOSPI_EX_K200,20,BULL_2025,12,0.011166020099340819,0.09166666666666667,0.011166020099340819,0.010891020099340822,0.010616020099340819
0.3,KOSDAQ_PLUS_KOSPI_EX_K200,20,EARLY_2016_2019,49,0.00013829789492958991,0.07040816326530612,0.00013829789492958991,-7.292659486632841e-05,-0.0002841510846622467
0.3,KOSDAQ_PLUS_KOSPI_EX_K200,20,LATE_2020_2022,38,0.004586469691697333,0.09555921052631577,0.004586469691697333,0.004299792060118386,0.004013114428539439
0.3,KOSDAQ_PLUS_KOSPI_EX_K200,20,NORMAL_2023_2024,24,0.0035479227496765463,0.1046875,0.0035479227496765463,0.0032338602496765467,0.002919797749676546
0.3,KOSDAQ_PLUS_KOSPI_EX_K200,20,YTD_2026,6,0.014960225807853951,0.13020833333333334,0.014960225807853951,0.01456960080785395,0.014178975807853952
0.3,KOSPI_ALL,5,BULL_2025,49,0.002315302071444494,0.06275510204081632,0.002315302071444494,0.0021270367653220454,0.001938771459199596
0.3,KOSPI_ALL,5,EARLY_2016_2019,196,0.00036332898616463314,0.04177295918367347,0.00036332898616463314,0.00023801010861361282,0.00011269123106259238
0.3,KOSPI_ALL,5,LATE_2020_2022,149,0.0006713949698162698,0.06765939597315436,0.0006713949698162698,0.00046841678189680683,0.00026543859397734377
0.3,KOSPI_ALL,5,NORMAL_2023_2024,97,0.00047201507005455054,0.06862113402061855,0.00047201507005455054,0.0002661516679926951,6.028826593083908e-05
0.3,KOSPI_ALL,5,YTD_2026,28,0.002521059756596821,0.06026785714285715,0.002521059756596821,0.0023402561851682485,0.002159452613739677
0.3,KOSPI_ALL,10,BULL_2025,25,0.004502555338848372,0.07949999999999999,0.004502555338848372,0.004264055338848371,0.004025555338848371
0.3,KOSPI_ALL,10,EARLY_2016_2019,98,-8.862079006401317e-05,0.05733418367346938,-8.862079006401317e-05,-0.00026062334108442115,-0.00043262589210482953
0.3,KOSPI_ALL,10,LATE_2020_2022,75,0.0009209855071314545,0.07875000000000001,0.0009209855071314545,0.0006847355071314542,0.00044848550713145417
0.3,KOSPI_ALL,10,NORMAL_2023_2024,48,-0.0001812869699605628,0.08697916666666666,-0.0001812869699605628,-0.00044222446996056267,-0.0007031619699605631
0.3,KOSPI_ALL,10,YTD_2026,13,0.004206813961651437,0.0783653846153846,0.004206813961651437,0.003971717807805282,0.0037366216539591293
0.3,KOSPI_ALL,20,BULL_2025,12,0.00827772972157282,0.08437499999999998,0.00827772972157282,0.008024604721572817,0.007771479721572819
0.3,KOSPI_ALL,20,EARLY_2016_2019,49,-0.0013371354926752007,0.0625,-0.0013371354926752007,-0.0015246354926752,-0.0017121354926752002
0.3,KOSPI_ALL,20,LATE_2020_2022,38,0.0037369654234332725,0.09292763157894739,0.0037369654234332725,0.0034581825286964306,0.0031793996339595874
0.3,KOSPI_ALL,20,NORMAL_2023_2024,24,-0.0010420573332286466,0.1018229166666667,-0.0010420573332286466,-0.0013475260832286461,-0.0016529948332286457
0.3,KOSPI_ALL,20,YTD_2026,6,0.010407433370914324,0.06770833333333333,0.010407433370914324,0.010204308370914324,0.010001183370914326
0.3,KOSPI_EX_K200,5,BULL_2025,49,0.001859088023808391,0.03801020408163265,0.001859088023808391,0.0017450574115634926,0.001631026799318595
0.3,KOSPI_EX_K200,5,EARLY_2016_2019,196,0.0006397908241562578,0.015338010204081631,0.0006397908241562578,0.0005937767935440129,0.0005477627629317679
0.3,KOSPI_EX_K200,5,LATE_2020_2022,149,0.0003102386866372851,0.03313758389261745,0.0003102386866372851,0.00021082593495943283,0.00011141318328158044
0.3,KOSPI_EX_K200,5,NORMAL_2023_2024,97,0.00041295035143701765,0.03498711340206185,0.00041295035143701765,0.00030798901123083196,0.00020302767102464624
0.3,KOSPI_EX_K200,5,YTD_2026,28,0.0017396047750606243,0.0439732142857143,0.0017396047750606243,0.0016076851322034814,0.0014757654893463386
0.3,KOSPI_EX_K200,10,BULL_2025,25,0.0028009305288369877,0.03299999999999999,0.0028009305288369877,0.002701930528836988,0.002602930528836989
0.3,KOSPI_EX_K200,10,EARLY_2016_2019,98,0.00037978679458271057,0.016326530612244896,0.00037978679458271057,0.00033080720274597595,0.00028182761090924123
0.3,KOSPI_EX_K200,10,LATE_2020_2022,75,-0.0005399287764516875,0.03866666666666667,-0.0005399287764516875,-0.0006559287764516872,-0.0007719287764516873
0.3,KOSPI_EX_K200,10,NORMAL_2023_2024,48,0.0005819157569227665,0.046223958333333336,0.0005819157569227665,0.0004432438819227664,0.0003045720069227661
0.3,KOSPI_EX_K200,10,YTD_2026,13,0.00349050009516982,0.056249999999999994,0.00349050009516982,0.0033217500951698196,0.00315300009516982
0.3,KOSPI_EX_K200,20,BULL_2025,12,0.0022493653590325577,0.05781249999999998,0.0022493653590325577,0.002075927859032558,0.0019024903590325575
0.3,KOSPI_EX_K200,20,EARLY_2016_2019,49,0.0012342217555995792,0.01836734693877552,0.0012342217555995792,0.0011791197147832525,0.001124017673966926
0.3,KOSPI_EX_K200,20,LATE_2020_2022,38,-9.681577863316535e-05,0.03618421052631579,-9.681577863316535e-05,-0.00020536841021211253,-0.00031392104179106
0.3,KOSPI_EX_K200,20,NORMAL_2023_2024,24,0.002126835639665445,0.04921875,0.002126835639665445,0.0019791793896654455,0.001831523139665445
0.3,KOSPI_EX_K200,20,YTD_2026,6,0.0072933683964935755,0.06250000000000001,0.0072933683964935755,0.007105868396493575,0.006918368396493575
0.3,KOSPI_KOSDAQ_ALL,5,BULL_2025,49,0.0031599617956416495,0.0864795918367347,0.0031599617956416495,0.0029005230201314455,0.0026410842446212414
0.3,KOSPI_KOSDAQ_ALL,5,EARLY_2016_2019,196,0.0012758468897305416,0.06709183673469388,0.0012758468897305416,0.0010745713795264598,0.0008732958693223781
0.3,KOSPI_KOSDAQ_ALL,5,LATE_2020_2022,149,0.0018904453448949326,0.09626677852348993,0.0018904453448949326,0.0016016450093244623,0.0013128446737539928
0.3,KOSPI_KOSDAQ_ALL,5,NORMAL_2023_2024,97,0.0008369853368679105,0.09568298969072164,0.0008369853368679105,0.0005499363677957452,0.0002628873987235805
0.3,KOSPI_KOSDAQ_ALL,5,YTD_2026,28,0.0030658736600126138,0.10424107142857143,0.0030658736600126138,0.0027531504457268996,0.002440427231441185
0.3,KOSPI_KOSDAQ_ALL,10,BULL_2025,25,0.006120667386960852,0.09875000000000002,0.006120667386960852,0.005824417386960851,0.005528167386960852
0.3,KOSPI_KOSDAQ_ALL,10,EARLY_2016_2019,98,0.0012406237468511926,0.0864795918367347,0.0012406237468511926,0.0009811849713409883,0.0007217461958307843
0.3,KOSPI_KOSDAQ_ALL,10,LATE_2020_2022,75,0.0029736310130669525,0.11474999999999999,0.0029736310130669525,0.002629381013066953,0.0022851310130669535
0.3,KOSPI_KOSDAQ_ALL,10,NORMAL_2023_2024,48,0.00021385598914573875,0.11783854166666667,0.00021385598914573875,-0.00013965963585426162,-0.0004931752608542615
0.3,KOSPI_KOSDAQ_ALL,10,YTD_2026,13,0.010423544591725693,0.1230769230769231,0.010423544591725693,0.010054313822494923,0.009685083053264152
0.3,KOSPI_KOSDAQ_ALL,20,BULL_2025,12,0.015481323941699933,0.12447916666666663,0.015481323941699933,0.015107886441699934,0.014734448941699932
0.3,KOSPI_KOSDAQ_ALL,20,EARLY_2016_2019,49,0.00025206248069225185,0.09808673469387753,0.00025206248069225185,-4.219772338938102e-05,-0.00033645792747101364
0.3,KOSPI_KOSDAQ_ALL,20,LATE_2020_2022,38,0.008925719690131626,0.13322368421052633,0.008925719690131626,0.008526048637500045,0.008126377584868467
0.3,KOSPI_KOSDAQ_ALL,20,NORMAL_2023_2024,24,-0.00045242801457390003,0.14895833333333333,-0.00045242801457390003,-0.0008993030145739,-0.0013461780145738996
0.3,KOSPI_KOSDAQ_ALL,20,YTD_2026,6,0.018133981016496464,0.12604166666666666,0.018133981016496464,0.017755856016496468,0.017377731016496464
0.4,K200,10,BULL_2025,25,0.005301515361905513,0.07725000000000001,0.005301515361905513,0.005069765361905513,0.004838015361905514
0.4,K200,10,EARLY_2016_2019,98,0.0004276190835681491,0.04617346938775511,0.0004276190835681491,0.00028909867540488366,0.00015057826724161863
0.4,K200,10,LATE_2020_2022,75,0.0007835824492118642,0.05883333333333333,0.0007835824492118642,0.000607082449211864,0.00043058244921186334
0.4,K200,10,NORMAL_2023_2024,48,0.0014537271025836004,0.06223958333333333,0.0014537271025836004,0.0012670083525836001,0.0010802896025836
0.4,K200,10,YTD_2026,13,0.004946711026943796,0.08269230769230769,0.004946711026943796,0.004698634103866873,0.004450557180789949
0.4,KOSDAQ,10,BULL_2025,25,-0.0013080208635281858,0.095,-0.0013080208635281858,-0.0015930208635281857,-0.0018780208635281856
0.4,KOSDAQ,10,EARLY_2016_2019,98,0.0007972460247247968,0.04757653061224489,0.0007972460247247968,0.0006545164328880618,0.0005117868410513275
0.4,KOSDAQ,10,LATE_2020_2022,75,0.001181820032595179,0.07483333333333335,0.001181820032595179,0.0009573200325951792,0.0007328200325951794
0.4,KOSDAQ,10,NORMAL_2023_2024,48,0.0005004213373893291,0.09270833333333332,0.0005004213373893291,0.0002222963373893287,-5.582866261067042e-05
0.4,KOSDAQ,10,YTD_2026,13,0.011911861488473393,0.10240384615384618,0.011911861488473393,0.011604649950011852,0.011297438411550315
0.4,KOSDAQ_PLUS_KOSPI_EX_K200,10,BULL_2025,25,0.0024608735975535623,0.11074999999999999,0.0024608735975535623,0.0021286235975535627,0.0017963735975535628
0.4,KOSDAQ_PLUS_KOSPI_EX_K200,10,EARLY_2016_2019,98,0.0008478943401457346,0.08584183673469388,0.0008478943401457346,0.0005903688299416528,0.00033284331973757115
0.4,KOSDAQ_PLUS_KOSPI_EX_K200,10,LATE_2020_2022,75,0.0019531911346143617,0.11583333333333332,0.0019531911346143617,0.0016056911346143613,0.0012581911346143616
0.4,KOSDAQ_PLUS_KOSPI_EX_K200,10,NORMAL_2023_2024,48,0.0008157003416865635,0.10989583333333332,0.0008157003416865635,0.0004860128416865628,0.00015632534168656328
0.4,KOSDAQ_PLUS_KOSPI_EX_K200,10,YTD_2026,13,0.009526392027789423,0.1235576923076923,0.009526392027789423,0.009155718950866346,0.00878504587394327
0.4,KOSPI_ALL,10,BULL_2025,25,0.005316086926952944,0.10425,0.005316086926952944,0.0050033369269529455,0.004690586926952945
0.4,KOSPI_ALL,10,EARLY_2016_2019,98,8.52118630241611e-06,0.07927295918367346,8.52118630241611e-06,-0.00022929769124860425,-0.00046711656879962465
0.4,KOSPI_ALL,10,LATE_2020_2022,75,0.0013359104753668256,0.10525000000000001,0.0013359104753668256,0.0010201604753668255,0.0007044104753668252
0.4,KOSPI_ALL,10,NORMAL_2023_2024,48,6.102956291945185e-05,0.1125,6.102956291945185e-05,-0.000276470437080548,-0.0006139704370805478
0.4,KOSPI_ALL,10,YTD_2026,13,0.004219244140750909,0.10625000000000001,0.004219244140750909,0.0039004941407509083,0.003581744140750909
0.4,KOSPI_EX_K200,10,BULL_2025,25,0.0038385255889063306,0.05799999999999999,0.0038385255889063306,0.003664525588906331,0.0034905255889063303
0.4,KOSPI_EX_K200,10,EARLY_2016_2019,98,0.00036194276813314387,0.03233418367346939,0.00036194276813314387,0.0002649402171127358,0.00016793766609232754
0.4,KOSPI_EX_K200,10,LATE_2020_2022,75,-4.88876970716468e-05,0.06133333333333333,-4.88876970716468e-05,-0.00023288769707164683,-0.00041688769707164705
0.4,KOSPI_EX_K200,10,NORMAL_2023_2024,48,0.00042522918150853715,0.06770833333333333,0.00042522918150853715,0.00022210418150853738,1.897918150853721e-05
0.4,KOSPI_EX_K200,10,YTD_2026,13,0.00546616377967636,0.08942307692307692,0.00546616377967636,0.005197894548907129,0.004929625318137898
0.4,KOSPI_KOSDAQ_ALL,10,BULL_2025,25,0.005086019486957508,0.12424999999999997,0.005086019486957508,0.004713269486957507,0.004340519486957508
0.4,KOSPI_KOSDAQ_ALL,10,EARLY_2016_2019,98,0.0005432775369404783,0.11205357142857142,0.0005432775369404783,0.00020711682265476422,-0.0001290438916309501
0.4,KOSPI_KOSDAQ_ALL,10,LATE_2020_2022,75,0.004008853700191471,0.13883333333333336,0.004008853700191471,0.003592353700191472,0.003175853700191472
0.4,KOSPI_KOSDAQ_ALL,10,NORMAL_2023_2024,48,0.0009677692592989606,0.13763020833333334,0.0009677692592989606,0.0005548786342989607,0.00014198800929896062
0.4,KOSPI_KOSDAQ_ALL,10,YTD_2026,13,0.01301884183246366,0.14951923076923077,0.01301884183246366,0.012570284140155968,0.012121726447848273
0.5,K200,10,BULL_2025,25,0.005833569122955889,0.10100000000000002,0.005833569122955889,0.005530569122955886,0.005227569122955887
0.5,K200,10,EARLY_2016_2019,98,0.00025915000819875497,0.06670918367346938,0.00025915000819875497,5.902245717834661e-05,-0.00014110509384206136
0.5,K200,10,LATE_2020_2022,75,0.0010710032998492523,0.08116666666666666,0.0010710032998492523,0.0008275032998492515,0.000584003299849252
0.5,K200,10,NORMAL_2023_2024,48,0.0015126206013679085,0.08645833333333335,0.0015126206013679085,0.0012532456013679084,0.000993870601367908
0.5,K200,10,YTD_2026,13,0.004778344320925478,0.09567307692307692,0.004778344320925478,0.004491325090156248,0.004204305859387017
0.5,KOSDAQ,10,BULL_2025,25,-0.0010838064926080573,0.11375000000000002,-0.0010838064926080573,-0.0014250564926080573,-0.001766306492608058
0.5,KOSDAQ,10,EARLY_2016_2019,98,0.0008003775343503337,0.07123724489795917,0.0008003775343503337,0.0005866657996564562,0.00037295406496257844
0.5,KOSDAQ,10,LATE_2020_2022,75,0.0006695341892506807,0.10058333333333333,0.0006695341892506807,0.00036778418925068084,6.603418925068087e-05
0.5,KOSDAQ,10,NORMAL_2023_2024,48,0.0011350474115584658,0.11549479166666667,0.0011350474115584658,0.0007885630365584659,0.00044207866155846577
0.5,KOSDAQ,10,YTD_2026,13,0.013494675593817626,0.13317307692307695,0.013494675593817626,0.013095156363048395,0.012695637132279166
0.5,KOSDAQ_PLUS_KOSPI_EX_K200,10,BULL_2025,25,0.002885609366362364,0.14025,0.002885609366362364,0.0024648593663623634,0.002044109366362364
0.5,KOSDAQ_PLUS_KOSPI_EX_K200,10,EARLY_2016_2019,98,0.0001530545096258782,0.10931122448979592,0.0001530545096258782,-0.00017487916384350958,-0.0005028128373128975
0.5,KOSDAQ_PLUS_KOSPI_EX_K200,10,LATE_2020_2022,75,0.001683297544155618,0.134,0.001683297544155618,0.0012812975441556182,0.0008792975441556191
0.5,KOSDAQ_PLUS_KOSPI_EX_K200,10,NORMAL_2023_2024,48,0.0003569245827164901,0.12981770833333336,0.0003569245827164901,-3.252854228351018e-05,-0.0004219816672835098
0.5,KOSDAQ_PLUS_KOSPI_EX_K200,10,YTD_2026,13,0.010292686372252198,0.14807692307692308,0.010292686372252198,0.009848455603021429,0.00940422483379066
0.5,KOSPI_ALL,10,BULL_2025,25,0.005498207450375232,0.1295,0.005498207450375232,0.005109707450375232,0.004721207450375232
0.5,KOSPI_ALL,10,EARLY_2016_2019,98,-2.7045135599091132e-05,0.10197704081632651,-2.7045135599091132e-05,-0.00033297625804807067,-0.0006389073804970497
0.5,KOSPI_ALL,10,LATE_2020_2022,75,0.0015362746668533915,0.12758333333333335,0.0015362746668533915,0.0011535246668533917,0.0007707746668533915
0.5,KOSPI_ALL,10,NORMAL_2023_2024,48,-0.00023500512169306238,0.13411458333333334,-0.00023500512169306238,-0.0006373488716930638,-0.0010396926216930623
0.5,KOSPI_ALL,10,YTD_2026,13,0.004959426326756764,0.1283653846153846,0.004959426326756764,0.00457433017291061,0.004189234019064457
0.5,KOSPI_EX_K200,10,BULL_2025,25,0.0034848148980052684,0.07949999999999999,0.0034848148980052684,0.003246314898005268,0.0030078148980052684
0.5,KOSPI_EX_K200,10,EARLY_2016_2019,98,-5.582198513433473e-05,0.05350765306122449,-5.582198513433473e-05,-0.00021634494431800827,-0.0003768679035016817
0.5,KOSPI_EX_K200,10,LATE_2020_2022,75,-0.0008019543190302039,0.08933333333333332,-0.0008019543190302039,-0.001069954319030204,-0.0013379543190302039
0.5,KOSPI_EX_K200,10,NORMAL_2023_2024,48,-0.00038160966317313987,0.08776041666666667,-0.00038160966317313987,-0.0006448909131731404,-0.0009081721631731403
0.5,KOSPI_EX_K200,10,YTD_2026,13,0.009038052522828478,0.11057692307692307,0.009038052522828478,0.008706321753597708,0.008374590984366938
0.5,KOSPI_KOSDAQ_ALL,10,BULL_2025,25,0.005943311365167343,0.141,0.005943311365167343,0.005520311365167344,0.0050973113651673445
0.5,KOSPI_KOSDAQ_ALL,10,EARLY_2016_2019,98,0.0006261821516323988,0.13163265306122449,0.0006261821516323988,0.0002312841924487249,-0.00016361376673494843
0.5,KOSPI_KOSDAQ_ALL,10,LATE_2020_2022,75,0.003973428436657441,0.16083333333333333,0.003973428436657441,0.0034909284366574397,0.00300842843665744
0.5,KOSPI_KOSDAQ_ALL,10,NORMAL_2023_2024,48,-4.8034066049762345e-06,0.15898437499999998,-4.8034066049762345e-06,-0.00048175653160497663,-0.000958709656604977
0.5,KOSPI_KOSDAQ_ALL,10,YTD_2026,13,0.013481902911939733,0.1596153846153846,0.013481902911939733,0.013003056758093582,0.012524210604247427
