factor,source,destination,period,n,source_local_to_destination_local_next5_ic
MOM1M,K200,KOSDAQ,DISC_2016_2019,194,0.025541863723584784
MOM1M,K200,KOSDAQ,VAL_2020_2022,149,0.06610919644476691
MOM1M,K200,KOSDAQ,CONF_2023_2024,97,0.13995108352619398
MOM1M,K200,KOSDAQ,STRESS_2025,49,-0.08142857142857142
MOM1M,K200,KOSDAQ,STRESS_2026,29,-0.006403940886699506
MOM1M,K200,KOSPI_EX_K200,DISC_2016_2019,194,0.014357385576871714
MOM1M,K200,KOSPI_EX_K200,VAL_2020_2022,149,0.1172392526754943
MOM1M,K200,KOSPI_EX_K200,CONF_2023_2024,97,0.005246686303387334
MOM1M,K200,KOSPI_EX_K200,STRESS_2025,49,-0.030306122448979587
MOM1M,K200,KOSPI_EX_K200,STRESS_2026,29,-0.04926108374384235
MOM1M,K200,KOSPI_ALL,DISC_2016_2019,194,-0.016147230793884283
MOM1M,K200,KOSPI_ALL,VAL_2020_2022,149,-0.11294757845093414
MOM1M,K200,KOSPI_ALL,CONF_2023_2024,97,-0.14644698085419736
MOM1M,K200,KOSPI_ALL,STRESS_2025,49,0.14836734693877549
MOM1M,K200,KOSPI_ALL,STRESS_2026,29,0.12709359605911327
MOM1M,K200,KOSPI_KOSDAQ_ALL,DISC_2016_2019,194,-0.09191077070998013
MOM1M,K200,KOSPI_KOSDAQ_ALL,VAL_2020_2022,149,0.11193905314710682
MOM1M,K200,KOSPI_KOSDAQ_ALL,CONF_2023_2024,97,0.0118477803492531
MOM1M,K200,KOSPI_KOSDAQ_ALL,STRESS_2025,49,-0.10479591836734692
MOM1M,K200,KOSPI_KOSDAQ_ALL,STRESS_2026,29,0.009359605911330046
MOM1M,K200,KOSDAQ_PLUS_KOSPI_EX_K200,DISC_2016_2019,194,-0.02340029502040078
MOM1M,K200,KOSDAQ_PLUS_KOSPI_EX_K200,VAL_2020_2022,149,0.1904915653908943
MOM1M,K200,KOSDAQ_PLUS_KOSPI_EX_K200,CONF_2023_2024,97,0.033570902587839256
MOM1M,K200,KOSDAQ_PLUS_KOSPI_EX_K200,STRESS_2025,49,-0.15520408163265306
MOM1M,K200,KOSDAQ_PLUS_KOSPI_EX_K200,STRESS_2026,29,-0.21083743842364527
MOM1M,KOSDAQ,K200,DISC_2016_2019,194,-0.11508014446960016
MOM1M,KOSDAQ,K200,VAL_2020_2022,149,0.07483040087066933
MOM1M,KOSDAQ,K200,CONF_2023_2024,97,0.13185093625078895
MOM1M,KOSDAQ,K200,STRESS_2025,49,-0.0933673469387755
MOM1M,KOSDAQ,K200,STRESS_2026,29,0.06157635467980294
MOM1M,KOSDAQ,KOSPI_EX_K200,DISC_2016_2019,194,0.03387803905938621
MOM1M,KOSDAQ,KOSPI_EX_K200,VAL_2020_2022,149,-0.09921639760565934
MOM1M,KOSDAQ,KOSPI_EX_K200,CONF_2023_2024,97,0.07378234799074268
MOM1M,KOSDAQ,KOSPI_EX_K200,STRESS_2025,49,-0.04234693877551019
MOM1M,KOSDAQ,KOSPI_EX_K200,STRESS_2026,29,0.06502463054187191
MOM1M,KOSDAQ,KOSPI_ALL,DISC_2016_2019,194,-0.062149046936184366
MOM1M,KOSDAQ,KOSPI_ALL,VAL_2020_2022,149,0.05409395973154363
MOM1M,KOSDAQ,KOSPI_ALL,CONF_2023_2024,97,0.20526509572901325
MOM1M,KOSDAQ,KOSPI_ALL,STRESS_2025,49,-0.06040816326530611
MOM1M,KOSDAQ,KOSPI_ALL,STRESS_2026,29,0.1408866995073891
MOM1M,KOSDAQ,KOSPI_KOSDAQ_ALL,DISC_2016_2019,194,0.09264873260386321
MOM1M,KOSDAQ,KOSPI_KOSDAQ_ALL,VAL_2020_2022,149,0.09041538182477779
MOM1M,KOSDAQ,KOSPI_KOSDAQ_ALL,CONF_2023_2024,97,-0.10014727540500735
MOM1M,KOSDAQ,KOSPI_KOSDAQ_ALL,STRESS_2025,49,0.04255102040816327
MOM1M,KOSDAQ,KOSPI_KOSDAQ_ALL,STRESS_2026,29,-0.25369458128078815
MOM1M,KOSDAQ,KOSDAQ_PLUS_KOSPI_EX_K200,DISC_2016_2019,194,0.12245318913766112
MOM1M,KOSDAQ,KOSDAQ_PLUS_KOSPI_EX_K200,VAL_2020_2022,149,-0.04254307999274442
MOM1M,KOSDAQ,KOSDAQ_PLUS_KOSPI_EX_K200,CONF_2023_2024,97,-0.13085156743109616
MOM1M,KOSDAQ,KOSDAQ_PLUS_KOSPI_EX_K200,STRESS_2025,49,0.0496938775510204
MOM1M,KOSDAQ,KOSDAQ_PLUS_KOSPI_EX_K200,STRESS_2026,29,-0.044827586206896544
MOM1M,KOSPI_EX_K200,K200,DISC_2016_2019,194,0.0909920163699342
MOM1M,KOSPI_EX_K200,K200,VAL_2020_2022,149,0.0693705786323236
MOM1M,KOSPI_EX_K200,K200,CONF_2023_2024,97,-0.12050284031138228
MOM1M,KOSPI_EX_K200,K200,STRESS_2025,49,-0.13479591836734692
MOM1M,KOSPI_EX_K200,K200,STRESS_2026,29,-0.12906403940886696
MOM1M,KOSPI_EX_K200,KOSDAQ,DISC_2016_2019,194,-0.036951510644155264
MOM1M,KOSPI_EX_K200,KOSDAQ,VAL_2020_2022,149,-0.09261744966442953
MOM1M,KOSPI_EX_K200,KOSDAQ,CONF_2023_2024,97,0.19737534188933303
MOM1M,KOSPI_EX_K200,KOSDAQ,STRESS_2025,49,0.012551020408163265
MOM1M,KOSPI_EX_K200,KOSDAQ,STRESS_2026,29,0.16256157635467974
MOM1M,KOSPI_EX_K200,KOSPI_ALL,DISC_2016_2019,194,0.05764074075595895
MOM1M,KOSPI_EX_K200,KOSPI_ALL,VAL_2020_2022,149,0.13044440413567931
MOM1M,KOSPI_EX_K200,KOSPI_ALL,CONF_2023_2024,97,-0.13967494214180515
MOM1M,KOSPI_EX_K200,KOSPI_ALL,STRESS_2025,49,-0.06551020408163265
MOM1M,KOSPI_EX_K200,KOSPI_ALL,STRESS_2026,29,-0.2177339901477832
MOM1M,KOSPI_EX_K200,KOSPI_KOSDAQ_ALL,DISC_2016_2019,194,-0.024756238366622423
MOM1M,KOSPI_EX_K200,KOSPI_KOSDAQ_ALL,VAL_2020_2022,149,-0.23111917286413933
MOM1M,KOSPI_EX_K200,KOSPI_KOSDAQ_ALL,CONF_2023_2024,97,0.21151115085209338
MOM1M,KOSPI_EX_K200,KOSPI_KOSDAQ_ALL,STRESS_2025,49,0.12897959183673469
MOM1M,KOSPI_EX_K200,KOSPI_KOSDAQ_ALL,STRESS_2026,29,0.16256157635467974
MOM1M,KOSPI_EX_K200,KOSDAQ_PLUS_KOSPI_EX_K200,DISC_2016_2019,194,-0.08599721415276139
MOM1M,KOSPI_EX_K200,KOSDAQ_PLUS_KOSPI_EX_K200,VAL_2020_2022,149,-0.15085434427716307
MOM1M,KOSPI_EX_K200,KOSDAQ_PLUS_KOSPI_EX_K200,CONF_2023_2024,97,0.17062907637281716
MOM1M,KOSPI_EX_K200,KOSDAQ_PLUS_KOSPI_EX_K200,STRESS_2025,49,0.13499999999999998
MOM1M,KOSPI_EX_K200,KOSDAQ_PLUS_KOSPI_EX_K200,STRESS_2026,29,0.21527093596059108
MOM1M,KOSPI_ALL,K200,DISC_2016_2019,194,0.09308263447465413
MOM1M,KOSPI_ALL,K200,VAL_2020_2022,149,-0.08914928351169962
MOM1M,KOSPI_ALL,K200,CONF_2023_2024,97,-0.15178571428571427
MOM1M,KOSPI_ALL,K200,STRESS_2025,49,0.1433673469387755
MOM1M,KOSPI_ALL,K200,STRESS_2026,29,-0.09605911330049259
MOM1M,KOSPI_ALL,KOSDAQ,DISC_2016_2019,194,-0.026606895588253417
MOM1M,KOSPI_ALL,KOSDAQ,VAL_2020_2022,149,0.05506257935788137
MOM1M,KOSPI_ALL,KOSDAQ,CONF_2023_2024,97,0.2631101409636019
MOM1M,KOSPI_ALL,KOSDAQ,STRESS_2025,49,-0.050306122448979584
MOM1M,KOSPI_ALL,KOSDAQ,STRESS_2026,29,0.20049261083743838
MOM1M,KOSPI_ALL,KOSPI_EX_K200,DISC_2016_2019,194,-0.011260904044409199
MOM1M,KOSPI_ALL,KOSPI_EX_K200,VAL_2020_2022,149,0.07050970433520769
MOM1M,KOSPI_ALL,KOSPI_EX_K200,CONF_2023_2024,97,-0.06811487481590574
MOM1M,KOSPI_ALL,KOSPI_EX_K200,STRESS_2025,49,0.016224489795918368
MOM1M,KOSPI_ALL,KOSPI_EX_K200,STRESS_2026,29,-0.04039408866995073
MOM1M,KOSPI_ALL,KOSPI_KOSDAQ_ALL,DISC_2016_2019,194,-0.08147740299868925
MOM1M,KOSPI_ALL,KOSPI_KOSDAQ_ALL,VAL_2020_2022,149,-0.005688372936695084
MOM1M,KOSPI_ALL,KOSPI_KOSDAQ_ALL,CONF_2023_2024,97,0.12239638123290551
MOM1M,KOSPI_ALL,KOSPI_KOSDAQ_ALL,STRESS_2025,49,-0.022755102040816325
MOM1M,KOSPI_ALL,KOSPI_KOSDAQ_ALL,STRESS_2026,29,0.23546798029556643
MOM1M,KOSPI_ALL,KOSDAQ_PLUS_KOSPI_EX_K200,DISC_2016_2019,194,-0.1035357249982537
MOM1M,KOSPI_ALL,KOSDAQ_PLUS_KOSPI_EX_K200,VAL_2020_2022,149,0.04404861237076003
MOM1M,KOSPI_ALL,KOSDAQ_PLUS_KOSPI_EX_K200,CONF_2023_2024,97,0.1753234799074269
MOM1M,KOSPI_ALL,KOSDAQ_PLUS_KOSPI_EX_K200,STRESS_2025,49,-0.08510204081632654
MOM1M,KOSPI_ALL,KOSDAQ_PLUS_KOSPI_EX_K200,STRESS_2026,29,0.08866995073891623
MOM1M,KOSPI_KOSDAQ_ALL,K200,DISC_2016_2019,194,0.01149429065672856
MOM1M,KOSPI_KOSDAQ_ALL,K200,VAL_2020_2022,149,0.18237982949392345
MOM1M,KOSPI_KOSDAQ_ALL,K200,CONF_2023_2024,97,0.055859457184935825
MOM1M,KOSPI_KOSDAQ_ALL,K200,STRESS_2025,49,-0.07295918367346939
MOM1M,KOSPI_KOSDAQ_ALL,K200,STRESS_2026,29,-0.000985221674876847
MOM1M,KOSPI_KOSDAQ_ALL,KOSDAQ,DISC_2016_2019,194,0.0065504390380198285
MOM1M,KOSPI_KOSDAQ_ALL,KOSDAQ,VAL_2020_2022,149,-0.03332849628151641
MOM1M,KOSPI_KOSDAQ_ALL,KOSDAQ,CONF_2023_2024,97,-0.17181253944876917
MOM1M,KOSPI_KOSDAQ_ALL,KOSDAQ,STRESS_2025,49,0.04540816326530611
MOM1M,KOSPI_KOSDAQ_ALL,KOSDAQ,STRESS_2026,29,-0.02758620689655172
MOM1M,KOSPI_KOSDAQ_ALL,KOSPI_EX_K200,DISC_2016_2019,194,0.0013945671869928053
MOM1M,KOSPI_KOSDAQ_ALL,KOSPI_EX_K200,VAL_2020_2022,149,-0.11038998730273898
MOM1M,KOSPI_KOSDAQ_ALL,KOSPI_EX_K200,CONF_2023_2024,97,0.125131495897328
MOM1M,KOSPI_KOSDAQ_ALL,KOSPI_EX_K200,STRESS_2025,49,-0.0002040816326530612
MOM1M,KOSPI_KOSDAQ_ALL,KOSPI_EX_K200,STRESS_2026,29,-0.11034482758620688
MOM1M,KOSPI_KOSDAQ_ALL,KOSPI_ALL,DISC_2016_2019,194,-0.03653240088259585
MOM1M,KOSPI_KOSDAQ_ALL,KOSPI_ALL,VAL_2020_2022,149,0.04647923090876112
MOM1M,KOSPI_KOSDAQ_ALL,KOSPI_ALL,CONF_2023_2024,97,0.15494161582158636
MOM1M,KOSPI_KOSDAQ_ALL,KOSPI_ALL,STRESS_2025,49,-0.07326530612244898
MOM1M,KOSPI_KOSDAQ_ALL,KOSPI_ALL,STRESS_2026,29,-0.08571428571428569
MOM1M,KOSPI_KOSDAQ_ALL,KOSDAQ_PLUS_KOSPI_EX_K200,DISC_2016_2019,194,0.019297950060195666
MOM1M,KOSPI_KOSDAQ_ALL,KOSDAQ_PLUS_KOSPI_EX_K200,VAL_2020_2022,149,-0.07537819698893525
MOM1M,KOSPI_KOSDAQ_ALL,KOSDAQ_PLUS_KOSPI_EX_K200,CONF_2023_2024,97,-0.10467073427309066
MOM1M,KOSPI_KOSDAQ_ALL,KOSDAQ_PLUS_KOSPI_EX_K200,STRESS_2025,49,0.023979591836734693
MOM1M,KOSPI_KOSDAQ_ALL,KOSDAQ_PLUS_KOSPI_EX_K200,STRESS_2026,29,0.07389162561576353
MOM1M,KOSDAQ_PLUS_KOSPI_EX_K200,K200,DISC_2016_2019,194,-0.09292978267926186
MOM1M,KOSDAQ_PLUS_KOSPI_EX_K200,K200,VAL_2020_2022,149,0.21546526392163975
MOM1M,KOSDAQ_PLUS_KOSPI_EX_K200,K200,CONF_2023_2024,97,0.12782716179255205
MOM1M,KOSDAQ_PLUS_KOSPI_EX_K200,K200,STRESS_2025,49,-0.15244897959183673
MOM1M,KOSDAQ_PLUS_KOSPI_EX_K200,K200,STRESS_2026,29,0.09359605911330048
MOM1M,KOSDAQ_PLUS_KOSPI_EX_K200,KOSDAQ,DISC_2016_2019,194,0.04124286588898522
MOM1M,KOSDAQ_PLUS_KOSPI_EX_K200,KOSDAQ,VAL_2020_2022,149,-0.08039542898603301
MOM1M,KOSDAQ_PLUS_KOSPI_EX_K200,KOSDAQ,CONF_2023_2024,97,-0.2391910372396381
MOM1M,KOSDAQ_PLUS_KOSPI_EX_K200,KOSDAQ,STRESS_2025,49,0.052755102040816314
MOM1M,KOSDAQ_PLUS_KOSPI_EX_K200,KOSDAQ,STRESS_2026,29,-0.19556650246305415
MOM1M,KOSDAQ_PLUS_KOSPI_EX_K200,KOSPI_EX_K200,DISC_2016_2019,194,-0.020081931849465634
MOM1M,KOSDAQ_PLUS_KOSPI_EX_K200,KOSPI_EX_K200,VAL_2020_2022,149,-0.13693814619989117
MOM1M,KOSDAQ_PLUS_KOSPI_EX_K200,KOSPI_EX_K200,CONF_2023_2024,97,0.08039659162634125
MOM1M,KOSDAQ_PLUS_KOSPI_EX_K200,KOSPI_EX_K200,STRESS_2025,49,-0.035306122448979585
MOM1M,KOSDAQ_PLUS_KOSPI_EX_K200,KOSPI_EX_K200,STRESS_2026,29,0.03497536945812807
MOM1M,KOSDAQ_PLUS_KOSPI_EX_K200,KOSPI_ALL,DISC_2016_2019,194,-0.04625410378308193
MOM1M,KOSDAQ_PLUS_KOSPI_EX_K200,KOSPI_ALL,VAL_2020_2022,149,0.10044621803011064
MOM1M,KOSDAQ_PLUS_KOSPI_EX_K200,KOSPI_ALL,CONF_2023_2024,97,0.22961813591415944
MOM1M,KOSDAQ_PLUS_KOSPI_EX_K200,KOSPI_ALL,STRESS_2025,49,-0.11714285714285713
MOM1M,KOSDAQ_PLUS_KOSPI_EX_K200,KOSPI_ALL,STRESS_2026,29,0.06157635467980294
MOM1M,KOSDAQ_PLUS_KOSPI_EX_K200,KOSPI_KOSDAQ_ALL,DISC_2016_2019,194,0.06726218602720925
MOM1M,KOSDAQ_PLUS_KOSPI_EX_K200,KOSPI_KOSDAQ_ALL,VAL_2020_2022,149,-0.0404607291855614
MOM1M,KOSDAQ_PLUS_KOSPI_EX_K200,KOSPI_KOSDAQ_ALL,CONF_2023_2024,97,-0.10670892068167473
MOM1M,KOSDAQ_PLUS_KOSPI_EX_K200,KOSPI_KOSDAQ_ALL,STRESS_2025,49,0.09632653061224489
MOM1M,KOSDAQ_PLUS_KOSPI_EX_K200,KOSPI_KOSDAQ_ALL,STRESS_2026,29,-0.19408866995073887
MOM12_1,K200,KOSDAQ,DISC_2016_2019,194,-0.015705111084631407
MOM12_1,K200,KOSDAQ,VAL_2020_2022,149,0.06932704516597135
MOM12_1,K200,KOSDAQ,CONF_2023_2024,97,-0.050836313907006096
MOM12_1,K200,KOSDAQ,STRESS_2025,49,0.06867346938775509
MOM12_1,K200,KOSDAQ,STRESS_2026,29,0.050738916256157625
MOM12_1,K200,KOSPI_EX_K200,DISC_2016_2019,194,0.028224166197565053
MOM12_1,K200,KOSPI_EX_K200,VAL_2020_2022,149,0.13144204607291857
MOM12_1,K200,KOSPI_EX_K200,CONF_2023_2024,97,0.09841152956027771
MOM12_1,K200,KOSPI_EX_K200,STRESS_2025,49,0.1336734693877551
MOM12_1,K200,KOSPI_EX_K200,STRESS_2026,29,-0.2960591133004925
MOM12_1,K200,KOSPI_ALL,DISC_2016_2019,194,-0.029703377120715937
MOM12_1,K200,KOSPI_ALL,VAL_2020_2022,149,-0.05940867041538184
MOM12_1,K200,KOSPI_ALL,CONF_2023_2024,97,-0.005299284662318535
MOM12_1,K200,KOSPI_ALL,STRESS_2025,49,-0.10255102040816326
MOM12_1,K200,KOSPI_ALL,STRESS_2026,29,-0.07438423645320195
MOM12_1,K200,KOSPI_KOSDAQ_ALL,DISC_2016_2019,194,0.00034432743155567787
MOM12_1,K200,KOSPI_KOSDAQ_ALL,VAL_2020_2022,149,-0.08198802829675313
MOM12_1,K200,KOSPI_KOSDAQ_ALL,CONF_2023_2024,97,-0.06769408794445614
MOM12_1,K200,KOSPI_KOSDAQ_ALL,STRESS_2025,49,-0.09622448979591837
MOM12_1,K200,KOSPI_KOSDAQ_ALL,STRESS_2026,29,0.21477832512315267
MOM12_1,K200,KOSDAQ_PLUS_KOSPI_EX_K200,DISC_2016_2019,194,-0.014889901509206034
MOM12_1,K200,KOSDAQ_PLUS_KOSPI_EX_K200,VAL_2020_2022,149,0.07046979865771812
MOM12_1,K200,KOSDAQ_PLUS_KOSPI_EX_K200,CONF_2023_2024,97,0.016081948243214808
MOM12_1,K200,KOSDAQ_PLUS_KOSPI_EX_K200,STRESS_2025,49,0.03887755102040816
MOM12_1,K200,KOSDAQ_PLUS_KOSPI_EX_K200,STRESS_2026,29,0.070935960591133
MOM12_1,KOSDAQ,K200,DISC_2016_2019,194,0.007359074342675646
MOM12_1,KOSDAQ,K200,VAL_2020_2022,149,-0.06545982223834573
MOM12_1,KOSDAQ,K200,CONF_2023_2024,97,0.024182095518619818
MOM12_1,KOSDAQ,K200,STRESS_2025,49,0.225
MOM12_1,KOSDAQ,K200,STRESS_2026,29,-0.001970443349753694
MOM12_1,KOSDAQ,KOSPI_EX_K200,DISC_2016_2019,194,-0.008514502430425725
MOM12_1,KOSDAQ,KOSPI_EX_K200,VAL_2020_2022,149,0.023333937964810446
MOM12_1,KOSDAQ,KOSPI_EX_K200,CONF_2023_2024,97,-0.008705028403113822
MOM12_1,KOSDAQ,KOSPI_EX_K200,STRESS_2025,49,-0.1296938775510204
MOM12_1,KOSDAQ,KOSPI_EX_K200,STRESS_2026,29,0.2344827586206896
MOM12_1,KOSDAQ,KOSPI_ALL,DISC_2016_2019,194,0.09505820284090676
MOM12_1,KOSDAQ,KOSPI_ALL,VAL_2020_2022,149,0.015516052965717396
MOM12_1,KOSDAQ,KOSPI_ALL,CONF_2023_2024,97,-0.04331474857984431
MOM12_1,KOSDAQ,KOSPI_ALL,STRESS_2025,49,0.17244897959183672
MOM12_1,KOSDAQ,KOSPI_ALL,STRESS_2026,29,0.04039408866995073
MOM12_1,KOSDAQ,KOSPI_KOSDAQ_ALL,DISC_2016_2019,194,0.03845537508269199
MOM12_1,KOSDAQ,KOSPI_KOSDAQ_ALL,VAL_2020_2022,149,0.02733538908035553
MOM12_1,KOSDAQ,KOSPI_KOSDAQ_ALL,CONF_2023_2024,97,-0.07543919629707552
MOM12_1,KOSDAQ,KOSPI_KOSDAQ_ALL,STRESS_2025,49,0.03418367346938775
MOM12_1,KOSDAQ,KOSPI_KOSDAQ_ALL,STRESS_2026,29,-0.18472906403940884
MOM12_1,KOSDAQ,KOSDAQ_PLUS_KOSPI_EX_K200,DISC_2016_2019,194,0.008210442407333597
MOM12_1,KOSDAQ,KOSDAQ_PLUS_KOSPI_EX_K200,VAL_2020_2022,149,0.007712679122075095
MOM12_1,KOSDAQ,KOSDAQ_PLUS_KOSPI_EX_K200,CONF_2023_2024,97,-0.04769356196086682
MOM12_1,KOSDAQ,KOSDAQ_PLUS_KOSPI_EX_K200,STRESS_2025,49,-0.16122448979591836
MOM12_1,KOSDAQ,KOSDAQ_PLUS_KOSPI_EX_K200,STRESS_2026,29,-0.021674876847290636
MOM12_1,KOSPI_EX_K200,K200,DISC_2016_2019,194,-0.05969026966836912
MOM12_1,KOSPI_EX_K200,K200,VAL_2020_2022,149,0.012062397968438238
MOM12_1,KOSPI_EX_K200,K200,CONF_2023_2024,97,0.01683147485798443
MOM12_1,KOSPI_EX_K200,K200,STRESS_2025,49,-0.04591836734693877
MOM12_1,KOSPI_EX_K200,K200,STRESS_2026,29,-0.234975369458128
MOM12_1,KOSPI_EX_K200,KOSDAQ,DISC_2016_2019,194,0.17991724636668815
MOM12_1,KOSPI_EX_K200,KOSDAQ,VAL_2020_2022,149,-0.0075494286232541275
MOM12_1,KOSPI_EX_K200,KOSDAQ,CONF_2023_2024,97,0.017896591626341257
MOM12_1,KOSPI_EX_K200,KOSDAQ,STRESS_2025,49,0.10663265306122448
MOM12_1,KOSPI_EX_K200,KOSDAQ,STRESS_2026,29,0.24975369458128074
MOM12_1,KOSPI_EX_K200,KOSPI_ALL,DISC_2016_2019,194,-0.14043546326009868
MOM12_1,KOSPI_EX_K200,KOSPI_ALL,VAL_2020_2022,149,-0.04551786686014874
MOM12_1,KOSPI_EX_K200,KOSPI_ALL,CONF_2023_2024,97,0.033176414895855245
MOM12_1,KOSPI_EX_K200,KOSPI_ALL,STRESS_2025,49,-0.12999999999999998
MOM12_1,KOSPI_EX_K200,KOSPI_ALL,STRESS_2026,29,-0.13842364532019702
MOM12_1,KOSPI_EX_K200,KOSPI_KOSDAQ_ALL,DISC_2016_2019,194,0.04029452733047626
MOM12_1,KOSPI_EX_K200,KOSPI_KOSDAQ_ALL,VAL_2020_2022,149,0.02251405768184292
MOM12_1,KOSPI_EX_K200,KOSPI_KOSDAQ_ALL,CONF_2023_2024,97,0.07478171681043551
MOM12_1,KOSPI_EX_K200,KOSPI_KOSDAQ_ALL,STRESS_2025,49,0.08132653061224489
MOM12_1,KOSPI_EX_K200,KOSPI_KOSDAQ_ALL,STRESS_2026,29,0.1088669950738916
MOM12_1,KOSPI_EX_K200,KOSDAQ_PLUS_KOSPI_EX_K200,DISC_2016_2019,194,0.0791813389324206
MOM12_1,KOSPI_EX_K200,KOSDAQ_PLUS_KOSPI_EX_K200,VAL_2020_2022,149,0.058316705967712684
MOM12_1,KOSPI_EX_K200,KOSDAQ_PLUS_KOSPI_EX_K200,CONF_2023_2024,97,0.020934146854618134
MOM12_1,KOSPI_EX_K200,KOSDAQ_PLUS_KOSPI_EX_K200,STRESS_2025,49,0.13173469387755102
MOM12_1,KOSPI_EX_K200,KOSDAQ_PLUS_KOSPI_EX_K200,STRESS_2026,29,0.141871921182266
MOM12_1,KOSPI_ALL,K200,DISC_2016_2019,194,-0.06268649357159585
MOM12_1,KOSPI_ALL,K200,VAL_2020_2022,149,0.014525666606203521
MOM12_1,KOSPI_ALL,K200,CONF_2023_2024,97,-0.03637176520092573
MOM12_1,KOSPI_ALL,K200,STRESS_2025,49,-0.30479591836734693
MOM12_1,KOSPI_ALL,K200,STRESS_2026,29,-0.10689655172413792
MOM12_1,KOSPI_ALL,KOSDAQ,DISC_2016_2019,194,0.0878807427282402
MOM12_1,KOSPI_ALL,KOSDAQ,VAL_2020_2022,149,0.01707237438781063
MOM12_1,KOSPI_ALL,KOSDAQ,CONF_2023_2024,97,-0.06127708815484956
MOM12_1,KOSPI_ALL,KOSDAQ,STRESS_2025,49,0.22540816326530608
MOM12_1,KOSPI_ALL,KOSDAQ,STRESS_2026,29,0.1448275862068965
MOM12_1,KOSPI_ALL,KOSPI_EX_K200,DISC_2016_2019,194,0.022555501226512387
MOM12_1,KOSPI_ALL,KOSPI_EX_K200,VAL_2020_2022,149,-0.020896063849083983
MOM12_1,KOSPI_ALL,KOSPI_EX_K200,CONF_2023_2024,97,0.06957447927624656
MOM12_1,KOSPI_ALL,KOSPI_EX_K200,STRESS_2025,49,0.11418367346938775
MOM12_1,KOSPI_ALL,KOSPI_EX_K200,STRESS_2026,29,-0.10295566502463052
MOM12_1,KOSPI_ALL,KOSPI_KOSDAQ_ALL,DISC_2016_2019,194,0.020616091349492344
MOM12_1,KOSPI_ALL,KOSPI_KOSDAQ_ALL,VAL_2020_2022,149,-0.0337021585343733
MOM12_1,KOSPI_ALL,KOSPI_KOSDAQ_ALL,CONF_2023_2024,97,0.03613507258573532
MOM12_1,KOSPI_ALL,KOSPI_KOSDAQ_ALL,STRESS_2025,49,-0.004897959183673469
MOM12_1,KOSPI_ALL,KOSPI_KOSDAQ_ALL,STRESS_2026,29,0.1733990147783251
MOM12_1,KOSPI_ALL,KOSDAQ_PLUS_KOSPI_EX_K200,DISC_2016_2019,194,0.02621079577438746
MOM12_1,KOSPI_ALL,KOSDAQ_PLUS_KOSPI_EX_K200,VAL_2020_2022,149,0.019949210955922368
MOM12_1,KOSPI_ALL,KOSDAQ_PLUS_KOSPI_EX_K200,CONF_2023_2024,97,0.043932779297285916
MOM12_1,KOSPI_ALL,KOSDAQ_PLUS_KOSPI_EX_K200,STRESS_2025,49,0.2451020408163265
MOM12_1,KOSPI_ALL,KOSDAQ_PLUS_KOSPI_EX_K200,STRESS_2026,29,0.04581280788177339
MOM12_1,KOSPI_KOSDAQ_ALL,K200,DISC_2016_2019,194,0.04804230543240211
MOM12_1,KOSPI_KOSDAQ_ALL,K200,VAL_2020_2022,149,0.051590785416288774
MOM12_1,KOSPI_KOSDAQ_ALL,K200,CONF_2023_2024,97,0.020263517778245314
MOM12_1,KOSPI_KOSDAQ_ALL,K200,STRESS_2025,49,0.22061224489795916
MOM12_1,KOSPI_KOSDAQ_ALL,K200,STRESS_2026,29,0.3561576354679802
MOM12_1,KOSPI_KOSDAQ_ALL,KOSDAQ,DISC_2016_2019,194,-0.19505450481359887
MOM12_1,KOSPI_KOSDAQ_ALL,KOSDAQ,VAL_2020_2022,149,-0.0664538363867223
MOM12_1,KOSPI_KOSDAQ_ALL,KOSDAQ,CONF_2023_2024,97,0.0352934988428361
MOM12_1,KOSPI_KOSDAQ_ALL,KOSDAQ,STRESS_2025,49,-0.3194897959183673
MOM12_1,KOSPI_KOSDAQ_ALL,KOSDAQ,STRESS_2026,29,-0.3527093596059112
MOM12_1,KOSPI_KOSDAQ_ALL,KOSPI_EX_K200,DISC_2016_2019,194,0.09932654813804326
MOM12_1,KOSPI_KOSDAQ_ALL,KOSPI_EX_K200,VAL_2020_2022,149,-0.0029784146562670056
MOM12_1,KOSPI_KOSDAQ_ALL,KOSPI_EX_K200,CONF_2023_2024,97,-0.06865400799495056
MOM12_1,KOSPI_KOSDAQ_ALL,KOSPI_EX_K200,STRESS_2025,49,0.01693877551020408
MOM12_1,KOSPI_KOSDAQ_ALL,KOSPI_EX_K200,STRESS_2026,29,-0.12463054187192114
MOM12_1,KOSPI_KOSDAQ_ALL,KOSPI_ALL,DISC_2016_2019,194,0.15134217846679787
MOM12_1,KOSPI_KOSDAQ_ALL,KOSPI_ALL,VAL_2020_2022,149,0.08658806457464177
MOM12_1,KOSPI_KOSDAQ_ALL,KOSPI_ALL,CONF_2023_2024,97,0.026483273721859872
MOM12_1,KOSPI_KOSDAQ_ALL,KOSPI_ALL,STRESS_2025,49,0.36642857142857144
MOM12_1,KOSPI_KOSDAQ_ALL,KOSPI_ALL,STRESS_2026,29,0.225615763546798
MOM12_1,KOSPI_KOSDAQ_ALL,KOSDAQ_PLUS_KOSPI_EX_K200,DISC_2016_2019,194,-0.06862634721189285
MOM12_1,KOSPI_KOSDAQ_ALL,KOSDAQ_PLUS_KOSPI_EX_K200,VAL_2020_2022,149,-0.06918556140032651
MOM12_1,KOSPI_KOSDAQ_ALL,KOSDAQ_PLUS_KOSPI_EX_K200,CONF_2023_2024,97,-0.044445613296865125
MOM12_1,KOSPI_KOSDAQ_ALL,KOSDAQ_PLUS_KOSPI_EX_K200,STRESS_2025,49,-0.32724489795918366
MOM12_1,KOSPI_KOSDAQ_ALL,KOSDAQ_PLUS_KOSPI_EX_K200,STRESS_2026,29,-0.2679802955665024
MOM12_1,KOSDAQ_PLUS_KOSPI_EX_K200,K200,DISC_2016_2019,194,0.036346677733355794
MOM12_1,KOSDAQ_PLUS_KOSPI_EX_K200,K200,VAL_2020_2022,149,0.04999455831670597
MOM12_1,KOSDAQ_PLUS_KOSPI_EX_K200,K200,CONF_2023_2024,97,-0.021565327161792547
MOM12_1,KOSDAQ_PLUS_KOSPI_EX_K200,K200,STRESS_2025,49,0.24561224489795913
MOM12_1,KOSDAQ_PLUS_KOSPI_EX_K200,K200,STRESS_2026,29,0.09802955665024629
MOM12_1,KOSDAQ_PLUS_KOSPI_EX_K200,KOSDAQ,DISC_2016_2019,194,-0.0672210968348995
MOM12_1,KOSDAQ_PLUS_KOSPI_EX_K200,KOSDAQ,VAL_2020_2022,149,-0.031093778342100493
MOM12_1,KOSDAQ_PLUS_KOSPI_EX_K200,KOSDAQ,CONF_2023_2024,97,0.0749000631180307
MOM12_1,KOSDAQ_PLUS_KOSPI_EX_K200,KOSDAQ,STRESS_2025,49,-0.2427551020408163
MOM12_1,KOSDAQ_PLUS_KOSPI_EX_K200,KOSDAQ,STRESS_2026,29,-0.1527093596059113
MOM12_1,KOSDAQ_PLUS_KOSPI_EX_K200,KOSPI_EX_K200,DISC_2016_2019,194,-0.004546930020996577
MOM12_1,KOSDAQ_PLUS_KOSPI_EX_K200,KOSPI_EX_K200,VAL_2020_2022,149,-0.075392708144386
MOM12_1,KOSDAQ_PLUS_KOSPI_EX_K200,KOSPI_EX_K200,CONF_2023_2024,97,-0.07962076583210603
MOM12_1,KOSDAQ_PLUS_KOSPI_EX_K200,KOSPI_EX_K200,STRESS_2025,49,-0.060102040816326516
MOM12_1,KOSDAQ_PLUS_KOSPI_EX_K200,KOSPI_EX_K200,STRESS_2026,29,0.09310344827586205
MOM12_1,KOSDAQ_PLUS_KOSPI_EX_K200,KOSPI_ALL,DISC_2016_2019,194,0.09023597523143487
MOM12_1,KOSDAQ_PLUS_KOSPI_EX_K200,KOSPI_ALL,VAL_2020_2022,149,0.04785053509885725
MOM12_1,KOSDAQ_PLUS_KOSPI_EX_K200,KOSPI_ALL,CONF_2023_2024,97,-0.045234588680833146
MOM12_1,KOSDAQ_PLUS_KOSPI_EX_K200,KOSPI_ALL,STRESS_2025,49,0.2828571428571428
MOM12_1,KOSDAQ_PLUS_KOSPI_EX_K200,KOSPI_ALL,STRESS_2026,29,0.1251231527093596
MOM12_1,KOSDAQ_PLUS_KOSPI_EX_K200,KOSPI_KOSDAQ_ALL,DISC_2016_2019,194,-0.048818069383210136
MOM12_1,KOSDAQ_PLUS_KOSPI_EX_K200,KOSPI_KOSDAQ_ALL,VAL_2020_2022,149,0.06506076546345002
MOM12_1,KOSDAQ_PLUS_KOSPI_EX_K200,KOSPI_KOSDAQ_ALL,CONF_2023_2024,97,0.06189511887229118
MOM12_1,KOSDAQ_PLUS_KOSPI_EX_K200,KOSPI_KOSDAQ_ALL,STRESS_2025,49,-0.022346938775510205
MOM12_1,KOSDAQ_PLUS_KOSPI_EX_K200,KOSPI_KOSDAQ_ALL,STRESS_2026,29,-0.17684729064039403
OP12_REV,K200,KOSDAQ,DISC_2016_2019,193,0.09191382671865818
OP12_REV,K200,KOSDAQ,VAL_2020_2022,148,0.050966731695399003
OP12_REV,K200,KOSDAQ,CONF_2023_2024,97,0.02077635177782453
OP12_REV,K200,KOSDAQ,STRESS_2025,49,0.1023469387755102
OP12_REV,K200,KOSDAQ,STRESS_2026,29,-0.09507389162561573
OP12_REV,K200,KOSPI_EX_K200,DISC_2016_2019,193,-0.08317864964478393
OP12_REV,K200,KOSPI_EX_K200,VAL_2020_2022,148,-0.06244609216804807
OP12_REV,K200,KOSPI_EX_K200,CONF_2023_2024,97,-0.0025115716389648643
OP12_REV,K200,KOSPI_EX_K200,STRESS_2025,49,0.145
OP12_REV,K200,KOSPI_EX_K200,STRESS_2026,29,0.24975369458128074
OP12_REV,K200,KOSPI_ALL,DISC_2016_2019,193,-0.08030086533839004
OP12_REV,K200,KOSPI_ALL,VAL_2020_2022,148,-0.02677160107649082
OP12_REV,K200,KOSPI_ALL,CONF_2023_2024,97,-0.042236482221754676
OP12_REV,K200,KOSPI_ALL,STRESS_2025,49,-0.06663265306122448
OP12_REV,K200,KOSPI_ALL,STRESS_2026,29,0.018719211822660092
OP12_REV,K200,KOSPI_KOSDAQ_ALL,DISC_2016_2019,193,0.11433183323540409
OP12_REV,K200,KOSPI_KOSDAQ_ALL,VAL_2020_2022,148,-0.006104310035278397
OP12_REV,K200,KOSPI_KOSDAQ_ALL,CONF_2023_2024,97,-0.0017094466652640436
OP12_REV,K200,KOSPI_KOSDAQ_ALL,STRESS_2025,49,0.12061224489795919
OP12_REV,K200,KOSPI_KOSDAQ_ALL,STRESS_2026,29,-0.16108374384236449
OP12_REV,K200,KOSDAQ_PLUS_KOSPI_EX_K200,DISC_2016_2019,193,-0.032483574595374175
OP12_REV,K200,KOSDAQ_PLUS_KOSPI_EX_K200,VAL_2020_2022,148,0.026568000681135875
OP12_REV,K200,KOSDAQ_PLUS_KOSPI_EX_K200,CONF_2023_2024,97,0.07094203660845781
OP12_REV,K200,KOSDAQ_PLUS_KOSPI_EX_K200,STRESS_2025,49,0.12030612244897959
OP12_REV,K200,KOSDAQ_PLUS_KOSPI_EX_K200,STRESS_2026,29,0.12364532019704431
OP12_REV,KOSDAQ,K200,DISC_2016_2019,193,-0.035376382137706316
OP12_REV,KOSDAQ,K200,VAL_2020_2022,148,0.05827783680132674
OP12_REV,KOSDAQ,K200,CONF_2023_2024,97,0.06982432148116978
OP12_REV,KOSDAQ,K200,STRESS_2025,49,0.12479591836734692
OP12_REV,KOSDAQ,K200,STRESS_2026,29,-0.18374384236453198
OP12_REV,KOSDAQ,KOSPI_EX_K200,DISC_2016_2019,193,0.1250901394156295
OP12_REV,KOSDAQ,KOSPI_EX_K200,VAL_2020_2022,148,-0.09910897063341935
OP12_REV,KOSDAQ,KOSPI_EX_K200,CONF_2023_2024,97,0.11544024826425414
OP12_REV,KOSDAQ,KOSPI_EX_K200,STRESS_2025,49,-0.0031632653061224487
OP12_REV,KOSDAQ,KOSPI_EX_K200,STRESS_2026,29,0.10541871921182264
OP12_REV,KOSDAQ,KOSPI_ALL,DISC_2016_2019,193,-0.0021449842422947493
OP12_REV,KOSDAQ,KOSPI_ALL,VAL_2020_2022,148,0.032191073418302574
OP12_REV,KOSDAQ,KOSPI_ALL,CONF_2023_2024,97,0.20241163475699558
OP12_REV,KOSDAQ,KOSPI_ALL,STRESS_2025,49,0.10448979591836734
OP12_REV,KOSDAQ,KOSPI_ALL,STRESS_2026,29,-0.1758620689655172
OP12_REV,KOSDAQ,KOSPI_KOSDAQ_ALL,DISC_2016_2019,193,-0.09846228833929811
OP12_REV,KOSDAQ,KOSPI_KOSDAQ_ALL,VAL_2020_2022,148,0.034138233562969904
OP12_REV,KOSDAQ,KOSPI_KOSDAQ_ALL,CONF_2023_2024,97,-0.17389017462655162
OP12_REV,KOSDAQ,KOSPI_KOSDAQ_ALL,STRESS_2025,49,-0.026020408163265306
OP12_REV,KOSDAQ,KOSPI_KOSDAQ_ALL,STRESS_2026,29,-0.1004926108374384
OP12_REV,KOSDAQ,KOSDAQ_PLUS_KOSPI_EX_K200,DISC_2016_2019,193,0.05080691469472784
OP12_REV,KOSDAQ,KOSDAQ_PLUS_KOSPI_EX_K200,VAL_2020_2022,148,0.025013234025698078
OP12_REV,KOSDAQ,KOSDAQ_PLUS_KOSPI_EX_K200,CONF_2023_2024,97,-0.2035950978329476
OP12_REV,KOSDAQ,KOSDAQ_PLUS_KOSPI_EX_K200,STRESS_2025,49,-0.0004081632653061224
OP12_REV,KOSDAQ,KOSDAQ_PLUS_KOSPI_EX_K200,STRESS_2026,29,0.08719211822660097
OP12_REV,KOSPI_EX_K200,K200,DISC_2016_2019,193,0.03804217189252711
OP12_REV,KOSPI_EX_K200,K200,VAL_2020_2022,148,-0.08178812972676827
OP12_REV,KOSPI_EX_K200,K200,CONF_2023_2024,97,-0.038594045865768985
OP12_REV,KOSPI_EX_K200,K200,STRESS_2025,49,0.061326530612244884
OP12_REV,KOSPI_EX_K200,K200,STRESS_2026,29,0.2177339901477832
OP12_REV,KOSPI_EX_K200,KOSDAQ,DISC_2016_2019,193,-0.06708542545804176
OP12_REV,KOSPI_EX_K200,KOSDAQ,VAL_2020_2022,148,-0.026242240048567952
OP12_REV,KOSPI_EX_K200,KOSDAQ,CONF_2023_2024,97,0.07722754050073637
OP12_REV,KOSPI_EX_K200,KOSDAQ,STRESS_2025,49,0.06897959183673467
OP12_REV,KOSPI_EX_K200,KOSDAQ,STRESS_2026,29,0.15172413793103445
OP12_REV,KOSPI_EX_K200,KOSPI_ALL,DISC_2016_2019,193,0.06388380695475669
OP12_REV,KOSPI_EX_K200,KOSPI_ALL,VAL_2020_2022,148,-0.051607147484424576
OP12_REV,KOSPI_EX_K200,KOSPI_ALL,CONF_2023_2024,97,-0.09651798863875446
OP12_REV,KOSPI_EX_K200,KOSPI_ALL,STRESS_2025,49,-0.07061224489795917
OP12_REV,KOSPI_EX_K200,KOSPI_ALL,STRESS_2026,29,-0.06945812807881772
OP12_REV,KOSPI_EX_K200,KOSPI_KOSDAQ_ALL,DISC_2016_2019,193,0.009162504673895625
OP12_REV,KOSPI_EX_K200,KOSPI_KOSDAQ_ALL,VAL_2020_2022,148,0.07173397202160385
OP12_REV,KOSPI_EX_K200,KOSPI_KOSDAQ_ALL,CONF_2023_2024,97,0.12144961077214389
OP12_REV,KOSPI_EX_K200,KOSPI_KOSDAQ_ALL,STRESS_2025,49,0.04265306122448979
OP12_REV,KOSPI_EX_K200,KOSPI_KOSDAQ_ALL,STRESS_2026,29,0.13546798029556648
OP12_REV,KOSPI_EX_K200,KOSDAQ_PLUS_KOSPI_EX_K200,DISC_2016_2019,193,-0.002592342823567117
OP12_REV,KOSPI_EX_K200,KOSDAQ_PLUS_KOSPI_EX_K200,VAL_2020_2022,148,0.019904715014973887
OP12_REV,KOSPI_EX_K200,KOSDAQ_PLUS_KOSPI_EX_K200,CONF_2023_2024,97,0.11629497159688618
OP12_REV,KOSPI_EX_K200,KOSDAQ_PLUS_KOSPI_EX_K200,STRESS_2025,49,0.003979591836734694
OP12_REV,KOSPI_EX_K200,KOSDAQ_PLUS_KOSPI_EX_K200,STRESS_2026,29,-0.004926108374384235
OP12_REV,KOSPI_ALL,K200,DISC_2016_2019,193,-0.02870773462956038
OP12_REV,KOSPI_ALL,K200,VAL_2020_2022,148,-0.01858686518322185
OP12_REV,KOSPI_ALL,K200,CONF_2023_2024,97,-0.09756995581737848
OP12_REV,KOSPI_ALL,K200,STRESS_2025,49,-0.13459183673469385
OP12_REV,KOSPI_ALL,K200,STRESS_2026,29,-0.026108374384236445
OP12_REV,KOSPI_ALL,KOSDAQ,DISC_2016_2019,193,0.11595935046204797
OP12_REV,KOSPI_ALL,KOSDAQ,VAL_2020_2022,148,-0.024158112365207284
OP12_REV,KOSPI_ALL,KOSDAQ,CONF_2023_2024,97,0.14038501998737637
OP12_REV,KOSPI_ALL,KOSDAQ,STRESS_2025,49,0.09857142857142856
OP12_REV,KOSPI_ALL,KOSDAQ,STRESS_2026,29,-0.05566502463054186
OP12_REV,KOSPI_ALL,KOSPI_EX_K200,DISC_2016_2019,193,-0.12496995352812348
OP12_REV,KOSPI_ALL,KOSPI_EX_K200,VAL_2020_2022,148,0.04746480489529387
OP12_REV,KOSPI_ALL,KOSPI_EX_K200,CONF_2023_2024,97,-0.04228908058068588
OP12_REV,KOSPI_ALL,KOSPI_EX_K200,STRESS_2025,49,0.10020408163265306
OP12_REV,KOSPI_ALL,KOSPI_EX_K200,STRESS_2026,29,0.06748768472906402
OP12_REV,KOSPI_ALL,KOSPI_KOSDAQ_ALL,DISC_2016_2019,193,0.12237427220768121
OP12_REV,KOSPI_ALL,KOSPI_KOSDAQ_ALL,VAL_2020_2022,148,0.0006441176143956585
OP12_REV,KOSPI_ALL,KOSPI_KOSDAQ_ALL,CONF_2023_2024,97,0.09451925099936882
OP12_REV,KOSPI_ALL,KOSPI_KOSDAQ_ALL,STRESS_2025,49,0.07489795918367347
OP12_REV,KOSPI_ALL,KOSPI_KOSDAQ_ALL,STRESS_2026,29,-0.02364532019704433
OP12_REV,KOSPI_ALL,KOSDAQ_PLUS_KOSPI_EX_K200,DISC_2016_2019,193,0.04285795363495539
OP12_REV,KOSPI_ALL,KOSDAQ_PLUS_KOSPI_EX_K200,VAL_2020_2022,148,-0.03751800012586207
OP12_REV,KOSPI_ALL,KOSDAQ_PLUS_KOSPI_EX_K200,CONF_2023_2024,97,0.19737534188933303
OP12_REV,KOSPI_ALL,KOSDAQ_PLUS_KOSPI_EX_K200,STRESS_2025,49,-0.018979591836734692
OP12_REV,KOSPI_ALL,KOSDAQ_PLUS_KOSPI_EX_K200,STRESS_2026,29,0.11231527093596057
OP12_REV,KOSPI_KOSDAQ_ALL,K200,DISC_2016_2019,193,-0.018982693232199133
OP12_REV,KOSPI_KOSDAQ_ALL,K200,VAL_2020_2022,148,-0.025798021004157155
OP12_REV,KOSPI_KOSDAQ_ALL,K200,CONF_2023_2024,97,0.11649221544287817
OP12_REV,KOSPI_KOSDAQ_ALL,K200,STRESS_2025,49,0.06183673469387754
OP12_REV,KOSPI_KOSDAQ_ALL,K200,STRESS_2026,29,0.07931034482758618
OP12_REV,KOSPI_KOSDAQ_ALL,KOSDAQ,DISC_2016_2019,193,0.013926539714758825
OP12_REV,KOSPI_KOSDAQ_ALL,KOSDAQ,VAL_2020_2022,148,-0.00952109485187146
OP12_REV,KOSPI_KOSDAQ_ALL,KOSDAQ,CONF_2023_2024,97,-0.047272775089417206
OP12_REV,KOSPI_KOSDAQ_ALL,KOSDAQ,STRESS_2025,49,-0.07653061224489796
OP12_REV,KOSPI_KOSDAQ_ALL,KOSDAQ,STRESS_2026,29,-0.044334975369458116
OP12_REV,KOSPI_KOSDAQ_ALL,KOSPI_EX_K200,DISC_2016_2019,193,0.05005241440094012
OP12_REV,KOSPI_KOSDAQ_ALL,KOSPI_EX_K200,VAL_2020_2022,148,0.09432621225526307
OP12_REV,KOSPI_KOSDAQ_ALL,KOSPI_EX_K200,CONF_2023_2024,97,-0.010190932042920259
OP12_REV,KOSPI_KOSDAQ_ALL,KOSPI_EX_K200,STRESS_2025,49,0.1647959183673469
OP12_REV,KOSPI_KOSDAQ_ALL,KOSPI_EX_K200,STRESS_2026,29,-0.09704433497536943
OP12_REV,KOSPI_KOSDAQ_ALL,KOSPI_ALL,DISC_2016_2019,193,0.047421678863308586
OP12_REV,KOSPI_KOSDAQ_ALL,KOSPI_ALL,VAL_2020_2022,148,0.009909786515730908
OP12_REV,KOSPI_KOSDAQ_ALL,KOSPI_ALL,CONF_2023_2024,97,0.045957816116137175
OP12_REV,KOSPI_KOSDAQ_ALL,KOSPI_ALL,STRESS_2025,49,0.09642857142857142
OP12_REV,KOSPI_KOSDAQ_ALL,KOSPI_ALL,STRESS_2026,29,0.04236453201970442
OP12_REV,KOSPI_KOSDAQ_ALL,KOSDAQ_PLUS_KOSPI_EX_K200,DISC_2016_2019,193,-0.05926499652796324
OP12_REV,KOSPI_KOSDAQ_ALL,KOSDAQ_PLUS_KOSPI_EX_K200,VAL_2020_2022,148,0.012956388795314973
OP12_REV,KOSPI_KOSDAQ_ALL,KOSDAQ_PLUS_KOSPI_EX_K200,CONF_2023_2024,97,-0.10402640437618345
OP12_REV,KOSPI_KOSDAQ_ALL,KOSDAQ_PLUS_KOSPI_EX_K200,STRESS_2025,49,-0.11183673469387753
OP12_REV,KOSPI_KOSDAQ_ALL,KOSDAQ_PLUS_KOSPI_EX_K200,STRESS_2026,29,-0.09507389162561573
OP12_REV,KOSDAQ_PLUS_KOSPI_EX_K200,K200,DISC_2016_2019,193,0.007890537364457025
OP12_REV,KOSDAQ_PLUS_KOSPI_EX_K200,K200,VAL_2020_2022,148,0.022799542454384262
OP12_REV,KOSDAQ_PLUS_KOSPI_EX_K200,K200,CONF_2023_2024,97,0.07603092783505154
OP12_REV,KOSDAQ_PLUS_KOSPI_EX_K200,K200,STRESS_2025,49,0.3380612244897959
OP12_REV,KOSDAQ_PLUS_KOSPI_EX_K200,K200,STRESS_2026,29,0.15221674876847288
OP12_REV,KOSDAQ_PLUS_KOSPI_EX_K200,KOSDAQ,DISC_2016_2019,193,-0.07466047486779552
OP12_REV,KOSDAQ_PLUS_KOSPI_EX_K200,KOSDAQ,VAL_2020_2022,148,-0.08342803836571815
OP12_REV,KOSDAQ_PLUS_KOSPI_EX_K200,KOSDAQ,CONF_2023_2024,97,-0.059107405848937505
OP12_REV,KOSDAQ_PLUS_KOSPI_EX_K200,KOSDAQ,STRESS_2025,49,-0.10489795918367345
OP12_REV,KOSDAQ_PLUS_KOSPI_EX_K200,KOSDAQ,STRESS_2026,29,-0.005911330049261082
OP12_REV,KOSDAQ_PLUS_KOSPI_EX_K200,KOSPI_EX_K200,DISC_2016_2019,193,0.06497883392981144
OP12_REV,KOSDAQ_PLUS_KOSPI_EX_K200,KOSPI_EX_K200,VAL_2020_2022,148,0.0516700785157161
OP12_REV,KOSDAQ_PLUS_KOSPI_EX_K200,KOSPI_EX_K200,CONF_2023_2024,97,0.02313012833999579
OP12_REV,KOSDAQ_PLUS_KOSPI_EX_K200,KOSPI_EX_K200,STRESS_2025,49,-0.22489795918367345
OP12_REV,KOSDAQ_PLUS_KOSPI_EX_K200,KOSPI_EX_K200,STRESS_2026,29,-0.18078817733990143
OP12_REV,KOSDAQ_PLUS_KOSPI_EX_K200,KOSPI_ALL,DISC_2016_2019,193,0.08864376902943219
OP12_REV,KOSDAQ_PLUS_KOSPI_EX_K200,KOSPI_ALL,VAL_2020_2022,148,0.06717332316565298
OP12_REV,KOSDAQ_PLUS_KOSPI_EX_K200,KOSPI_ALL,CONF_2023_2024,97,0.10378971176099305
OP12_REV,KOSDAQ_PLUS_KOSPI_EX_K200,KOSPI_ALL,STRESS_2025,49,0.1193877551020408
OP12_REV,KOSDAQ_PLUS_KOSPI_EX_K200,KOSPI_ALL,STRESS_2026,29,0.030049261083743836
OP12_REV,KOSDAQ_PLUS_KOSPI_EX_K200,KOSPI_KOSDAQ_ALL,DISC_2016_2019,193,-0.07234355803642968
OP12_REV,KOSDAQ_PLUS_KOSPI_EX_K200,KOSPI_KOSDAQ_ALL,VAL_2020_2022,148,-0.01820187534473249
OP12_REV,KOSDAQ_PLUS_KOSPI_EX_K200,KOSPI_KOSDAQ_ALL,CONF_2023_2024,97,-0.09613665053650325
OP12_REV,KOSDAQ_PLUS_KOSPI_EX_K200,KOSPI_KOSDAQ_ALL,STRESS_2025,49,-0.12693877551020408
OP12_REV,KOSDAQ_PLUS_KOSPI_EX_K200,KOSPI_KOSDAQ_ALL,STRESS_2026,29,0.08128078817733987
OPFY1_REV,K200,KOSDAQ,DISC_2016_2019,194,-0.04993898254942003
OPFY1_REV,K200,KOSDAQ,VAL_2020_2022,148,0.016225100597104435
OPFY1_REV,K200,KOSDAQ,CONF_2023_2024,97,0.044971596886177155
OPFY1_REV,K200,KOSDAQ,STRESS_2025,49,0.14183673469387753
OPFY1_REV,K200,KOSDAQ,STRESS_2026,29,-0.08325123152709359
OPFY1_REV,K200,KOSPI_EX_K200,DISC_2016_2019,194,-0.03397994025631438
OPFY1_REV,K200,KOSPI_EX_K200,VAL_2020_2022,148,-0.03445659054479764
OPFY1_REV,K200,KOSPI_EX_K200,CONF_2023_2024,97,-0.03342625710077845
OPFY1_REV,K200,KOSPI_EX_K200,STRESS_2025,49,0.03908163265306122
OPFY1_REV,K200,KOSPI_EX_K200,STRESS_2026,29,0.05960591133004924
OPFY1_REV,K200,KOSPI_ALL,DISC_2016_2019,194,0.07820177258775624
OPFY1_REV,K200,KOSPI_ALL,VAL_2020_2022,148,-0.07044573679281253
OPFY1_REV,K200,KOSPI_ALL,CONF_2023_2024,97,-0.0432095518619819
OPFY1_REV,K200,KOSPI_ALL,STRESS_2025,49,-0.13438775510204082
OPFY1_REV,K200,KOSPI_ALL,STRESS_2026,29,0.08768472906403939
OPFY1_REV,K200,KOSPI_KOSDAQ_ALL,DISC_2016_2019,194,0.02405279139427956
OPFY1_REV,K200,KOSPI_KOSDAQ_ALL,VAL_2020_2022,148,-0.010805628255292687
OPFY1_REV,K200,KOSPI_KOSDAQ_ALL,CONF_2023_2024,97,-0.0975436566379129
OPFY1_REV,K200,KOSPI_KOSDAQ_ALL,STRESS_2025,49,0.1536734693877551
OPFY1_REV,K200,KOSPI_KOSDAQ_ALL,STRESS_2026,29,-0.0334975369458128
OPFY1_REV,K200,KOSDAQ_PLUS_KOSPI_EX_K200,DISC_2016_2019,194,-0.09034609426682498
OPFY1_REV,K200,KOSDAQ_PLUS_KOSPI_EX_K200,VAL_2020_2022,148,0.031894927388695364
OPFY1_REV,K200,KOSDAQ_PLUS_KOSPI_EX_K200,CONF_2023_2024,97,-0.03649011150852093
OPFY1_REV,K200,KOSDAQ_PLUS_KOSPI_EX_K200,STRESS_2025,49,0.1170408163265306
OPFY1_REV,K200,KOSDAQ_PLUS_KOSPI_EX_K200,STRESS_2026,29,-0.018719211822660092
OPFY1_REV,KOSDAQ,K200,DISC_2016_2019,194,-0.10269750547513486
OPFY1_REV,KOSDAQ,K200,VAL_2020_2022,148,0.027552686229579813
OPFY1_REV,KOSDAQ,K200,CONF_2023_2024,97,-0.01676572690932043
OPFY1_REV,KOSDAQ,K200,STRESS_2025,49,0.11663265306122449
OPFY1_REV,KOSDAQ,K200,STRESS_2026,29,-0.06108374384236451
OPFY1_REV,KOSDAQ,KOSPI_EX_K200,DISC_2016_2019,194,0.08173051242331729
OPFY1_REV,KOSDAQ,KOSPI_EX_K200,VAL_2020_2022,148,-0.07146373876958728
OPFY1_REV,KOSDAQ,KOSPI_EX_K200,CONF_2023_2024,97,0.07672785609088996
OPFY1_REV,KOSDAQ,KOSPI_EX_K200,STRESS_2025,49,-0.20265306122448978
OPFY1_REV,KOSDAQ,KOSPI_EX_K200,STRESS_2026,29,0.06847290640394087
OPFY1_REV,KOSDAQ,KOSPI_ALL,DISC_2016_2019,194,-0.10217320738126248
OPFY1_REV,KOSDAQ,KOSPI_ALL,VAL_2020_2022,148,-0.019301317479649218
OPFY1_REV,KOSDAQ,KOSPI_ALL,CONF_2023_2024,97,-0.07286187670944666
OPFY1_REV,KOSDAQ,KOSPI_ALL,STRESS_2025,49,0.12908163265306122
OPFY1_REV,KOSDAQ,KOSPI_ALL,STRESS_2026,29,-0.1295566502463054
OPFY1_REV,KOSDAQ,KOSPI_KOSDAQ_ALL,DISC_2016_2019,194,-0.05633081730512423
OPFY1_REV,KOSDAQ,KOSPI_KOSDAQ_ALL,VAL_2020_2022,148,0.10884847318212612
OPFY1_REV,KOSDAQ,KOSPI_KOSDAQ_ALL,CONF_2023_2024,97,-0.09261256048811276
OPFY1_REV,KOSDAQ,KOSPI_KOSDAQ_ALL,STRESS_2025,49,0.17214285714285713
OPFY1_REV,KOSDAQ,KOSPI_KOSDAQ_ALL,STRESS_2026,29,0.027093596059113295
OPFY1_REV,KOSDAQ,KOSDAQ_PLUS_KOSPI_EX_K200,DISC_2016_2019,194,0.09014229187296864
OPFY1_REV,KOSDAQ,KOSDAQ_PLUS_KOSPI_EX_K200,VAL_2020_2022,148,-0.014318660531508088
OPFY1_REV,KOSDAQ,KOSDAQ_PLUS_KOSPI_EX_K200,CONF_2023_2024,97,0.05136229749631811
OPFY1_REV,KOSDAQ,KOSDAQ_PLUS_KOSPI_EX_K200,STRESS_2025,49,-0.00510204081632653
OPFY1_REV,KOSDAQ,KOSDAQ_PLUS_KOSPI_EX_K200,STRESS_2026,29,0.04088669950738915
OPFY1_REV,KOSPI_EX_K200,K200,DISC_2016_2019,194,0.04395968328450567
OPFY1_REV,KOSPI_EX_K200,K200,VAL_2020_2022,148,-0.10385100893250462
OPFY1_REV,KOSPI_EX_K200,K200,CONF_2023_2024,97,0.047009783294761194
OPFY1_REV,KOSPI_EX_K200,K200,STRESS_2025,49,0.04755102040816325
OPFY1_REV,KOSPI_EX_K200,K200,STRESS_2026,29,-0.09064039408866993
OPFY1_REV,KOSPI_EX_K200,KOSDAQ,DISC_2016_2019,194,0.012975145147571834
OPFY1_REV,KOSPI_EX_K200,KOSDAQ,VAL_2020_2022,148,-0.04003524137752326
OPFY1_REV,KOSPI_EX_K200,KOSDAQ,CONF_2023_2024,97,-0.0859194193141174
OPFY1_REV,KOSPI_EX_K200,KOSDAQ,STRESS_2025,49,0.017653061224489792
OPFY1_REV,KOSPI_EX_K200,KOSDAQ,STRESS_2026,29,0.03645320197044334
OPFY1_REV,KOSPI_EX_K200,KOSPI_ALL,DISC_2016_2019,194,0.019537910943284584
OPFY1_REV,KOSPI_EX_K200,KOSPI_ALL,VAL_2020_2022,148,0.04001303042530272
OPFY1_REV,KOSPI_EX_K200,KOSPI_ALL,CONF_2023_2024,97,0.07827950767936039
OPFY1_REV,KOSPI_EX_K200,KOSPI_ALL,STRESS_2025,49,-0.031122448979591832
OPFY1_REV,KOSPI_EX_K200,KOSPI_ALL,STRESS_2026,29,-0.06896551724137931
OPFY1_REV,KOSPI_EX_K200,KOSPI_KOSDAQ_ALL,DISC_2016_2019,194,0.02406429636812629
OPFY1_REV,KOSPI_EX_K200,KOSPI_KOSDAQ_ALL,VAL_2020_2022,148,-0.03084360898358981
OPFY1_REV,KOSPI_EX_K200,KOSPI_KOSDAQ_ALL,CONF_2023_2024,97,0.11108773406269724
OPFY1_REV,KOSPI_EX_K200,KOSPI_KOSDAQ_ALL,STRESS_2025,49,-0.09285714285714285
OPFY1_REV,KOSPI_EX_K200,KOSPI_KOSDAQ_ALL,STRESS_2026,29,0.20591133004926104
OPFY1_REV,KOSPI_EX_K200,KOSDAQ_PLUS_KOSPI_EX_K200,DISC_2016_2019,194,0.01208433145829652
OPFY1_REV,KOSPI_EX_K200,KOSDAQ_PLUS_KOSPI_EX_K200,VAL_2020_2022,148,0.04110877073484936
OPFY1_REV,KOSPI_EX_K200,KOSDAQ_PLUS_KOSPI_EX_K200,CONF_2023_2024,97,-0.06155322953923837
OPFY1_REV,KOSPI_EX_K200,KOSDAQ_PLUS_KOSPI_EX_K200,STRESS_2025,49,-0.08102040816326529
OPFY1_REV,KOSPI_EX_K200,KOSDAQ_PLUS_KOSPI_EX_K200,STRESS_2026,29,0.15862068965517237
OPFY1_REV,KOSPI_ALL,K200,DISC_2016_2019,194,0.09180886951305198
OPFY1_REV,KOSPI_ALL,K200,VAL_2020_2022,148,0.044244216823315585
OPFY1_REV,KOSPI_ALL,K200,CONF_2023_2024,97,0.011400694298337892
OPFY1_REV,KOSPI_ALL,K200,STRESS_2025,49,-0.1468367346938775
OPFY1_REV,KOSPI_ALL,K200,STRESS_2026,29,0.004926108374384235
OPFY1_REV,KOSPI_ALL,KOSDAQ,DISC_2016_2019,194,-0.08228275116796029
OPFY1_REV,KOSPI_ALL,KOSDAQ,VAL_2020_2022,148,-0.07598736937183727
OPFY1_REV,KOSPI_ALL,KOSDAQ,CONF_2023_2024,97,-0.08459131075110454
OPFY1_REV,KOSPI_ALL,KOSDAQ,STRESS_2025,49,0.08367346938775508
OPFY1_REV,KOSPI_ALL,KOSDAQ,STRESS_2026,29,0.024630541871921176
OPFY1_REV,KOSPI_ALL,KOSPI_EX_K200,DISC_2016_2019,194,-0.04579226126152038
OPFY1_REV,KOSPI_ALL,KOSPI_EX_K200,VAL_2020_2022,148,0.056982197921795236
OPFY1_REV,KOSPI_ALL,KOSPI_EX_K200,CONF_2023_2024,97,-0.029520828950136753
OPFY1_REV,KOSPI_ALL,KOSPI_EX_K200,STRESS_2025,49,0.17448979591836736
OPFY1_REV,KOSPI_ALL,KOSPI_EX_K200,STRESS_2026,29,-0.04088669950738915
OPFY1_REV,KOSPI_ALL,KOSPI_KOSDAQ_ALL,DISC_2016_2019,194,0.06681020491180203
OPFY1_REV,KOSPI_ALL,KOSPI_KOSDAQ_ALL,VAL_2020_2022,148,-0.13072996294472805
OPFY1_REV,KOSPI_ALL,KOSPI_KOSDAQ_ALL,CONF_2023_2024,97,-0.020684304649694927
OPFY1_REV,KOSPI_ALL,KOSPI_KOSDAQ_ALL,STRESS_2025,49,-0.07785714285714285
OPFY1_REV,KOSPI_ALL,KOSPI_KOSDAQ_ALL,STRESS_2026,29,-0.03940886699507388
OPFY1_REV,KOSPI_ALL,KOSDAQ_PLUS_KOSPI_EX_K200,DISC_2016_2019,194,-0.11740414918663944
OPFY1_REV,KOSPI_ALL,KOSDAQ_PLUS_KOSPI_EX_K200,VAL_2020_2022,148,-0.037018253700899915
OPFY1_REV,KOSPI_ALL,KOSDAQ_PLUS_KOSPI_EX_K200,CONF_2023_2024,97,-0.07654376183463074
OPFY1_REV,KOSPI_ALL,KOSDAQ_PLUS_KOSPI_EX_K200,STRESS_2025,49,0.018775510204081632
OPFY1_REV,KOSPI_ALL,KOSDAQ_PLUS_KOSPI_EX_K200,STRESS_2026,29,0.05566502463054186
OPFY1_REV,KOSPI_KOSDAQ_ALL,K200,DISC_2016_2019,194,-0.051191381131021105
OPFY1_REV,KOSPI_KOSDAQ_ALL,K200,VAL_2020_2022,148,0.04747220854603406
OPFY1_REV,KOSPI_KOSDAQ_ALL,K200,CONF_2023_2024,97,0.0707842415316642
OPFY1_REV,KOSPI_KOSDAQ_ALL,K200,STRESS_2025,49,0.021020408163265305
OPFY1_REV,KOSPI_KOSDAQ_ALL,K200,STRESS_2026,29,-0.09162561576354677
OPFY1_REV,KOSPI_KOSDAQ_ALL,KOSDAQ,DISC_2016_2019,194,0.0353556064148447
OPFY1_REV,KOSPI_KOSDAQ_ALL,KOSDAQ,VAL_2020_2022,148,-0.03869518059355069
OPFY1_REV,KOSPI_KOSDAQ_ALL,KOSDAQ,CONF_2023_2024,97,-0.020395013675573323
OPFY1_REV,KOSPI_KOSDAQ_ALL,KOSDAQ,STRESS_2025,49,-0.1233673469387755
OPFY1_REV,KOSPI_KOSDAQ_ALL,KOSDAQ,STRESS_2026,29,0.006403940886699506
OPFY1_REV,KOSPI_KOSDAQ_ALL,KOSPI_EX_K200,DISC_2016_2019,194,0.030341081385363206
OPFY1_REV,KOSPI_KOSDAQ_ALL,KOSPI_EX_K200,VAL_2020_2022,148,-0.01321551657122127
OPFY1_REV,KOSPI_KOSDAQ_ALL,KOSPI_EX_K200,CONF_2023_2024,97,-0.08845729013254784
OPFY1_REV,KOSPI_KOSDAQ_ALL,KOSPI_EX_K200,STRESS_2025,49,0.08693877551020408
OPFY1_REV,KOSPI_KOSDAQ_ALL,KOSPI_EX_K200,STRESS_2026,29,0.35911330049261075
OPFY1_REV,KOSPI_KOSDAQ_ALL,KOSPI_ALL,DISC_2016_2019,194,-0.07520719225222189
OPFY1_REV,KOSPI_KOSDAQ_ALL,KOSPI_ALL,VAL_2020_2022,148,0.05881460147998979
OPFY1_REV,KOSPI_KOSDAQ_ALL,KOSPI_ALL,CONF_2023_2024,97,0.06523511466442246
OPFY1_REV,KOSPI_KOSDAQ_ALL,KOSPI_ALL,STRESS_2025,49,0.0683673469387755
OPFY1_REV,KOSPI_KOSDAQ_ALL,KOSPI_ALL,STRESS_2026,29,0.06748768472906402
OPFY1_REV,KOSPI_KOSDAQ_ALL,KOSDAQ_PLUS_KOSPI_EX_K200,DISC_2016_2019,194,0.045992776519991944
OPFY1_REV,KOSPI_KOSDAQ_ALL,KOSDAQ_PLUS_KOSPI_EX_K200,VAL_2020_2022,148,-0.04132347660631458
OPFY1_REV,KOSPI_KOSDAQ_ALL,KOSDAQ_PLUS_KOSPI_EX_K200,CONF_2023_2024,97,-0.034096886177151266
OPFY1_REV,KOSPI_KOSDAQ_ALL,KOSDAQ_PLUS_KOSPI_EX_K200,STRESS_2025,49,0.09428571428571428
OPFY1_REV,KOSPI_KOSDAQ_ALL,KOSDAQ_PLUS_KOSPI_EX_K200,STRESS_2026,29,-0.1689655172413793
OPFY1_REV,KOSDAQ_PLUS_KOSPI_EX_K200,K200,DISC_2016_2019,194,-0.05567996449893784
OPFY1_REV,KOSDAQ_PLUS_KOSPI_EX_K200,K200,VAL_2020_2022,148,0.019256895575208138
OPFY1_REV,KOSDAQ_PLUS_KOSPI_EX_K200,K200,CONF_2023_2024,97,0.02523406269724384
OPFY1_REV,KOSDAQ_PLUS_KOSPI_EX_K200,K200,STRESS_2025,49,0.29520408163265305
OPFY1_REV,KOSDAQ_PLUS_KOSPI_EX_K200,K200,STRESS_2026,29,0.056157635467980284
OPFY1_REV,KOSDAQ_PLUS_KOSPI_EX_K200,KOSDAQ,DISC_2016_2019,194,0.06251884966697209
OPFY1_REV,KOSDAQ_PLUS_KOSPI_EX_K200,KOSDAQ,VAL_2020_2022,148,0.08001125354912508
OPFY1_REV,KOSDAQ_PLUS_KOSPI_EX_K200,KOSDAQ,CONF_2023_2024,97,0.014411950347149169
OPFY1_REV,KOSDAQ_PLUS_KOSPI_EX_K200,KOSDAQ,STRESS_2025,49,-0.1908163265306122
OPFY1_REV,KOSDAQ_PLUS_KOSPI_EX_K200,KOSDAQ,STRESS_2026,29,-0.042857142857142844
OPFY1_REV,KOSDAQ_PLUS_KOSPI_EX_K200,KOSPI_EX_K200,DISC_2016_2019,194,0.019562564458670433
OPFY1_REV,KOSDAQ_PLUS_KOSPI_EX_K200,KOSPI_EX_K200,VAL_2020_2022,148,-0.09263817988650205
OPFY1_REV,KOSDAQ_PLUS_KOSPI_EX_K200,KOSPI_EX_K200,CONF_2023_2024,97,0.01443824952661477
OPFY1_REV,KOSDAQ_PLUS_KOSPI_EX_K200,KOSPI_EX_K200,STRESS_2025,49,-0.08499999999999998
OPFY1_REV,KOSDAQ_PLUS_KOSPI_EX_K200,KOSPI_EX_K200,STRESS_2026,29,0.000985221674876847
OPFY1_REV,KOSDAQ_PLUS_KOSPI_EX_K200,KOSPI_ALL,DISC_2016_2019,194,-0.0682302473980269
OPFY1_REV,KOSDAQ_PLUS_KOSPI_EX_K200,KOSPI_ALL,VAL_2020_2022,148,-0.01360791006045081
OPFY1_REV,KOSDAQ_PLUS_KOSPI_EX_K200,KOSPI_ALL,CONF_2023_2024,97,0.00010519671786240267
OPFY1_REV,KOSDAQ_PLUS_KOSPI_EX_K200,KOSPI_ALL,STRESS_2025,49,0.2080612244897959
OPFY1_REV,KOSDAQ_PLUS_KOSPI_EX_K200,KOSPI_ALL,STRESS_2026,29,0.07241379310344825
OPFY1_REV,KOSDAQ_PLUS_KOSPI_EX_K200,KOSPI_KOSDAQ_ALL,DISC_2016_2019,194,-0.018671750769395125
OPFY1_REV,KOSDAQ_PLUS_KOSPI_EX_K200,KOSPI_KOSDAQ_ALL,VAL_2020_2022,148,0.11118062316528282
OPFY1_REV,KOSDAQ_PLUS_KOSPI_EX_K200,KOSPI_KOSDAQ_ALL,CONF_2023_2024,97,0.04540553334735956
OPFY1_REV,KOSDAQ_PLUS_KOSPI_EX_K200,KOSPI_KOSDAQ_ALL,STRESS_2025,49,-0.075
OPFY1_REV,KOSDAQ_PLUS_KOSPI_EX_K200,KOSPI_KOSDAQ_ALL,STRESS_2026,29,-0.015270935960591127
PBR12MF,K200,KOSDAQ,DISC_2016_2019,194,-0.03826472123037477
PBR12MF,K200,KOSDAQ,VAL_2020_2022,148,0.11125465967268461
PBR12MF,K200,KOSDAQ,CONF_2023_2024,97,-0.15959657058699767
PBR12MF,K200,KOSDAQ,STRESS_2025,49,-0.28795918367346934
PBR12MF,K200,KOSDAQ,STRESS_2026,29,-0.07536945812807881
PBR12MF,K200,KOSPI_EX_K200,DISC_2016_2019,194,-0.021852054254169525
PBR12MF,K200,KOSPI_EX_K200,VAL_2020_2022,148,-0.1422500434964481
PBR12MF,K200,KOSPI_EX_K200,CONF_2023_2024,97,0.19869030086261308
PBR12MF,K200,KOSPI_EX_K200,STRESS_2025,49,0.22448979591836732
PBR12MF,K200,KOSPI_EX_K200,STRESS_2026,29,-0.02068965517241379
PBR12MF,K200,KOSPI_ALL,DISC_2016_2019,194,-0.03985733832430056
PBR12MF,K200,KOSPI_ALL,VAL_2020_2022,148,-0.14364192983560195
PBR12MF,K200,KOSPI_ALL,CONF_2023_2024,97,0.12384283610351354
PBR12MF,K200,KOSPI_ALL,STRESS_2025,49,0.2740816326530612
PBR12MF,K200,KOSPI_ALL,STRESS_2026,29,-0.16206896551724134
PBR12MF,K200,KOSPI_KOSDAQ_ALL,DISC_2016_2019,194,0.056924145242076965
PBR12MF,K200,KOSPI_KOSDAQ_ALL,VAL_2020_2022,148,0.08769994484280198
PBR12MF,K200,KOSPI_KOSDAQ_ALL,CONF_2023_2024,97,0.06126393856511677
PBR12MF,K200,KOSPI_KOSDAQ_ALL,STRESS_2025,49,-0.09051020408163264
PBR12MF,K200,KOSPI_KOSDAQ_ALL,STRESS_2026,29,0.09950738916256155
PBR12MF,K200,KOSDAQ_PLUS_KOSPI_EX_K200,DISC_2016_2019,194,0.10159960225661843
PBR12MF,K200,KOSDAQ_PLUS_KOSPI_EX_K200,VAL_2020_2022,148,0.15110851160707348
PBR12MF,K200,KOSDAQ_PLUS_KOSPI_EX_K200,CONF_2023_2024,97,-0.13241636860929937
PBR12MF,K200,KOSDAQ_PLUS_KOSPI_EX_K200,STRESS_2025,49,-0.10724489795918365
PBR12MF,K200,KOSDAQ_PLUS_KOSPI_EX_K200,STRESS_2026,29,0.16009852216748766
PBR12MF,KOSDAQ,K200,DISC_2016_2019,194,0.013275918035279178
PBR12MF,KOSDAQ,K200,VAL_2020_2022,148,0.022373832536823908
PBR12MF,KOSDAQ,K200,CONF_2023_2024,97,-0.1259336208710288
PBR12MF,KOSDAQ,K200,STRESS_2025,49,-0.04255102040816327
PBR12MF,KOSDAQ,K200,STRESS_2026,29,-0.16600985221674872
PBR12MF,KOSDAQ,KOSPI_EX_K200,DISC_2016_2019,194,-0.0038779979701939
PBR12MF,KOSDAQ,KOSPI_EX_K200,VAL_2020_2022,148,-0.039890870188089754
PBR12MF,KOSDAQ,KOSPI_EX_K200,CONF_2023_2024,97,-0.09664948453608246
PBR12MF,KOSDAQ,KOSPI_EX_K200,STRESS_2025,49,-0.19255102040816324
PBR12MF,KOSDAQ,KOSPI_EX_K200,STRESS_2026,29,-0.07586206896551723
PBR12MF,KOSDAQ,KOSPI_ALL,DISC_2016_2019,194,0.019845258101761493
PBR12MF,KOSDAQ,KOSPI_ALL,VAL_2020_2022,148,0.10148554252101714
PBR12MF,KOSDAQ,KOSPI_ALL,CONF_2023_2024,97,-0.023813907006101406
PBR12MF,KOSDAQ,KOSPI_ALL,STRESS_2025,49,-0.16030612244897957
PBR12MF,KOSDAQ,KOSPI_ALL,STRESS_2026,29,-0.20492610837438419
PBR12MF,KOSDAQ,KOSPI_KOSDAQ_ALL,DISC_2016_2019,194,0.09488398466551344
PBR12MF,KOSDAQ,KOSPI_KOSDAQ_ALL,VAL_2020_2022,148,0.02333260530767722
PBR12MF,KOSDAQ,KOSPI_KOSDAQ_ALL,CONF_2023_2024,97,0.05530717441615821
PBR12MF,KOSDAQ,KOSPI_KOSDAQ_ALL,STRESS_2025,49,0.24193877551020404
PBR12MF,KOSDAQ,KOSPI_KOSDAQ_ALL,STRESS_2026,29,0.05566502463054186
PBR12MF,KOSDAQ,KOSDAQ_PLUS_KOSPI_EX_K200,DISC_2016_2019,194,-0.055264141872763205
PBR12MF,KOSDAQ,KOSDAQ_PLUS_KOSPI_EX_K200,VAL_2020_2022,148,-0.040061154155113896
PBR12MF,KOSDAQ,KOSDAQ_PLUS_KOSPI_EX_K200,CONF_2023_2024,97,0.13530927835051546
PBR12MF,KOSDAQ,KOSDAQ_PLUS_KOSPI_EX_K200,STRESS_2025,49,0.037551020408163265
PBR12MF,KOSDAQ,KOSDAQ_PLUS_KOSPI_EX_K200,STRESS_2026,29,0.09359605911330048
PBR12MF,KOSPI_EX_K200,K200,DISC_2016_2019,194,-0.020305457055630655
PBR12MF,KOSPI_EX_K200,K200,VAL_2020_2022,148,0.05767443926600208
PBR12MF,KOSPI_EX_K200,K200,CONF_2023_2024,97,0.15170681674731748
PBR12MF,KOSPI_EX_K200,K200,STRESS_2025,49,-0.0943877551020408
PBR12MF,KOSPI_EX_K200,K200,STRESS_2026,29,0.01379310344827586
PBR12MF,KOSPI_EX_K200,KOSDAQ,DISC_2016_2019,194,0.06104785658228315
PBR12MF,KOSPI_EX_K200,KOSDAQ,VAL_2020_2022,148,-0.011560800630791044
PBR12MF,KOSPI_EX_K200,KOSDAQ,CONF_2023_2024,97,0.004115821586366505
PBR12MF,KOSPI_EX_K200,KOSDAQ,STRESS_2025,49,0.21612244897959185
PBR12MF,KOSPI_EX_K200,KOSDAQ,STRESS_2026,29,0.13891625615763545
PBR12MF,KOSPI_EX_K200,KOSPI_ALL,DISC_2016_2019,194,-0.053669881211145035
PBR12MF,KOSPI_EX_K200,KOSPI_ALL,VAL_2020_2022,148,0.07103432702665685
PBR12MF,KOSPI_EX_K200,KOSPI_ALL,CONF_2023_2024,97,0.0352671996633705
PBR12MF,KOSPI_EX_K200,KOSPI_ALL,STRESS_2025,49,-0.1953061224489796
PBR12MF,KOSPI_EX_K200,KOSPI_ALL,STRESS_2026,29,0.04729064039408866
PBR12MF,KOSPI_EX_K200,KOSPI_KOSDAQ_ALL,DISC_2016_2019,194,-0.07380687257830573
PBR12MF,KOSPI_EX_K200,KOSPI_KOSDAQ_ALL,VAL_2020_2022,148,-0.1374894960705124
PBR12MF,KOSPI_EX_K200,KOSPI_KOSDAQ_ALL,CONF_2023_2024,97,-0.029428781822007154
PBR12MF,KOSPI_EX_K200,KOSPI_KOSDAQ_ALL,STRESS_2025,49,-0.1360204081632653
PBR12MF,KOSPI_EX_K200,KOSPI_KOSDAQ_ALL,STRESS_2026,29,0.05320197044334973
PBR12MF,KOSPI_EX_K200,KOSDAQ_PLUS_KOSPI_EX_K200,DISC_2016_2019,194,0.02827018609295197
PBR12MF,KOSPI_EX_K200,KOSDAQ_PLUS_KOSPI_EX_K200,VAL_2020_2022,148,-0.11749963907202642
PBR12MF,KOSPI_EX_K200,KOSDAQ_PLUS_KOSPI_EX_K200,CONF_2023_2024,97,-0.040684830633284236
PBR12MF,KOSPI_EX_K200,KOSDAQ_PLUS_KOSPI_EX_K200,STRESS_2025,49,0.16663265306122446
PBR12MF,KOSPI_EX_K200,KOSDAQ_PLUS_KOSPI_EX_K200,STRESS_2026,29,-0.004433497536945812
PBR12MF,KOSPI_ALL,K200,DISC_2016_2019,194,-0.017126797138548647
PBR12MF,KOSPI_ALL,K200,VAL_2020_2022,148,0.038258365199880066
PBR12MF,KOSPI_ALL,K200,CONF_2023_2024,97,0.13910950978329475
PBR12MF,KOSPI_ALL,K200,STRESS_2025,49,-0.05826530612244897
PBR12MF,KOSPI_ALL,K200,STRESS_2026,29,0.15812807881773394
PBR12MF,KOSPI_ALL,KOSDAQ,DISC_2016_2019,194,-0.027193649254436604
PBR12MF,KOSPI_ALL,KOSDAQ,VAL_2020_2022,148,0.047561052354916214
PBR12MF,KOSPI_ALL,KOSDAQ,CONF_2023_2024,97,-0.06790448138018093
PBR12MF,KOSPI_ALL,KOSDAQ,STRESS_2025,49,-0.19102040816326532
PBR12MF,KOSPI_ALL,KOSDAQ,STRESS_2026,29,-0.112807881773399
PBR12MF,KOSPI_ALL,KOSPI_EX_K200,DISC_2016_2019,194,-0.024692139226619222
PBR12MF,KOSPI_ALL,KOSPI_EX_K200,VAL_2020_2022,148,-0.11592636328973817
PBR12MF,KOSPI_ALL,KOSPI_EX_K200,CONF_2023_2024,97,0.07939722280664843
PBR12MF,KOSPI_ALL,KOSPI_EX_K200,STRESS_2025,49,0.24816326530612243
PBR12MF,KOSPI_ALL,KOSPI_EX_K200,STRESS_2026,29,-0.13300492610837436
PBR12MF,KOSPI_ALL,KOSPI_KOSDAQ_ALL,DISC_2016_2019,194,-0.0010707843515920007
PBR12MF,KOSPI_ALL,KOSPI_KOSDAQ_ALL,VAL_2020_2022,148,0.05125177224889594
PBR12MF,KOSPI_ALL,KOSPI_KOSDAQ_ALL,CONF_2023_2024,97,0.002235430254576057
PBR12MF,KOSPI_ALL,KOSPI_KOSDAQ_ALL,STRESS_2025,49,-0.17122448979591834
PBR12MF,KOSPI_ALL,KOSPI_KOSDAQ_ALL,STRESS_2026,29,0.17832512315270932
PBR12MF,KOSPI_ALL,KOSDAQ_PLUS_KOSPI_EX_K200,DISC_2016_2019,194,0.13466325352442546
PBR12MF,KOSPI_ALL,KOSDAQ_PLUS_KOSPI_EX_K200,VAL_2020_2022,148,0.09621044136863889
PBR12MF,KOSPI_ALL,KOSDAQ_PLUS_KOSPI_EX_K200,CONF_2023_2024,97,-0.13480959394066902
PBR12MF,KOSPI_ALL,KOSDAQ_PLUS_KOSPI_EX_K200,STRESS_2025,49,0.009489795918367346
PBR12MF,KOSPI_ALL,KOSDAQ_PLUS_KOSPI_EX_K200,STRESS_2026,29,0.1172413793103448
PBR12MF,KOSPI_KOSDAQ_ALL,K200,DISC_2016_2019,194,0.0007354965423444672
PBR12MF,KOSPI_KOSDAQ_ALL,K200,VAL_2020_2022,148,-0.06345669049408263
PBR12MF,KOSPI_KOSDAQ_ALL,K200,CONF_2023_2024,97,-0.19862455291394907
PBR12MF,KOSPI_KOSDAQ_ALL,K200,STRESS_2025,49,0.07816326530612244
PBR12MF,KOSPI_KOSDAQ_ALL,K200,STRESS_2026,29,0.10147783251231525
PBR12MF,KOSPI_KOSDAQ_ALL,KOSDAQ,DISC_2016_2019,194,0.08056851006479765
PBR12MF,KOSPI_KOSDAQ_ALL,KOSDAQ,VAL_2020_2022,148,0.03967246249125444
PBR12MF,KOSPI_KOSDAQ_ALL,KOSDAQ,CONF_2023_2024,97,0.17577056595834206
PBR12MF,KOSPI_KOSDAQ_ALL,KOSDAQ,STRESS_2025,49,-0.17010204081632652
PBR12MF,KOSPI_KOSDAQ_ALL,KOSDAQ,STRESS_2026,29,-0.1571428571428571
PBR12MF,KOSPI_KOSDAQ_ALL,KOSPI_EX_K200,DISC_2016_2019,194,-0.004696494681004055
PBR12MF,KOSPI_KOSDAQ_ALL,KOSPI_EX_K200,VAL_2020_2022,148,0.07044203496744245
PBR12MF,KOSPI_KOSDAQ_ALL,KOSPI_EX_K200,CONF_2023_2024,97,0.08115926783084366
PBR12MF,KOSPI_KOSDAQ_ALL,KOSPI_EX_K200,STRESS_2025,49,0.0633673469387755
PBR12MF,KOSPI_KOSDAQ_ALL,KOSPI_EX_K200,STRESS_2026,29,0.0
PBR12MF,KOSPI_KOSDAQ_ALL,KOSPI_ALL,DISC_2016_2019,194,0.025066872660484112
PBR12MF,KOSPI_KOSDAQ_ALL,KOSPI_ALL,VAL_2020_2022,148,-0.058026112676160625
PBR12MF,KOSPI_KOSDAQ_ALL,KOSPI_ALL,CONF_2023_2024,97,-0.22053176940879443
PBR12MF,KOSPI_KOSDAQ_ALL,KOSPI_ALL,STRESS_2025,49,0.14397959183673467
PBR12MF,KOSPI_KOSDAQ_ALL,KOSPI_ALL,STRESS_2026,29,0.15024630541871917
PBR12MF,KOSPI_KOSDAQ_ALL,KOSDAQ_PLUS_KOSPI_EX_K200,DISC_2016_2019,194,-0.045124972778410086
PBR12MF,KOSPI_KOSDAQ_ALL,KOSDAQ_PLUS_KOSPI_EX_K200,VAL_2020_2022,148,0.025416732991037885
PBR12MF,KOSPI_KOSDAQ_ALL,KOSDAQ_PLUS_KOSPI_EX_K200,CONF_2023_2024,97,0.11137702503681884
PBR12MF,KOSPI_KOSDAQ_ALL,KOSDAQ_PLUS_KOSPI_EX_K200,STRESS_2025,49,-0.1070408163265306
PBR12MF,KOSPI_KOSDAQ_ALL,KOSDAQ_PLUS_KOSPI_EX_K200,STRESS_2026,29,-0.1532019704433497
PBR12MF,KOSDAQ_PLUS_KOSPI_EX_K200,K200,DISC_2016_2019,194,-0.006200359119540787
PBR12MF,KOSDAQ_PLUS_KOSPI_EX_K200,K200,VAL_2020_2022,148,-0.053650555088714254
PBR12MF,KOSDAQ_PLUS_KOSPI_EX_K200,K200,CONF_2023_2024,97,-0.08819429833789186
PBR12MF,KOSDAQ_PLUS_KOSPI_EX_K200,K200,STRESS_2025,49,0.09122448979591836
PBR12MF,KOSDAQ_PLUS_KOSPI_EX_K200,K200,STRESS_2026,29,0.07635467980295566
PBR12MF,KOSDAQ_PLUS_KOSPI_EX_K200,KOSDAQ,DISC_2016_2019,194,0.01737168872471474
PBR12MF,KOSDAQ_PLUS_KOSPI_EX_K200,KOSDAQ,VAL_2020_2022,148,-0.05667494641607777
PBR12MF,KOSDAQ_PLUS_KOSPI_EX_K200,KOSDAQ,CONF_2023_2024,97,0.16426467494214178
PBR12MF,KOSDAQ_PLUS_KOSPI_EX_K200,KOSDAQ,STRESS_2025,49,0.20673469387755097
PBR12MF,KOSDAQ_PLUS_KOSPI_EX_K200,KOSDAQ,STRESS_2026,29,-0.058128078817733984
PBR12MF,KOSDAQ_PLUS_KOSPI_EX_K200,KOSPI_EX_K200,DISC_2016_2019,194,0.03516823969791226
PBR12MF,KOSDAQ_PLUS_KOSPI_EX_K200,KOSPI_EX_K200,VAL_2020_2022,148,0.15423285221942942
PBR12MF,KOSDAQ_PLUS_KOSPI_EX_K200,KOSPI_EX_K200,CONF_2023_2024,97,-0.07977856090889965
PBR12MF,KOSDAQ_PLUS_KOSPI_EX_K200,KOSPI_EX_K200,STRESS_2025,49,-0.2487755102040816
PBR12MF,KOSDAQ_PLUS_KOSPI_EX_K200,KOSPI_EX_K200,STRESS_2026,29,0.028078817733990142
PBR12MF,KOSDAQ_PLUS_KOSPI_EX_K200,KOSPI_ALL,DISC_2016_2019,194,0.03376134575322653
PBR12MF,KOSDAQ_PLUS_KOSPI_EX_K200,KOSPI_ALL,VAL_2020_2022,148,0.07242991519118078
PBR12MF,KOSDAQ_PLUS_KOSPI_EX_K200,KOSPI_ALL,CONF_2023_2024,97,-0.1334814853776562
PBR12MF,KOSDAQ_PLUS_KOSPI_EX_K200,KOSPI_ALL,STRESS_2025,49,-0.17122448979591834
PBR12MF,KOSDAQ_PLUS_KOSPI_EX_K200,KOSPI_ALL,STRESS_2026,29,0.196551724137931
PBR12MF,KOSDAQ_PLUS_KOSPI_EX_K200,KOSPI_KOSDAQ_ALL,DISC_2016_2019,194,0.0012417153916005474
PBR12MF,KOSDAQ_PLUS_KOSPI_EX_K200,KOSPI_KOSDAQ_ALL,VAL_2020_2022,148,-0.06643295809163499
PBR12MF,KOSDAQ_PLUS_KOSPI_EX_K200,KOSPI_KOSDAQ_ALL,CONF_2023_2024,97,-0.06752314327792971
PBR12MF,KOSDAQ_PLUS_KOSPI_EX_K200,KOSPI_KOSDAQ_ALL,STRESS_2025,49,0.15663265306122448
PBR12MF,KOSDAQ_PLUS_KOSPI_EX_K200,KOSPI_KOSDAQ_ALL,STRESS_2026,29,-0.14926108374384234
PER12MF,K200,KOSDAQ,DISC_2016_2019,194,-0.011165577118250586
PER12MF,K200,KOSDAQ,VAL_2020_2022,148,0.17702869284844358
PER12MF,K200,KOSDAQ,CONF_2023_2024,97,-0.05027088154849568
PER12MF,K200,KOSDAQ,STRESS_2025,49,-0.14244897959183672
PER12MF,K200,KOSDAQ,STRESS_2026,29,-0.031527093596059104
PER12MF,K200,KOSPI_EX_K200,DISC_2016_2019,194,-0.030180011751508997
PER12MF,K200,KOSPI_EX_K200,VAL_2020_2022,148,-0.18224826662027047
PER12MF,K200,KOSPI_EX_K200,CONF_2023_2024,97,0.20568588260046286
PER12MF,K200,KOSPI_EX_K200,STRESS_2025,49,0.06734693877551019
PER12MF,K200,KOSPI_EX_K200,STRESS_2026,29,-0.0669950738916256
PER12MF,K200,KOSPI_ALL,DISC_2016_2019,194,0.026039864734378918
PER12MF,K200,KOSPI_ALL,VAL_2020_2022,148,-0.07269274479245717
PER12MF,K200,KOSPI_ALL,CONF_2023_2024,97,-0.022222806648432562
PER12MF,K200,KOSPI_ALL,STRESS_2025,49,0.16581632653061223
PER12MF,K200,KOSPI_ALL,STRESS_2026,29,0.13546798029556648
PER12MF,K200,KOSPI_KOSDAQ_ALL,DISC_2016_2019,194,0.12649636566094022
PER12MF,K200,KOSPI_KOSDAQ_ALL,VAL_2020_2022,148,0.06929076727734447
PER12MF,K200,KOSPI_KOSDAQ_ALL,CONF_2023_2024,97,-0.01997422680412371
PER12MF,K200,KOSPI_KOSDAQ_ALL,STRESS_2025,49,-0.09153061224489796
PER12MF,K200,KOSPI_KOSDAQ_ALL,STRESS_2026,29,-0.06650246305418718
PER12MF,K200,KOSDAQ_PLUS_KOSPI_EX_K200,DISC_2016_2019,194,-0.03261413550393839
PER12MF,K200,KOSDAQ_PLUS_KOSPI_EX_K200,VAL_2020_2022,148,0.09862032968456748
PER12MF,K200,KOSDAQ_PLUS_KOSPI_EX_K200,CONF_2023_2024,97,-0.02231485377656217
PER12MF,K200,KOSDAQ_PLUS_KOSPI_EX_K200,STRESS_2025,49,-0.143469387755102
PER12MF,K200,KOSDAQ_PLUS_KOSPI_EX_K200,STRESS_2026,29,-0.0251231527093596
PER12MF,KOSDAQ,K200,DISC_2016_2019,194,0.014401761904566242
PER12MF,KOSDAQ,K200,VAL_2020_2022,148,-0.03823985607302961
PER12MF,KOSDAQ,K200,CONF_2023_2024,97,0.049021670523879644
PER12MF,KOSDAQ,K200,STRESS_2025,49,-0.04795918367346939
PER12MF,KOSDAQ,K200,STRESS_2026,29,-0.3724137931034482
PER12MF,KOSDAQ,KOSPI_EX_K200,DISC_2016_2019,194,-0.03980638772583647
PER12MF,KOSDAQ,KOSPI_EX_K200,VAL_2020_2022,148,0.0054601924208827375
PER12MF,KOSDAQ,KOSPI_EX_K200,CONF_2023_2024,97,-0.12931306543235851
PER12MF,KOSDAQ,KOSPI_EX_K200,STRESS_2025,49,-0.06163265306122448
PER12MF,KOSDAQ,KOSPI_EX_K200,STRESS_2026,29,0.38768472906403934
PER12MF,KOSDAQ,KOSPI_ALL,DISC_2016_2019,194,0.02556816080666302
PER12MF,KOSDAQ,KOSPI_ALL,VAL_2020_2022,148,0.010609431510677917
PER12MF,KOSDAQ,KOSPI_ALL,CONF_2023_2024,97,0.00550967809804334
PER12MF,KOSDAQ,KOSPI_ALL,STRESS_2025,49,-0.07653061224489796
PER12MF,KOSDAQ,KOSPI_ALL,STRESS_2026,29,-0.24334975369458123
PER12MF,KOSDAQ,KOSPI_KOSDAQ_ALL,DISC_2016_2019,194,0.022253084771112656
PER12MF,KOSDAQ,KOSPI_KOSDAQ_ALL,VAL_2020_2022,148,0.04633204633204634
PER12MF,KOSDAQ,KOSPI_KOSDAQ_ALL,CONF_2023_2024,97,0.141003050704818
PER12MF,KOSDAQ,KOSPI_KOSDAQ_ALL,STRESS_2025,49,-0.16438775510204082
PER12MF,KOSDAQ,KOSPI_KOSDAQ_ALL,STRESS_2026,29,-0.029064039408866992
PER12MF,KOSDAQ,KOSDAQ_PLUS_KOSPI_EX_K200,DISC_2016_2019,194,0.00526516910257095
PER12MF,KOSDAQ,KOSDAQ_PLUS_KOSPI_EX_K200,VAL_2020_2022,148,0.05766703561526189
PER12MF,KOSDAQ,KOSDAQ_PLUS_KOSPI_EX_K200,CONF_2023_2024,97,0.04278876499053229
PER12MF,KOSDAQ,KOSDAQ_PLUS_KOSPI_EX_K200,STRESS_2025,49,-0.029897959183673467
PER12MF,KOSDAQ,KOSDAQ_PLUS_KOSPI_EX_K200,STRESS_2026,29,0.08078817733990146
PER12MF,KOSPI_EX_K200,K200,DISC_2016_2019,194,0.060676410283803044
PER12MF,KOSPI_EX_K200,K200,VAL_2020_2022,148,0.04995983519473453
PER12MF,KOSPI_EX_K200,K200,CONF_2023_2024,97,0.027693035977277507
PER12MF,KOSPI_EX_K200,K200,STRESS_2025,49,-0.14908163265306124
PER12MF,KOSPI_EX_K200,K200,STRESS_2026,29,0.11625615763546797
PER12MF,KOSPI_EX_K200,KOSDAQ,DISC_2016_2019,194,-0.05579172710202035
PER12MF,KOSPI_EX_K200,KOSDAQ,VAL_2020_2022,148,-0.0346194708610816
PER12MF,KOSPI_EX_K200,KOSDAQ,CONF_2023_2024,97,-0.09209972648853355
PER12MF,KOSPI_EX_K200,KOSDAQ,STRESS_2025,49,0.0586734693877551
PER12MF,KOSPI_EX_K200,KOSDAQ,STRESS_2026,29,0.1763546798029556
PER12MF,KOSPI_EX_K200,KOSPI_ALL,DISC_2016_2019,194,0.02586235942360081
PER12MF,KOSPI_EX_K200,KOSPI_ALL,VAL_2020_2022,148,0.033830982057252434
PER12MF,KOSPI_EX_K200,KOSPI_ALL,CONF_2023_2024,97,0.09330948874395117
PER12MF,KOSPI_EX_K200,KOSPI_ALL,STRESS_2025,49,-0.0954081632653061
PER12MF,KOSPI_EX_K200,KOSPI_ALL,STRESS_2026,29,-0.003448275862068965
PER12MF,KOSPI_EX_K200,KOSPI_KOSDAQ_ALL,DISC_2016_2019,194,-0.022093658704950832
PER12MF,KOSPI_EX_K200,KOSPI_KOSDAQ_ALL,VAL_2020_2022,148,-0.1309002469117522
PER12MF,KOSPI_EX_K200,KOSPI_KOSDAQ_ALL,CONF_2023_2024,97,-0.15554649694929518
PER12MF,KOSPI_EX_K200,KOSPI_KOSDAQ_ALL,STRESS_2025,49,0.05122448979591836
PER12MF,KOSPI_EX_K200,KOSPI_KOSDAQ_ALL,STRESS_2026,29,-0.10935960591133002
PER12MF,KOSPI_EX_K200,KOSDAQ_PLUS_KOSPI_EX_K200,DISC_2016_2019,194,-0.020949735591047486
PER12MF,KOSPI_EX_K200,KOSDAQ_PLUS_KOSPI_EX_K200,VAL_2020_2022,148,-0.10819325009162019
PER12MF,KOSPI_EX_K200,KOSDAQ_PLUS_KOSPI_EX_K200,CONF_2023_2024,97,-0.1262886597938144
PER12MF,KOSPI_EX_K200,KOSDAQ_PLUS_KOSPI_EX_K200,STRESS_2025,49,0.10346938775510203
PER12MF,KOSPI_EX_K200,KOSDAQ_PLUS_KOSPI_EX_K200,STRESS_2026,29,0.05270935960591132
PER12MF,KOSPI_ALL,K200,DISC_2016_2019,194,0.012340728018309342
PER12MF,KOSPI_ALL,K200,VAL_2020_2022,148,0.06236465200990609
PER12MF,KOSPI_ALL,K200,CONF_2023_2024,97,-0.07713549337260678
PER12MF,KOSPI_ALL,K200,STRESS_2025,49,0.02551020408163265
PER12MF,KOSPI_ALL,K200,STRESS_2026,29,-0.07536945812807881
PER12MF,KOSPI_ALL,KOSDAQ,DISC_2016_2019,194,-0.025001129952788515
PER12MF,KOSPI_ALL,KOSDAQ,VAL_2020_2022,148,0.07910800815882313
PER12MF,KOSPI_ALL,KOSDAQ,CONF_2023_2024,97,0.024971070902587836
PER12MF,KOSPI_ALL,KOSDAQ,STRESS_2025,49,-0.013469387755102041
PER12MF,KOSPI_ALL,KOSDAQ,STRESS_2026,29,-0.02758620689655172
PER12MF,KOSPI_ALL,KOSPI_EX_K200,DISC_2016_2019,194,0.009441474608933612
PER12MF,KOSPI_ALL,KOSPI_EX_K200,VAL_2020_2022,148,-0.07405871835402039
PER12MF,KOSPI_ALL,KOSPI_EX_K200,CONF_2023_2024,97,0.20951241321270775
PER12MF,KOSPI_ALL,KOSPI_EX_K200,STRESS_2025,49,0.08520408163265306
PER12MF,KOSPI_ALL,KOSPI_EX_K200,STRESS_2026,29,-0.3039408866995073
PER12MF,KOSPI_ALL,KOSPI_KOSDAQ_ALL,DISC_2016_2019,194,0.08740410809744711
PER12MF,KOSPI_ALL,KOSPI_KOSDAQ_ALL,VAL_2020_2022,148,0.011975405072241123
PER12MF,KOSPI_ALL,KOSPI_KOSDAQ_ALL,CONF_2023_2024,97,-0.14432989690721648
PER12MF,KOSPI_ALL,KOSPI_KOSDAQ_ALL,STRESS_2025,49,0.015612244897959184
PER12MF,KOSPI_ALL,KOSPI_KOSDAQ_ALL,STRESS_2026,29,0.17980295566502458
PER12MF,KOSPI_ALL,KOSDAQ_PLUS_KOSPI_EX_K200,DISC_2016_2019,194,0.007996778607322915
PER12MF,KOSPI_ALL,KOSDAQ_PLUS_KOSPI_EX_K200,VAL_2020_2022,148,-0.020271195726612793
PER12MF,KOSPI_ALL,KOSDAQ_PLUS_KOSPI_EX_K200,CONF_2023_2024,97,-0.058791815695350295
PER12MF,KOSPI_ALL,KOSDAQ_PLUS_KOSPI_EX_K200,STRESS_2025,49,-0.04632653061224489
PER12MF,KOSPI_ALL,KOSDAQ_PLUS_KOSPI_EX_K200,STRESS_2026,29,0.17733990147783246
PER12MF,KOSPI_KOSDAQ_ALL,K200,DISC_2016_2019,194,-0.0796218150739811
PER12MF,KOSPI_KOSDAQ_ALL,K200,VAL_2020_2022,148,-0.05408737048238487
PER12MF,KOSPI_KOSDAQ_ALL,K200,CONF_2023_2024,97,0.022341152956027767
PER12MF,KOSPI_KOSDAQ_ALL,K200,STRESS_2025,49,0.1471428571428571
PER12MF,KOSPI_KOSDAQ_ALL,K200,STRESS_2026,29,0.21970443349753688
PER12MF,KOSPI_KOSDAQ_ALL,KOSDAQ,DISC_2016_2019,194,0.0503317952279012
PER12MF,KOSPI_KOSDAQ_ALL,KOSDAQ,VAL_2020_2022,148,-0.0089139954911767
PER12MF,KOSPI_KOSDAQ_ALL,KOSDAQ,CONF_2023_2024,97,0.08544603408373658
PER12MF,KOSPI_KOSDAQ_ALL,KOSDAQ,STRESS_2025,49,-0.21591836734693873
PER12MF,KOSPI_KOSDAQ_ALL,KOSDAQ,STRESS_2026,29,0.012315270935960588
PER12MF,KOSPI_KOSDAQ_ALL,KOSPI_EX_K200,DISC_2016_2019,194,0.04561146881535749
PER12MF,KOSPI_KOSDAQ_ALL,KOSPI_EX_K200,VAL_2020_2022,148,-0.0603249462309865
PER12MF,KOSPI_KOSDAQ_ALL,KOSPI_EX_K200,CONF_2023_2024,97,-0.08869398274773825
PER12MF,KOSPI_KOSDAQ_ALL,KOSPI_EX_K200,STRESS_2025,49,0.004489795918367347
PER12MF,KOSPI_KOSDAQ_ALL,KOSPI_EX_K200,STRESS_2026,29,-0.022660098522167483
PER12MF,KOSPI_KOSDAQ_ALL,KOSPI_ALL,DISC_2016_2019,194,-0.020213417264856825
PER12MF,KOSPI_KOSDAQ_ALL,KOSPI_ALL,VAL_2020_2022,148,-0.024761509900531956
PER12MF,KOSPI_KOSDAQ_ALL,KOSPI_ALL,CONF_2023_2024,97,-0.05033662949715969
PER12MF,KOSPI_KOSDAQ_ALL,KOSPI_ALL,STRESS_2025,49,0.13040816326530613
PER12MF,KOSPI_KOSDAQ_ALL,KOSPI_ALL,STRESS_2026,29,-0.025615763546798023
PER12MF,KOSPI_KOSDAQ_ALL,KOSDAQ_PLUS_KOSPI_EX_K200,DISC_2016_2019,194,-0.022588372580360186
PER12MF,KOSPI_KOSDAQ_ALL,KOSDAQ_PLUS_KOSPI_EX_K200,VAL_2020_2022,148,0.12947874596963763
PER12MF,KOSPI_KOSDAQ_ALL,KOSDAQ_PLUS_KOSPI_EX_K200,CONF_2023_2024,97,0.11217915001051966
PER12MF,KOSPI_KOSDAQ_ALL,KOSDAQ_PLUS_KOSPI_EX_K200,STRESS_2025,49,0.000510204081632653
PER12MF,KOSPI_KOSDAQ_ALL,KOSDAQ_PLUS_KOSPI_EX_K200,STRESS_2026,29,-0.13842364532019702
PER12MF,KOSDAQ_PLUS_KOSPI_EX_K200,K200,DISC_2016_2019,194,-0.09156726506227066
PER12MF,KOSDAQ_PLUS_KOSPI_EX_K200,K200,VAL_2020_2022,148,-0.043907350714637396
PER12MF,KOSDAQ_PLUS_KOSPI_EX_K200,K200,CONF_2023_2024,97,0.07779297285924679
PER12MF,KOSDAQ_PLUS_KOSPI_EX_K200,K200,STRESS_2025,49,-0.03336734693877551
PER12MF,KOSDAQ_PLUS_KOSPI_EX_K200,K200,STRESS_2026,29,0.1615763546798029
PER12MF,KOSDAQ_PLUS_KOSPI_EX_K200,KOSDAQ,DISC_2016_2019,194,0.06967494339963759
PER12MF,KOSDAQ_PLUS_KOSPI_EX_K200,KOSDAQ,VAL_2020_2022,148,-0.13050415159715256
PER12MF,KOSDAQ_PLUS_KOSPI_EX_K200,KOSDAQ,CONF_2023_2024,97,0.12405322953923838
PER12MF,KOSDAQ_PLUS_KOSPI_EX_K200,KOSDAQ,STRESS_2025,49,-0.0323469387755102
PER12MF,KOSDAQ_PLUS_KOSPI_EX_K200,KOSDAQ,STRESS_2026,29,-0.12315270935960589
PER12MF,KOSDAQ_PLUS_KOSPI_EX_K200,KOSPI_EX_K200,DISC_2016_2019,194,0.028723810776051573
PER12MF,KOSDAQ_PLUS_KOSPI_EX_K200,KOSPI_EX_K200,VAL_2020_2022,148,0.09337484313514996
PER12MF,KOSDAQ_PLUS_KOSPI_EX_K200,KOSPI_EX_K200,CONF_2023_2024,97,-0.24372764569745423
PER12MF,KOSDAQ_PLUS_KOSPI_EX_K200,KOSPI_EX_K200,STRESS_2025,49,-0.010918367346938775
PER12MF,KOSDAQ_PLUS_KOSPI_EX_K200,KOSPI_EX_K200,STRESS_2026,29,0.10098522167487682
PER12MF,KOSDAQ_PLUS_KOSPI_EX_K200,KOSPI_ALL,DISC_2016_2019,194,-0.03790477990574139
PER12MF,KOSDAQ_PLUS_KOSPI_EX_K200,KOSPI_ALL,VAL_2020_2022,148,0.03148402477261538
PER12MF,KOSDAQ_PLUS_KOSPI_EX_K200,KOSPI_ALL,CONF_2023_2024,97,-0.031006732589943194
PER12MF,KOSDAQ_PLUS_KOSPI_EX_K200,KOSPI_ALL,STRESS_2025,49,-0.030102040816326527
PER12MF,KOSDAQ_PLUS_KOSPI_EX_K200,KOSPI_ALL,STRESS_2026,29,-0.031527093596059104
PER12MF,KOSDAQ_PLUS_KOSPI_EX_K200,KOSPI_KOSDAQ_ALL,DISC_2016_2019,194,-0.17272828128017484
PER12MF,KOSDAQ_PLUS_KOSPI_EX_K200,KOSPI_KOSDAQ_ALL,VAL_2020_2022,148,0.02120775754524556
PER12MF,KOSDAQ_PLUS_KOSPI_EX_K200,KOSPI_KOSDAQ_ALL,CONF_2023_2024,97,0.07167841363349463
PER12MF,KOSDAQ_PLUS_KOSPI_EX_K200,KOSPI_KOSDAQ_ALL,STRESS_2025,49,0.09887755102040816
PER12MF,KOSDAQ_PLUS_KOSPI_EX_K200,KOSPI_KOSDAQ_ALL,STRESS_2026,29,0.07635467980295566
PRIVATE_FLOW,K200,KOSDAQ,DISC_2016_2019,194,0.012345658721386512
PRIVATE_FLOW,K200,KOSDAQ,VAL_2020_2022,149,-0.016350444404135682
PRIVATE_FLOW,K200,KOSDAQ,CONF_2023_2024,97,-0.011348095939406689
PRIVATE_FLOW,K200,KOSDAQ,STRESS_2025,49,-0.2657142857142857
PRIVATE_FLOW,K200,KOSDAQ,STRESS_2026,29,-0.09359605911330048
PRIVATE_FLOW,K200,KOSPI_EX_K200,DISC_2016_2019,194,0.024143187617361006
PRIVATE_FLOW,K200,KOSPI_EX_K200,VAL_2020_2022,149,0.17479775077090515
PRIVATE_FLOW,K200,KOSPI_EX_K200,CONF_2023_2024,97,-0.03150641699978961
PRIVATE_FLOW,K200,KOSPI_EX_K200,STRESS_2025,49,-0.18387755102040815
PRIVATE_FLOW,K200,KOSPI_EX_K200,STRESS_2026,29,0.19408866995073887
PRIVATE_FLOW,K200,KOSPI_ALL,DISC_2016_2019,194,-0.012531381870626569
PRIVATE_FLOW,K200,KOSPI_ALL,VAL_2020_2022,149,0.009983674950117904
PRIVATE_FLOW,K200,KOSPI_ALL,CONF_2023_2024,97,0.03614822217546812
PRIVATE_FLOW,K200,KOSPI_ALL,STRESS_2025,49,0.2287755102040816
PRIVATE_FLOW,K200,KOSPI_ALL,STRESS_2026,29,-0.012315270935960588
PRIVATE_FLOW,K200,KOSPI_KOSDAQ_ALL,DISC_2016_2019,194,-0.06970288405040821
PRIVATE_FLOW,K200,KOSPI_KOSDAQ_ALL,VAL_2020_2022,149,-0.09220025394522038
PRIVATE_FLOW,K200,KOSPI_KOSDAQ_ALL,CONF_2023_2024,97,-0.03399168945928887
PRIVATE_FLOW,K200,KOSPI_KOSDAQ_ALL,STRESS_2025,49,0.06948979591836733
PRIVATE_FLOW,K200,KOSPI_KOSDAQ_ALL,STRESS_2026,29,-0.17142857142857137
PRIVATE_FLOW,K200,KOSDAQ_PLUS_KOSPI_EX_K200,DISC_2016_2019,194,-0.05148064904488172
PRIVATE_FLOW,K200,KOSDAQ_PLUS_KOSPI_EX_K200,VAL_2020_2022,149,0.06889896608017414
PRIVATE_FLOW,K200,KOSDAQ_PLUS_KOSPI_EX_K200,CONF_2023_2024,97,0.02581264464548706
PRIVATE_FLOW,K200,KOSDAQ_PLUS_KOSPI_EX_K200,STRESS_2025,49,-0.18214285714285713
PRIVATE_FLOW,K200,KOSDAQ_PLUS_KOSPI_EX_K200,STRESS_2026,29,-0.02758620689655172
PRIVATE_FLOW,KOSDAQ,K200,DISC_2016_2019,194,0.017506461275490704
PRIVATE_FLOW,KOSDAQ,K200,VAL_2020_2022,149,0.10335207690912389
PRIVATE_FLOW,KOSDAQ,K200,CONF_2023_2024,97,0.06293393646118241
PRIVATE_FLOW,KOSDAQ,K200,STRESS_2025,49,0.1093877551020408
PRIVATE_FLOW,KOSDAQ,K200,STRESS_2026,29,0.04827586206896551
PRIVATE_FLOW,KOSDAQ,KOSPI_EX_K200,DISC_2016_2019,194,-0.013210175327583585
PRIVATE_FLOW,KOSDAQ,KOSPI_EX_K200,VAL_2020_2022,149,-0.04320333756575368
PRIVATE_FLOW,KOSDAQ,KOSPI_EX_K200,CONF_2023_2024,97,-0.17104986324426677
PRIVATE_FLOW,KOSDAQ,KOSPI_EX_K200,STRESS_2025,49,-0.03295918367346938
PRIVATE_FLOW,KOSDAQ,KOSPI_EX_K200,STRESS_2026,29,-0.0586206896551724
PRIVATE_FLOW,KOSDAQ,KOSPI_ALL,DISC_2016_2019,194,0.038800524298093865
PRIVATE_FLOW,KOSDAQ,KOSPI_ALL,VAL_2020_2022,149,0.033372029747868674
PRIVATE_FLOW,KOSDAQ,KOSPI_ALL,CONF_2023_2024,97,-0.029639175257731954
PRIVATE_FLOW,KOSDAQ,KOSPI_ALL,STRESS_2025,49,-0.03785714285714285
PRIVATE_FLOW,KOSDAQ,KOSPI_ALL,STRESS_2026,29,0.17536945812807878
PRIVATE_FLOW,KOSDAQ,KOSPI_KOSDAQ_ALL,DISC_2016_2019,194,0.05476942799735385
PRIVATE_FLOW,KOSDAQ,KOSPI_KOSDAQ_ALL,VAL_2020_2022,149,0.048216941773988754
PRIVATE_FLOW,KOSDAQ,KOSPI_KOSDAQ_ALL,CONF_2023_2024,97,0.12434252051335998
PRIVATE_FLOW,KOSDAQ,KOSPI_KOSDAQ_ALL,STRESS_2025,49,-0.19428571428571426
PRIVATE_FLOW,KOSDAQ,KOSPI_KOSDAQ_ALL,STRESS_2026,29,-0.003940886699507388
PRIVATE_FLOW,KOSDAQ,KOSDAQ_PLUS_KOSPI_EX_K200,DISC_2016_2019,194,-0.039860625459685335
PRIVATE_FLOW,KOSDAQ,KOSDAQ_PLUS_KOSPI_EX_K200,VAL_2020_2022,149,-0.061179031380373665
PRIVATE_FLOW,KOSDAQ,KOSDAQ_PLUS_KOSPI_EX_K200,CONF_2023_2024,97,0.019855880496528505
PRIVATE_FLOW,KOSDAQ,KOSDAQ_PLUS_KOSPI_EX_K200,STRESS_2025,49,-0.09316326530612244
PRIVATE_FLOW,KOSDAQ,KOSDAQ_PLUS_KOSPI_EX_K200,STRESS_2026,29,-0.05714285714285713
PRIVATE_FLOW,KOSPI_EX_K200,K200,DISC_2016_2019,194,-0.03161155921158058
PRIVATE_FLOW,KOSPI_EX_K200,K200,VAL_2020_2022,149,0.061734083076364965
PRIVATE_FLOW,KOSPI_EX_K200,K200,CONF_2023_2024,97,-0.1211471702082895
PRIVATE_FLOW,KOSPI_EX_K200,K200,STRESS_2025,49,-0.06653061224489795
PRIVATE_FLOW,KOSPI_EX_K200,K200,STRESS_2026,29,-0.08128078817733987
PRIVATE_FLOW,KOSPI_EX_K200,KOSDAQ,DISC_2016_2019,194,-0.027828066383699092
PRIVATE_FLOW,KOSPI_EX_K200,KOSDAQ,VAL_2020_2022,149,0.04276800290223109
PRIVATE_FLOW,KOSPI_EX_K200,KOSDAQ,CONF_2023_2024,97,0.03150641699978961
PRIVATE_FLOW,KOSPI_EX_K200,KOSDAQ,STRESS_2025,49,0.055510204081632646
PRIVATE_FLOW,KOSPI_EX_K200,KOSDAQ,STRESS_2026,29,0.2655172413793103
PRIVATE_FLOW,KOSPI_EX_K200,KOSPI_ALL,DISC_2016_2019,194,0.04871452461858957
PRIVATE_FLOW,KOSPI_EX_K200,KOSPI_ALL,VAL_2020_2022,149,0.06111373118084528
PRIVATE_FLOW,KOSPI_EX_K200,KOSPI_ALL,CONF_2023_2024,97,-0.03655585945718493
PRIVATE_FLOW,KOSPI_EX_K200,KOSPI_ALL,STRESS_2025,49,-0.03663265306122449
PRIVATE_FLOW,KOSPI_EX_K200,KOSPI_ALL,STRESS_2026,29,-0.19950738916256153
PRIVATE_FLOW,KOSPI_EX_K200,KOSPI_KOSDAQ_ALL,DISC_2016_2019,194,-0.03267659107624921
PRIVATE_FLOW,KOSPI_EX_K200,KOSPI_KOSDAQ_ALL,VAL_2020_2022,149,-0.05727190277525848
PRIVATE_FLOW,KOSPI_EX_K200,KOSPI_KOSDAQ_ALL,CONF_2023_2024,97,0.1992951819903219
PRIVATE_FLOW,KOSPI_EX_K200,KOSPI_KOSDAQ_ALL,STRESS_2025,49,0.07857142857142856
PRIVATE_FLOW,KOSPI_EX_K200,KOSPI_KOSDAQ_ALL,STRESS_2026,29,0.2985221674876847
PRIVATE_FLOW,KOSPI_EX_K200,KOSDAQ_PLUS_KOSPI_EX_K200,DISC_2016_2019,194,0.03364136531168206
PRIVATE_FLOW,KOSPI_EX_K200,KOSDAQ_PLUS_KOSPI_EX_K200,VAL_2020_2022,149,-0.07042626519136587
PRIVATE_FLOW,KOSPI_EX_K200,KOSDAQ_PLUS_KOSPI_EX_K200,CONF_2023_2024,97,0.12382968651378078
PRIVATE_FLOW,KOSPI_EX_K200,KOSDAQ_PLUS_KOSPI_EX_K200,STRESS_2025,49,0.03387755102040816
PRIVATE_FLOW,KOSPI_EX_K200,KOSDAQ_PLUS_KOSPI_EX_K200,STRESS_2026,29,0.14975369458128074
PRIVATE_FLOW,KOSPI_ALL,K200,DISC_2016_2019,194,0.005166555041027558
PRIVATE_FLOW,KOSPI_ALL,K200,VAL_2020_2022,149,-0.10528206058407401
PRIVATE_FLOW,KOSPI_ALL,K200,CONF_2023_2024,97,-0.11526930359772775
PRIVATE_FLOW,KOSPI_ALL,K200,STRESS_2025,49,-0.10193877551020408
PRIVATE_FLOW,KOSPI_ALL,K200,STRESS_2026,29,0.0566502463054187
PRIVATE_FLOW,KOSPI_ALL,KOSDAQ,DISC_2016_2019,194,0.047006857786196496
PRIVATE_FLOW,KOSPI_ALL,KOSDAQ,VAL_2020_2022,149,0.016129149283511703
PRIVATE_FLOW,KOSPI_ALL,KOSDAQ,CONF_2023_2024,97,0.04088207447927624
PRIVATE_FLOW,KOSPI_ALL,KOSDAQ,STRESS_2025,49,-0.11142857142857142
PRIVATE_FLOW,KOSPI_ALL,KOSDAQ,STRESS_2026,29,-0.05320197044334973
PRIVATE_FLOW,KOSPI_ALL,KOSPI_EX_K200,DISC_2016_2019,194,0.03942179288581724
PRIVATE_FLOW,KOSPI_ALL,KOSPI_EX_K200,VAL_2020_2022,149,0.1381244331579902
PRIVATE_FLOW,KOSPI_ALL,KOSPI_EX_K200,CONF_2023_2024,97,0.08832579423521986
PRIVATE_FLOW,KOSPI_ALL,KOSPI_EX_K200,STRESS_2025,49,0.03744897959183673
PRIVATE_FLOW,KOSPI_ALL,KOSPI_EX_K200,STRESS_2026,29,0.07635467980295566
PRIVATE_FLOW,KOSPI_ALL,KOSPI_KOSDAQ_ALL,DISC_2016_2019,194,-0.11568826451578441
PRIVATE_FLOW,KOSPI_ALL,KOSPI_KOSDAQ_ALL,VAL_2020_2022,149,-0.16044259024124793
PRIVATE_FLOW,KOSPI_ALL,KOSPI_KOSDAQ_ALL,CONF_2023_2024,97,0.013754470860509151
PRIVATE_FLOW,KOSPI_ALL,KOSPI_KOSDAQ_ALL,STRESS_2025,49,0.2103061224489796
PRIVATE_FLOW,KOSPI_ALL,KOSPI_KOSDAQ_ALL,STRESS_2026,29,-0.05911330049261083
PRIVATE_FLOW,KOSPI_ALL,KOSDAQ_PLUS_KOSPI_EX_K200,DISC_2016_2019,194,0.0009392989362008111
PRIVATE_FLOW,KOSPI_ALL,KOSDAQ_PLUS_KOSPI_EX_K200,VAL_2020_2022,149,0.00367132232904045
PRIVATE_FLOW,KOSPI_ALL,KOSDAQ_PLUS_KOSPI_EX_K200,CONF_2023_2024,97,0.09061382284872713
PRIVATE_FLOW,KOSPI_ALL,KOSDAQ_PLUS_KOSPI_EX_K200,STRESS_2025,49,0.07612244897959182
PRIVATE_FLOW,KOSPI_ALL,KOSDAQ_PLUS_KOSPI_EX_K200,STRESS_2026,29,-0.09507389162561573
PRIVATE_FLOW,KOSPI_KOSDAQ_ALL,K200,DISC_2016_2019,194,0.041619242890542495
PRIVATE_FLOW,KOSPI_KOSDAQ_ALL,K200,VAL_2020_2022,149,0.11443134409577363
PRIVATE_FLOW,KOSPI_KOSDAQ_ALL,K200,CONF_2023_2024,97,-0.014503997475278769
PRIVATE_FLOW,KOSPI_KOSDAQ_ALL,K200,STRESS_2025,49,-0.11897959183673468
PRIVATE_FLOW,KOSPI_KOSDAQ_ALL,K200,STRESS_2026,29,0.0251231527093596
PRIVATE_FLOW,KOSPI_KOSDAQ_ALL,KOSDAQ,DISC_2016_2019,194,0.039540129759669314
PRIVATE_FLOW,KOSPI_KOSDAQ_ALL,KOSDAQ,VAL_2020_2022,149,-0.026080174133865413
PRIVATE_FLOW,KOSPI_KOSDAQ_ALL,KOSDAQ,CONF_2023_2024,97,-0.03488586156111929
PRIVATE_FLOW,KOSPI_KOSDAQ_ALL,KOSDAQ,STRESS_2025,49,0.09887755102040816
PRIVATE_FLOW,KOSPI_KOSDAQ_ALL,KOSDAQ,STRESS_2026,29,0.033004926108374376
PRIVATE_FLOW,KOSPI_KOSDAQ_ALL,KOSPI_EX_K200,DISC_2016_2019,194,-0.07425227942294338
PRIVATE_FLOW,KOSPI_KOSDAQ_ALL,KOSPI_EX_K200,VAL_2020_2022,149,-0.20600761835661166
PRIVATE_FLOW,KOSPI_KOSDAQ_ALL,KOSPI_EX_K200,CONF_2023_2024,97,0.11576898800757414
PRIVATE_FLOW,KOSPI_KOSDAQ_ALL,KOSPI_EX_K200,STRESS_2025,49,0.06928571428571427
PRIVATE_FLOW,KOSPI_KOSDAQ_ALL,KOSPI_EX_K200,STRESS_2026,29,0.07142857142857141
PRIVATE_FLOW,KOSPI_KOSDAQ_ALL,KOSPI_ALL,DISC_2016_2019,194,-0.024107029128128427
PRIVATE_FLOW,KOSPI_KOSDAQ_ALL,KOSPI_ALL,VAL_2020_2022,149,-0.06367495011790314
PRIVATE_FLOW,KOSPI_KOSDAQ_ALL,KOSPI_ALL,CONF_2023_2024,97,0.009572901325478644
PRIVATE_FLOW,KOSPI_KOSDAQ_ALL,KOSPI_ALL,STRESS_2025,49,-0.11724489795918366
PRIVATE_FLOW,KOSPI_KOSDAQ_ALL,KOSPI_ALL,STRESS_2026,29,-0.0354679802955665
PRIVATE_FLOW,KOSPI_KOSDAQ_ALL,KOSDAQ_PLUS_KOSPI_EX_K200,DISC_2016_2019,194,-0.0025450645716657144
PRIVATE_FLOW,KOSPI_KOSDAQ_ALL,KOSDAQ_PLUS_KOSPI_EX_K200,VAL_2020_2022,149,-0.031481951750408126
PRIVATE_FLOW,KOSPI_KOSDAQ_ALL,KOSDAQ_PLUS_KOSPI_EX_K200,CONF_2023_2024,97,-0.07379549758047547
PRIVATE_FLOW,KOSPI_KOSDAQ_ALL,KOSDAQ_PLUS_KOSPI_EX_K200,STRESS_2025,49,0.08959183673469386
PRIVATE_FLOW,KOSPI_KOSDAQ_ALL,KOSDAQ_PLUS_KOSPI_EX_K200,STRESS_2026,29,-0.021674876847290636
PRIVATE_FLOW,KOSDAQ_PLUS_KOSPI_EX_K200,K200,DISC_2016_2019,194,-0.02989567454072555
PRIVATE_FLOW,KOSDAQ_PLUS_KOSPI_EX_K200,K200,VAL_2020_2022,149,0.13783058226011247
PRIVATE_FLOW,KOSDAQ_PLUS_KOSPI_EX_K200,K200,CONF_2023_2024,97,0.014333052808752366
PRIVATE_FLOW,KOSDAQ_PLUS_KOSPI_EX_K200,K200,STRESS_2025,49,-0.09357142857142856
PRIVATE_FLOW,KOSDAQ_PLUS_KOSPI_EX_K200,K200,STRESS_2026,29,0.09556650246305416
PRIVATE_FLOW,KOSDAQ_PLUS_KOSPI_EX_K200,KOSDAQ,DISC_2016_2019,194,0.009752108902795296
PRIVATE_FLOW,KOSDAQ_PLUS_KOSPI_EX_K200,KOSDAQ,VAL_2020_2022,149,0.03780881552693633
PRIVATE_FLOW,KOSDAQ_PLUS_KOSPI_EX_K200,KOSDAQ,CONF_2023_2024,97,-0.010112034504523458
PRIVATE_FLOW,KOSDAQ_PLUS_KOSPI_EX_K200,KOSDAQ,STRESS_2025,49,0.2507142857142857
PRIVATE_FLOW,KOSDAQ_PLUS_KOSPI_EX_K200,KOSDAQ,STRESS_2026,29,-0.027093596059113295
PRIVATE_FLOW,KOSDAQ_PLUS_KOSPI_EX_K200,KOSPI_EX_K200,DISC_2016_2019,194,-0.052726473355713246
PRIVATE_FLOW,KOSDAQ_PLUS_KOSPI_EX_K200,KOSPI_EX_K200,VAL_2020_2022,149,-0.20035189551968077
PRIVATE_FLOW,KOSDAQ_PLUS_KOSPI_EX_K200,KOSPI_EX_K200,CONF_2023_2024,97,0.05989638123290553
PRIVATE_FLOW,KOSDAQ_PLUS_KOSPI_EX_K200,KOSPI_EX_K200,STRESS_2025,49,0.10163265306122449
PRIVATE_FLOW,KOSDAQ_PLUS_KOSPI_EX_K200,KOSPI_EX_K200,STRESS_2026,29,-0.13497536945812805
PRIVATE_FLOW,KOSDAQ_PLUS_KOSPI_EX_K200,KOSPI_ALL,DISC_2016_2019,194,-0.008530938107349624
PRIVATE_FLOW,KOSDAQ_PLUS_KOSPI_EX_K200,KOSPI_ALL,VAL_2020_2022,149,-0.08178849990930528
PRIVATE_FLOW,KOSDAQ_PLUS_KOSPI_EX_K200,KOSPI_ALL,CONF_2023_2024,97,0.0073637702503681875
PRIVATE_FLOW,KOSDAQ_PLUS_KOSPI_EX_K200,KOSPI_ALL,STRESS_2025,49,-0.19571428571428567
PRIVATE_FLOW,KOSDAQ_PLUS_KOSPI_EX_K200,KOSPI_ALL,STRESS_2026,29,0.14137931034482754
PRIVATE_FLOW,KOSDAQ_PLUS_KOSPI_EX_K200,KOSPI_KOSDAQ_ALL,DISC_2016_2019,194,0.11877817177747736
PRIVATE_FLOW,KOSDAQ_PLUS_KOSPI_EX_K200,KOSPI_KOSDAQ_ALL,VAL_2020_2022,149,0.16743333937964813
PRIVATE_FLOW,KOSDAQ_PLUS_KOSPI_EX_K200,KOSPI_KOSDAQ_ALL,CONF_2023_2024,97,-0.08940406059330948
PRIVATE_FLOW,KOSDAQ_PLUS_KOSPI_EX_K200,KOSPI_KOSDAQ_ALL,STRESS_2025,49,-0.20622448979591834
PRIVATE_FLOW,KOSDAQ_PLUS_KOSPI_EX_K200,KOSPI_KOSDAQ_ALL,STRESS_2026,29,0.04137931034482758
FOREIGN_FLOW,K200,KOSDAQ,DISC_2016_2019,194,0.029818426859183223
FOREIGN_FLOW,K200,KOSDAQ,VAL_2020_2022,149,-0.03512062397968438
FOREIGN_FLOW,K200,KOSDAQ,CONF_2023_2024,97,0.07276982958131706
FOREIGN_FLOW,K200,KOSDAQ,STRESS_2025,49,0.05581632653061224
FOREIGN_FLOW,K200,KOSDAQ,STRESS_2026,29,0.011330049261083741
FOREIGN_FLOW,K200,KOSPI_EX_K200,DISC_2016_2019,194,-0.022866135520374073
FOREIGN_FLOW,K200,KOSPI_EX_K200,VAL_2020_2022,149,0.03519680754580084
FOREIGN_FLOW,K200,KOSPI_EX_K200,CONF_2023_2024,97,-0.11858300021039343
FOREIGN_FLOW,K200,KOSPI_EX_K200,STRESS_2025,49,0.15081632653061225
FOREIGN_FLOW,K200,KOSPI_EX_K200,STRESS_2026,29,-0.0881773399014778
FOREIGN_FLOW,K200,KOSPI_ALL,DISC_2016_2019,194,-0.05309627608650096
FOREIGN_FLOW,K200,KOSPI_ALL,VAL_2020_2022,149,0.045938690368220576
FOREIGN_FLOW,K200,KOSPI_ALL,CONF_2023_2024,97,-0.12008205343993267
FOREIGN_FLOW,K200,KOSPI_ALL,STRESS_2025,49,-0.0723469387755102
FOREIGN_FLOW,K200,KOSPI_ALL,STRESS_2026,29,-0.1275862068965517
FOREIGN_FLOW,K200,KOSPI_KOSDAQ_ALL,DISC_2016_2019,194,0.09637634413020342
FOREIGN_FLOW,K200,KOSPI_KOSDAQ_ALL,VAL_2020_2022,149,0.02449483040087067
FOREIGN_FLOW,K200,KOSPI_KOSDAQ_ALL,CONF_2023_2024,97,0.07466337050284029
FOREIGN_FLOW,K200,KOSPI_KOSDAQ_ALL,STRESS_2025,49,-0.16571428571428568
FOREIGN_FLOW,K200,KOSPI_KOSDAQ_ALL,STRESS_2026,29,0.2448275862068965
FOREIGN_FLOW,K200,KOSDAQ_PLUS_KOSPI_EX_K200,DISC_2016_2019,194,0.07547345021838907
FOREIGN_FLOW,K200,KOSDAQ_PLUS_KOSPI_EX_K200,VAL_2020_2022,149,-0.0935860692907673
FOREIGN_FLOW,K200,KOSDAQ_PLUS_KOSPI_EX_K200,CONF_2023_2024,97,0.07909478224279402
FOREIGN_FLOW,K200,KOSDAQ_PLUS_KOSPI_EX_K200,STRESS_2025,49,0.0032653061224489793
FOREIGN_FLOW,K200,KOSDAQ_PLUS_KOSPI_EX_K200,STRESS_2026,29,0.10443349753694578
FOREIGN_FLOW,KOSDAQ,K200,DISC_2016_2019,194,-0.08976427130371897
FOREIGN_FLOW,KOSDAQ,K200,VAL_2020_2022,149,-0.08984944676219846
FOREIGN_FLOW,KOSDAQ,K200,CONF_2023_2024,97,-0.26783084367767723
FOREIGN_FLOW,KOSDAQ,K200,STRESS_2025,49,0.21387755102040812
FOREIGN_FLOW,KOSDAQ,K200,STRESS_2026,29,0.2009852216748768
FOREIGN_FLOW,KOSDAQ,KOSPI_EX_K200,DISC_2016_2019,194,0.05194906583721284
FOREIGN_FLOW,KOSDAQ,KOSPI_EX_K200,VAL_2020_2022,149,-0.06657355341919101
FOREIGN_FLOW,KOSDAQ,KOSPI_EX_K200,CONF_2023_2024,97,0.19949242583631388
FOREIGN_FLOW,KOSDAQ,KOSPI_EX_K200,STRESS_2025,49,0.11948979591836732
FOREIGN_FLOW,KOSDAQ,KOSPI_EX_K200,STRESS_2026,29,0.07931034482758618
FOREIGN_FLOW,KOSDAQ,KOSPI_ALL,DISC_2016_2019,194,0.015621289132319525
FOREIGN_FLOW,KOSDAQ,KOSPI_ALL,VAL_2020_2022,149,-0.11534917467803374
FOREIGN_FLOW,KOSDAQ,KOSPI_ALL,CONF_2023_2024,97,-0.14492162844519252
FOREIGN_FLOW,KOSDAQ,KOSPI_ALL,STRESS_2025,49,0.2824489795918367
FOREIGN_FLOW,KOSDAQ,KOSPI_ALL,STRESS_2026,29,0.09802955665024629
FOREIGN_FLOW,KOSDAQ,KOSPI_KOSDAQ_ALL,DISC_2016_2019,194,-0.09859680408262214
FOREIGN_FLOW,KOSDAQ,KOSPI_KOSDAQ_ALL,VAL_2020_2022,149,0.04309087611101034
FOREIGN_FLOW,KOSDAQ,KOSPI_KOSDAQ_ALL,CONF_2023_2024,97,0.04507679360403955
FOREIGN_FLOW,KOSDAQ,KOSPI_KOSDAQ_ALL,STRESS_2025,49,-0.04326530612244898
FOREIGN_FLOW,KOSDAQ,KOSPI_KOSDAQ_ALL,STRESS_2026,29,-0.24581280788177334
FOREIGN_FLOW,KOSDAQ,KOSDAQ_PLUS_KOSPI_EX_K200,DISC_2016_2019,194,0.055328241012766406
FOREIGN_FLOW,KOSDAQ,KOSDAQ_PLUS_KOSPI_EX_K200,VAL_2020_2022,149,0.173542535824415
FOREIGN_FLOW,KOSDAQ,KOSDAQ_PLUS_KOSPI_EX_K200,CONF_2023_2024,97,0.18302913949084787
FOREIGN_FLOW,KOSDAQ,KOSDAQ_PLUS_KOSPI_EX_K200,STRESS_2025,49,-0.31316326530612243
FOREIGN_FLOW,KOSDAQ,KOSDAQ_PLUS_KOSPI_EX_K200,STRESS_2026,29,-0.09113300492610836
FOREIGN_FLOW,KOSPI_EX_K200,K200,DISC_2016_2019,194,0.1323852687027731
FOREIGN_FLOW,KOSPI_EX_K200,K200,VAL_2020_2022,149,-0.033190640304734266
FOREIGN_FLOW,KOSPI_EX_K200,K200,CONF_2023_2024,97,0.11977961287607825
FOREIGN_FLOW,KOSPI_EX_K200,K200,STRESS_2025,49,0.04795918367346939
FOREIGN_FLOW,KOSPI_EX_K200,K200,STRESS_2026,29,0.20935960591133002
FOREIGN_FLOW,KOSPI_EX_K200,KOSDAQ,DISC_2016_2019,194,-0.007437965591910359
FOREIGN_FLOW,KOSPI_EX_K200,KOSDAQ,VAL_2020_2022,149,-0.08057681842916742
FOREIGN_FLOW,KOSPI_EX_K200,KOSDAQ,CONF_2023_2024,97,-0.1333236903008626
FOREIGN_FLOW,KOSPI_EX_K200,KOSDAQ,STRESS_2025,49,0.02959183673469387
FOREIGN_FLOW,KOSPI_EX_K200,KOSDAQ,STRESS_2026,29,-0.10689655172413792
FOREIGN_FLOW,KOSPI_EX_K200,KOSPI_ALL,DISC_2016_2019,194,-0.02157264774646325
FOREIGN_FLOW,KOSPI_EX_K200,KOSPI_ALL,VAL_2020_2022,149,0.09234173771086522
FOREIGN_FLOW,KOSPI_EX_K200,KOSPI_ALL,CONF_2023_2024,97,0.17659899011150848
FOREIGN_FLOW,KOSPI_EX_K200,KOSPI_ALL,STRESS_2025,49,0.007142857142857142
FOREIGN_FLOW,KOSPI_EX_K200,KOSPI_ALL,STRESS_2026,29,0.031034482758620686
FOREIGN_FLOW,KOSPI_EX_K200,KOSPI_KOSDAQ_ALL,DISC_2016_2019,194,0.042365422622887505
FOREIGN_FLOW,KOSPI_EX_K200,KOSPI_KOSDAQ_ALL,VAL_2020_2022,149,-0.045594050426265194
FOREIGN_FLOW,KOSPI_EX_K200,KOSPI_KOSDAQ_ALL,CONF_2023_2024,97,-0.011111403324216281
FOREIGN_FLOW,KOSPI_EX_K200,KOSPI_KOSDAQ_ALL,STRESS_2025,49,-0.024999999999999994
FOREIGN_FLOW,KOSPI_EX_K200,KOSPI_KOSDAQ_ALL,STRESS_2026,29,-0.07290640394088668
FOREIGN_FLOW,KOSPI_EX_K200,KOSDAQ_PLUS_KOSPI_EX_K200,DISC_2016_2019,194,-0.08496669720963293
FOREIGN_FLOW,KOSPI_EX_K200,KOSDAQ_PLUS_KOSPI_EX_K200,VAL_2020_2022,149,-0.03697079629965536
FOREIGN_FLOW,KOSPI_EX_K200,KOSDAQ_PLUS_KOSPI_EX_K200,CONF_2023_2024,97,-0.12063433620871028
FOREIGN_FLOW,KOSPI_EX_K200,KOSDAQ_PLUS_KOSPI_EX_K200,STRESS_2025,49,0.017346938775510204
FOREIGN_FLOW,KOSPI_EX_K200,KOSDAQ_PLUS_KOSPI_EX_K200,STRESS_2026,29,-0.07931034482758618
FOREIGN_FLOW,KOSPI_ALL,K200,DISC_2016_2019,194,0.04406651518451102
FOREIGN_FLOW,KOSPI_ALL,K200,VAL_2020_2022,149,0.08613821875566842
FOREIGN_FLOW,KOSPI_ALL,K200,CONF_2023_2024,97,0.3026772564695981
FOREIGN_FLOW,KOSPI_ALL,K200,STRESS_2025,49,-0.09173469387755101
FOREIGN_FLOW,KOSPI_ALL,K200,STRESS_2026,29,-0.1694581280788177
FOREIGN_FLOW,KOSPI_ALL,KOSDAQ,DISC_2016_2019,194,0.01618667641850164
FOREIGN_FLOW,KOSPI_ALL,KOSDAQ,VAL_2020_2022,149,-0.10769816796662435
FOREIGN_FLOW,KOSPI_ALL,KOSDAQ,CONF_2023_2024,97,-0.05198032821375972
FOREIGN_FLOW,KOSPI_ALL,KOSDAQ,STRESS_2025,49,0.2872448979591837
FOREIGN_FLOW,KOSPI_ALL,KOSDAQ,STRESS_2026,29,-0.06453201970443348
FOREIGN_FLOW,KOSPI_ALL,KOSPI_EX_K200,DISC_2016_2019,194,-0.055410419397385904
FOREIGN_FLOW,KOSPI_ALL,KOSPI_EX_K200,VAL_2020_2022,149,0.10994739706149101
FOREIGN_FLOW,KOSPI_ALL,KOSPI_EX_K200,CONF_2023_2024,97,-0.22579160530191456
FOREIGN_FLOW,KOSPI_ALL,KOSPI_EX_K200,STRESS_2025,49,-0.17214285714285713
FOREIGN_FLOW,KOSPI_ALL,KOSPI_EX_K200,STRESS_2026,29,-0.04039408866995073
FOREIGN_FLOW,KOSPI_ALL,KOSPI_KOSDAQ_ALL,DISC_2016_2019,194,0.1363594153829718
FOREIGN_FLOW,KOSPI_ALL,KOSPI_KOSDAQ_ALL,VAL_2020_2022,149,-0.07050607654634501
FOREIGN_FLOW,KOSPI_ALL,KOSPI_KOSDAQ_ALL,CONF_2023_2024,97,-0.06570849989480328
FOREIGN_FLOW,KOSPI_ALL,KOSPI_KOSDAQ_ALL,STRESS_2025,49,0.1046938775510204
FOREIGN_FLOW,KOSPI_ALL,KOSPI_KOSDAQ_ALL,STRESS_2026,29,0.16650246305418717
FOREIGN_FLOW,KOSPI_ALL,KOSDAQ_PLUS_KOSPI_EX_K200,DISC_2016_2019,194,-0.01989949583561036
FOREIGN_FLOW,KOSPI_ALL,KOSDAQ_PLUS_KOSPI_EX_K200,VAL_2020_2022,149,-0.15990204970070743
FOREIGN_FLOW,KOSPI_ALL,KOSDAQ_PLUS_KOSPI_EX_K200,CONF_2023_2024,97,-0.20542289080580683
FOREIGN_FLOW,KOSPI_ALL,KOSDAQ_PLUS_KOSPI_EX_K200,STRESS_2025,49,0.22724489795918365
FOREIGN_FLOW,KOSPI_ALL,KOSDAQ_PLUS_KOSPI_EX_K200,STRESS_2026,29,0.05911330049261083
FOREIGN_FLOW,KOSPI_KOSDAQ_ALL,K200,DISC_2016_2019,194,0.07336310930136045
FOREIGN_FLOW,KOSPI_KOSDAQ_ALL,K200,VAL_2020_2022,149,0.0771775802648286
FOREIGN_FLOW,KOSPI_KOSDAQ_ALL,K200,CONF_2023_2024,97,-0.01489848516726278
FOREIGN_FLOW,KOSPI_KOSDAQ_ALL,K200,STRESS_2025,49,-0.17255102040816322
FOREIGN_FLOW,KOSPI_KOSDAQ_ALL,K200,STRESS_2026,29,-0.09310344827586205
FOREIGN_FLOW,KOSPI_KOSDAQ_ALL,KOSDAQ,DISC_2016_2019,194,-0.08411039844189781
FOREIGN_FLOW,KOSPI_KOSDAQ_ALL,KOSDAQ,VAL_2020_2022,149,0.04195175040812625
FOREIGN_FLOW,KOSPI_KOSDAQ_ALL,KOSDAQ,CONF_2023_2024,97,-0.01684462444771723
FOREIGN_FLOW,KOSPI_KOSDAQ_ALL,KOSDAQ,STRESS_2025,49,-0.054897959183673455
FOREIGN_FLOW,KOSPI_KOSDAQ_ALL,KOSDAQ,STRESS_2026,29,0.3300492610837438
FOREIGN_FLOW,KOSPI_KOSDAQ_ALL,KOSPI_EX_K200,DISC_2016_2019,194,0.011540310552115476
FOREIGN_FLOW,KOSPI_KOSDAQ_ALL,KOSPI_EX_K200,VAL_2020_2022,149,-0.06567386178124435
FOREIGN_FLOW,KOSPI_KOSDAQ_ALL,KOSPI_EX_K200,CONF_2023_2024,97,0.11517725646959813
FOREIGN_FLOW,KOSPI_KOSDAQ_ALL,KOSPI_EX_K200,STRESS_2025,49,0.00510204081632653
FOREIGN_FLOW,KOSPI_KOSDAQ_ALL,KOSPI_EX_K200,STRESS_2026,29,-0.09162561576354677
FOREIGN_FLOW,KOSPI_KOSDAQ_ALL,KOSPI_ALL,DISC_2016_2019,194,0.09773228747642507
FOREIGN_FLOW,KOSPI_KOSDAQ_ALL,KOSPI_ALL,VAL_2020_2022,149,-0.030723743878106297
FOREIGN_FLOW,KOSPI_KOSDAQ_ALL,KOSPI_ALL,CONF_2023_2024,97,0.03609562381653692
FOREIGN_FLOW,KOSPI_KOSDAQ_ALL,KOSPI_ALL,STRESS_2025,49,0.05479591836734694
FOREIGN_FLOW,KOSPI_KOSDAQ_ALL,KOSPI_ALL,STRESS_2026,29,-0.1532019704433497
FOREIGN_FLOW,KOSPI_KOSDAQ_ALL,KOSDAQ_PLUS_KOSPI_EX_K200,DISC_2016_2019,194,-0.0852986978834957
FOREIGN_FLOW,KOSPI_KOSDAQ_ALL,KOSDAQ_PLUS_KOSPI_EX_K200,VAL_2020_2022,149,-0.05161980772719028
FOREIGN_FLOW,KOSPI_KOSDAQ_ALL,KOSDAQ_PLUS_KOSPI_EX_K200,CONF_2023_2024,97,-0.04431411739953713
FOREIGN_FLOW,KOSPI_KOSDAQ_ALL,KOSDAQ_PLUS_KOSPI_EX_K200,STRESS_2025,49,0.08469387755102038
FOREIGN_FLOW,KOSPI_KOSDAQ_ALL,KOSDAQ_PLUS_KOSPI_EX_K200,STRESS_2026,29,0.11576354679802954
FOREIGN_FLOW,KOSDAQ_PLUS_KOSPI_EX_K200,K200,DISC_2016_2019,194,0.0028031046993709243
FOREIGN_FLOW,KOSDAQ_PLUS_KOSPI_EX_K200,K200,VAL_2020_2022,149,-0.09031017594775984
FOREIGN_FLOW,KOSDAQ_PLUS_KOSPI_EX_K200,K200,CONF_2023_2024,97,-0.07296707342730906
FOREIGN_FLOW,KOSDAQ_PLUS_KOSPI_EX_K200,K200,STRESS_2025,49,0.05306122448979591
FOREIGN_FLOW,KOSDAQ_PLUS_KOSPI_EX_K200,K200,STRESS_2026,29,0.16650246305418717
FOREIGN_FLOW,KOSDAQ_PLUS_KOSPI_EX_K200,KOSDAQ,DISC_2016_2019,194,-0.015603209887703234
FOREIGN_FLOW,KOSDAQ_PLUS_KOSPI_EX_K200,KOSDAQ,VAL_2020_2022,149,0.07013604208235082
FOREIGN_FLOW,KOSDAQ_PLUS_KOSPI_EX_K200,KOSDAQ,CONF_2023_2024,97,-0.022867136545339783
FOREIGN_FLOW,KOSDAQ_PLUS_KOSPI_EX_K200,KOSDAQ,STRESS_2025,49,-0.09887755102040816
FOREIGN_FLOW,KOSDAQ_PLUS_KOSPI_EX_K200,KOSDAQ,STRESS_2026,29,0.0004926108374384235
FOREIGN_FLOW,KOSDAQ_PLUS_KOSPI_EX_K200,KOSPI_EX_K200,DISC_2016_2019,194,0.02696026264211724
FOREIGN_FLOW,KOSDAQ_PLUS_KOSPI_EX_K200,KOSPI_EX_K200,VAL_2020_2022,149,-0.13403228732087794
FOREIGN_FLOW,KOSDAQ_PLUS_KOSPI_EX_K200,KOSPI_EX_K200,CONF_2023_2024,97,0.17417946560067324
FOREIGN_FLOW,KOSDAQ_PLUS_KOSPI_EX_K200,KOSPI_EX_K200,STRESS_2025,49,-0.03714285714285714
FOREIGN_FLOW,KOSDAQ_PLUS_KOSPI_EX_K200,KOSPI_EX_K200,STRESS_2026,29,0.0566502463054187
FOREIGN_FLOW,KOSDAQ_PLUS_KOSPI_EX_K200,KOSPI_ALL,DISC_2016_2019,194,0.05911337740834028
FOREIGN_FLOW,KOSDAQ_PLUS_KOSPI_EX_K200,KOSPI_ALL,VAL_2020_2022,149,-0.08847088699437693
FOREIGN_FLOW,KOSDAQ_PLUS_KOSPI_EX_K200,KOSPI_ALL,CONF_2023_2024,97,0.04750946770460761
FOREIGN_FLOW,KOSDAQ_PLUS_KOSPI_EX_K200,KOSPI_ALL,STRESS_2025,49,0.10693877551020406
FOREIGN_FLOW,KOSDAQ_PLUS_KOSPI_EX_K200,KOSPI_ALL,STRESS_2026,29,0.09556650246305416
FOREIGN_FLOW,KOSDAQ_PLUS_KOSPI_EX_K200,KOSPI_KOSDAQ_ALL,DISC_2016_2019,194,-0.14283835922637267
FOREIGN_FLOW,KOSDAQ_PLUS_KOSPI_EX_K200,KOSPI_KOSDAQ_ALL,VAL_2020_2022,149,0.1030727371666969
FOREIGN_FLOW,KOSDAQ_PLUS_KOSPI_EX_K200,KOSPI_KOSDAQ_ALL,CONF_2023_2024,97,-0.07065274563433621
FOREIGN_FLOW,KOSDAQ_PLUS_KOSPI_EX_K200,KOSPI_KOSDAQ_ALL,STRESS_2025,49,0.06714285714285713
FOREIGN_FLOW,KOSDAQ_PLUS_KOSPI_EX_K200,KOSPI_KOSDAQ_ALL,STRESS_2026,29,-0.15812807881773394
