model,universe,cost_bps,period,n_rebalances,cagr,sharpe,mdd,ew8_cagr,ew8_sharpe,ew8_mdd,delta_cagr_vs_ew8,delta_sharpe_vs_ew8,delta_mdd_vs_ew8,avg_abs_lambda,annual_turnover
PERSIST_ALL_CONT,K200,0,DEV_2020_2022,38,0.07889988889827726,1.0861361426080978,-0.04780148989812261,0.06879329409688362,0.9271017088753126,-0.061322765464919105,0.010106594801393642,0.15903443373278514,0.013521275566796498,0.14615317189106716,2.0631617486928717
LIQ_ALL_CONT,K200,0,DEV_2020_2022,38,0.06790562463114536,0.9240236268596324,-0.05535024177419834,0.06879329409688362,0.9271017088753126,-0.061322765464919105,-0.0008876694657382611,-0.0030780820156802724,0.005972523690720766,0.10807203685308699,1.6464519502115729
COMBINED_ALL_CONT,K200,0,DEV_2020_2022,38,0.07500071198539549,1.048500542504074,-0.04864306137002261,0.06879329409688362,0.9271017088753126,-0.061322765464919105,0.006207417888511868,0.12139883362876147,0.012679704094896493,0.10484923354679604,1.6126887136146892
PERSIST_ALL_CONT,KOSDAQ,0,DEV_2020_2022,38,0.05567856506352564,0.9409233384952564,-0.06936764132183226,0.04196688868988119,0.6948641799186976,-0.1003203287307477,0.013711676373644455,0.2460591585765588,0.030952687408915436,0.14737347305613105,2.1202188057659805
LIQ_ALL_CONT,KOSDAQ,0,DEV_2020_2022,38,0.041236087337962246,0.6614442913922336,-0.110012276638222,0.04196688868988119,0.6948641799186976,-0.1003203287307477,-0.0007308013519189416,-0.03341988852646405,-0.009691947907474296,0.12506186717349804,1.8673213402977378
COMBINED_ALL_CONT,KOSDAQ,0,DEV_2020_2022,38,0.051618285083662396,0.8597465492715514,-0.08457667692905202,0.04196688868988119,0.6948641799186976,-0.1003203287307477,0.009651396393781209,0.16488236935285372,0.01574365180169568,0.1302803414449435,1.9614563473951199
PERSIST_ALL_CONT,KOSDAQ_PLUS_KOSPI_EX_K200,0,DEV_2020_2022,38,0.06677163692740917,1.032577537971103,-0.07934120041473725,0.060340987470224317,0.9131977683193486,-0.08721308188926824,0.006430649457184856,0.11937976965175445,0.007871881474530995,0.14751996215213137,2.0548169814545165
LIQ_ALL_CONT,KOSDAQ_PLUS_KOSPI_EX_K200,0,DEV_2020_2022,38,0.0625071204999208,0.9295713488458289,-0.07539298494029667,0.060340987470224317,0.9131977683193486,-0.08721308188926824,0.002166133029696482,0.016373580526480302,0.01182009694897157,0.11802968649864853,1.8425492810717392
COMBINED_ALL_CONT,KOSDAQ_PLUS_KOSPI_EX_K200,0,DEV_2020_2022,38,0.06515674550269179,0.993682466865813,-0.07605346496420662,0.060340987470224317,0.9131977683193486,-0.08721308188926824,0.0048157580324674765,0.08048469854646434,0.011159616925061622,0.13533613740260814,2.1109966801650537
PERSIST_ALL_CONT,KOSPI_ALL,0,DEV_2020_2022,38,0.0762437024797109,1.2040701535336633,-0.04599058675772416,0.06784398735064134,1.0980679005285914,-0.04072532130981743,0.008399715129069563,0.10600225300507193,-0.005265265447906731,0.1404943167725065,1.9369815309058211
LIQ_ALL_CONT,KOSPI_ALL,0,DEV_2020_2022,38,0.06588759382711351,1.0594738869860574,-0.03952391500760055,0.06784398735064134,1.0980679005285914,-0.04072532130981743,-0.001956393523527833,-0.038594013542534,0.0012014063022168786,0.13215407062590315,1.8619960744753608
COMBINED_ALL_CONT,KOSPI_ALL,0,DEV_2020_2022,38,0.07273496292517878,1.1761877563323189,-0.038277993552957024,0.06784398735064134,1.0980679005285914,-0.04072532130981743,0.004890975574537437,0.07811985580372749,0.002447327756860407,0.13520183989337023,1.8852983103860237
PERSIST_ALL_CONT,KOSPI_EX_K200,0,DEV_2020_2022,31,0.10436830874607472,1.188688834890052,-0.05896903696078404,0.08418644663110508,0.9894260487380767,-0.06475484058299585,0.02018186211496964,0.19926278615197524,0.005785803622211816,0.11761943643021117,1.7625845483549099
LIQ_ALL_CONT,KOSPI_EX_K200,0,DEV_2020_2022,31,0.09366553963447521,1.0285372966802107,-0.0741382552350045,0.08418644663110508,0.9894260487380767,-0.06475484058299585,0.009479093003370131,0.03911124794213394,-0.009383414652008648,0.12370616087232256,1.931450914879869
COMBINED_ALL_CONT,KOSPI_EX_K200,0,DEV_2020_2022,31,0.10395255828172578,1.160018374395914,-0.06878795202482291,0.08418644663110508,0.9894260487380767,-0.06475484058299585,0.0197661116506207,0.17059232565783733,-0.004033111441827053,0.1234876969693439,1.9847721510173015
PERSIST_ALL_CONT,KOSPI_KOSDAQ_ALL,0,DEV_2020_2022,38,0.0771546779993395,1.2342338542724627,-0.03833457462508805,0.07539231049923023,1.231490309029853,-0.0308142093400241,0.0017623675001092742,0.0027435452426096685,-0.007520365285063946,0.13378354908705595,1.9035745284246723
LIQ_ALL_CONT,KOSPI_KOSDAQ_ALL,0,DEV_2020_2022,38,0.08011604132829153,1.2637764448639253,-0.03193001322747335,0.07539231049923023,1.231490309029853,-0.0308142093400241,0.004723730829061301,0.03228613583407225,-0.0011158038874492515,0.1313634446045743,1.9320776354780946
COMBINED_ALL_CONT,KOSPI_KOSDAQ_ALL,0,DEV_2020_2022,38,0.07862562738517176,1.2932203248535143,-0.036307304597135714,0.07539231049923023,1.231490309029853,-0.0308142093400241,0.0032333168859415284,0.06173001582366133,-0.005493095257111613,0.1285991075922628,1.9362745816890565
PERSIST_ALL_CONT,K200,0,CONFIRM_2023_2024,24,0.1085219719070627,1.512757238707213,-0.03047087839287954,0.10812552676521658,1.4845132388569693,-0.03179925204880618,0.00039644514184611346,0.02824399985024373,0.0013283736559266401,0.11964582383430551,1.7158373641671432
LIQ_ALL_CONT,K200,0,CONFIRM_2023_2024,24,0.11006027276199037,1.4535541454423346,-0.04832221282134219,0.10812552676521658,1.4845132388569693,-0.03179925204880618,0.0019347459967737901,-0.030959093414634653,-0.01652296077253601,0.1341842496947209,1.85411792118488
COMBINED_ALL_CONT,K200,0,CONFIRM_2023_2024,24,0.10853214565657843,1.4728317499052046,-0.04359739395403883,0.10812552676521658,1.4845132388569693,-0.03179925204880618,0.0004066188913618429,-0.011681488951764685,-0.01179814190523265,0.11797374927283304,1.7789316097393066
PERSIST_ALL_CONT,KOSDAQ,0,CONFIRM_2023_2024,24,0.06659763228930937,0.8824094928474214,-0.05931815051884992,0.038296597531923826,0.5408009048568467,-0.06656891878182603,0.028301034757385546,0.3416085879905747,0.007250768262976104,0.12325512685460328,1.7410222602205327
LIQ_ALL_CONT,KOSDAQ,0,CONFIRM_2023_2024,24,0.0612389968828837,0.7700463814249509,-0.0701424600839391,0.038296597531923826,0.5408009048568467,-0.06656891878182603,0.022942399350959874,0.22924547656810412,-0.00357354130211307,0.126520335780807,1.7494593351601606
COMBINED_ALL_CONT,KOSDAQ,0,CONFIRM_2023_2024,24,0.07128942139131711,0.8942105855085326,-0.06394496644367398,0.038296597531923826,0.5408009048568467,-0.06656891878182603,0.03299282385939328,0.3534096806516859,0.002623952338152047,0.11101047054908313,1.6252472359408925
PERSIST_ALL_CONT,KOSDAQ_PLUS_KOSPI_EX_K200,0,CONFIRM_2023_2024,24,0.05543897399409192,0.8769618410577313,-0.06536109135683454,0.047218133811595786,0.751958283399789,-0.07377209570159937,0.008220840182496136,0.12500355765794235,0.008411004344764828,0.13481053042571367,1.856696225498272
LIQ_ALL_CONT,KOSDAQ_PLUS_KOSPI_EX_K200,0,CONFIRM_2023_2024,24,0.0652300433814148,1.0063844607035635,-0.06470501180460075,0.047218133811595786,0.751958283399789,-0.07377209570159937,0.018011909569819018,0.2544261773037745,0.009067083896998618,0.08978956050291127,1.2123106957877345
COMBINED_ALL_CONT,KOSDAQ_PLUS_KOSPI_EX_K200,0,CONFIRM_2023_2024,24,0.06343582953720484,0.9848647722358554,-0.05976179727602937,0.047218133811595786,0.751958283399789,-0.07377209570159937,0.01621769572560905,0.23290648883606646,0.01401029842557,0.11153406351377555,1.6129608424499695
PERSIST_ALL_CONT,KOSPI_ALL,0,CONFIRM_2023_2024,24,0.08621560738166378,1.276070121616442,-0.04542652758451915,0.08517826364566328,1.2527517412988858,-0.04634863422223201,0.0010373437360005067,0.023318380317556286,0.0009221066377128606,0.117036539156958,1.5737107261612433
LIQ_ALL_CONT,KOSPI_ALL,0,CONFIRM_2023_2024,24,0.09173754213303642,1.3567658340831812,-0.05173819708772065,0.08517826364566328,1.2527517412988858,-0.04634863422223201,0.0065592784873731436,0.10401409278429541,-0.00538956286548864,0.1052343246387749,1.5370853502476631
COMBINED_ALL_CONT,KOSPI_ALL,0,CONFIRM_2023_2024,24,0.08907986513802202,1.3449061353866545,-0.04740695393928673,0.08517826364566328,1.2527517412988858,-0.04634863422223201,0.0039016014923587417,0.09215439408776871,-0.0010583197170547232,0.1207090598451855,1.5845546790896796
PERSIST_ALL_CONT,KOSPI_EX_K200,0,CONFIRM_2023_2024,25,0.03684140197744812,0.4227196536995328,-0.08346861696659358,0.04150157101952545,0.49129305351427915,-0.07632756727463941,-0.004660169042077333,-0.06857339981474636,-0.007141049691954171,0.132987012987013,1.6810768250217636
LIQ_ALL_CONT,KOSPI_EX_K200,0,CONFIRM_2023_2024,25,0.0394214562823576,0.4721208510521019,-0.0700029884582607,0.04150157101952545,0.49129305351427915,-0.07632756727463941,-0.0020801147371678486,-0.019172202462177268,0.006324578816378712,0.11807231983702574,1.627424682875264
COMBINED_ALL_CONT,KOSPI_EX_K200,0,CONFIRM_2023_2024,25,0.036831009324026276,0.4303246864093219,-0.07670181243875462,0.04150157101952545,0.49129305351427915,-0.07632756727463941,-0.004670561695499176,-0.06096836710495723,-0.0003742451641152167,0.11057104660045837,1.5464300460141776
PERSIST_ALL_CONT,KOSPI_KOSDAQ_ALL,0,CONFIRM_2023_2024,24,0.0762390546977132,1.2059647174432335,-0.04989630893686603,0.08586290337055691,1.3362574655534307,-0.05492402082378045,-0.009623848672843716,-0.1302927481101972,0.005027711886914421,0.13903743403088953,1.7889082006369956
LIQ_ALL_CONT,KOSPI_KOSDAQ_ALL,0,CONFIRM_2023_2024,24,0.09065387880042786,1.3270900433171968,-0.06169802934079649,0.08586290337055691,1.3362574655534307,-0.05492402082378045,0.004790975429870947,-0.009167422236233902,-0.006774008517016039,0.10658171260265499,1.5378742273495165
COMBINED_ALL_CONT,KOSPI_KOSDAQ_ALL,0,CONFIRM_2023_2024,24,0.0770342331453433,1.1843282423395467,-0.05328097573268675,0.08586290337055691,1.3362574655534307,-0.05492402082378045,-0.008828670225213608,-0.15192922321388402,0.0016430450910936978,0.10968764903647103,1.4335337410173246
PERSIST_ALL_CONT,K200,0,BULL_2025,12,0.2765012352444025,2.1322239775010083,-0.060498488467735756,0.24428861752413122,1.99165182428855,-0.06198041966511103,0.032212617720271286,0.14057215321245842,0.0014819311973752747,0.12073643410852714,1.6944625897966639
LIQ_ALL_CONT,K200,0,BULL_2025,12,0.2524905671336244,2.0488029233571354,-0.06748473554107659,0.24428861752413122,1.99165182428855,-0.06198041966511103,0.008201949609493164,0.05715109906858551,-0.00550431587596556,0.13546511627906976,1.917770569523925
COMBINED_ALL_CONT,K200,0,BULL_2025,12,0.2738392949870283,2.138216719815947,-0.06531476485920551,0.24428861752413122,1.99165182428855,-0.06198041966511103,0.02955067746289708,0.14656489552739727,-0.003334345194094479,0.1440891472868217,1.82677531048338
PERSIST_ALL_CONT,KOSDAQ,0,BULL_2025,12,0.09690176095093994,1.027831432162491,-0.047174334676772345,0.11958291186537218,1.2571306378429388,-0.04204034533001999,-0.022681150914432235,-0.2292992056804477,-0.0051339893467523545,0.12422480620155037,1.5601203123097527
LIQ_ALL_CONT,KOSDAQ,0,BULL_2025,12,0.13274111339713057,1.427475377734393,-0.03824067996836,0.11958291186537218,1.2571306378429388,-0.04204034533001999,0.013158201531758396,0.17034473989145416,0.0037996653616599874,0.12122093023255816,1.648568237854621
COMBINED_ALL_CONT,KOSDAQ,0,BULL_2025,12,0.11300307259576248,1.2339757225781938,-0.042846257935321264,0.11958291186537218,1.2571306378429388,-0.04204034533001999,-0.0065798392696097,-0.023154915264745002,-0.0008059126053012733,0.15358527131782948,1.7193422394374773
PERSIST_ALL_CONT,KOSDAQ_PLUS_KOSPI_EX_K200,0,BULL_2025,12,0.12246769012554015,1.475058953600785,-0.023935595118751207,0.12347214370878823,1.476147799073752,-0.024328852993387606,-0.0010044535832480772,-0.0010888454729669483,0.00039325787463639905,0.1359496124031008,1.7918917037014486
LIQ_ALL_CONT,KOSDAQ_PLUS_KOSPI_EX_K200,0,BULL_2025,12,0.12295699031428353,1.470960861295902,-0.024072535982119003,0.12347214370878823,1.476147799073752,-0.024328852993387606,-0.0005151533945046971,-0.005186937777849954,0.00025631701126860307,0.13972868217054263,1.915869657859491
COMBINED_ALL_CONT,KOSDAQ_PLUS_KOSPI_EX_K200,0,BULL_2025,12,0.11993117065800396,1.4641190533022057,-0.024156817998921443,0.12347214370878823,1.476147799073752,-0.024328852993387606,-0.0035409730507842685,-0.012028745771546223,0.00017203499446616366,0.1497093023255814,1.7952256902167296
PERSIST_ALL_CONT,KOSPI_ALL,0,BULL_2025,12,0.2279005446139235,2.624628339235995,-0.039163043888393645,0.19042237372146853,2.1353087016045973,-0.04581588063655484,0.037478170892454976,0.4893196376313975,0.006652836748161195,0.11656976744186044,1.5516936563983925
LIQ_ALL_CONT,KOSPI_ALL,0,BULL_2025,12,0.18438967336477008,1.8830186434191354,-0.055836202652304046,0.19042237372146853,2.1353087016045973,-0.04581588063655484,-0.0060327003566984505,-0.2522900581854619,-0.010020322015749206,0.14186046511627906,1.9785446091562158
COMBINED_ALL_CONT,KOSPI_ALL,0,BULL_2025,12,0.21300424699699327,2.2523941411260724,-0.04893696454309959,0.19042237372146853,2.1353087016045973,-0.04581588063655484,0.022581873275524744,0.1170854395214751,-0.0031210839065447527,0.1366763565891473,1.8574795484293194
PERSIST_ALL_CONT,KOSPI_EX_K200,0,BULL_2025,12,0.14269737126127802,2.012182129931976,-0.02222384671197819,0.11789481425423265,1.9141659111911096,-0.02180019878037376,0.024802557007045367,0.09801621874086641,-0.0004236479316044317,0.0925925925925926,1.4768205337690632
LIQ_ALL_CONT,KOSPI_EX_K200,0,BULL_2025,12,0.1114785739961377,1.8031605935519817,-0.018620909979816136,0.11789481425423265,1.9141659111911096,-0.02180019878037376,-0.006416240258094952,-0.11100531763912791,0.0031792888005576225,0.11121399176954731,1.4723175381263616
COMBINED_ALL_CONT,KOSPI_EX_K200,0,BULL_2025,12,0.13430957580801328,1.9526742290391563,-0.019474914731453796,0.11789481425423265,1.9141659111911096,-0.02180019878037376,0.016414761553780632,0.03850831784804676,0.002325284048919962,0.12001028806584363,1.6685491557734202
PERSIST_ALL_CONT,KOSPI_KOSDAQ_ALL,0,BULL_2025,12,0.18895099756158729,2.1765474501713706,-0.0349452338663373,0.1745871114015647,2.0228076610380294,-0.03545141869612045,0.014363886160022599,0.1537397891333412,0.0005061848297831517,0.07916666666666666,1.2416061427005964
LIQ_ALL_CONT,KOSPI_KOSDAQ_ALL,0,BULL_2025,12,0.1525112629178158,1.697097277369924,-0.04517016742795921,0.1745871114015647,2.0228076610380294,-0.03545141869612045,-0.022075848483748883,-0.32571038366810545,-0.009718748731838756,0.13624031007751938,1.796996758188238
COMBINED_ALL_CONT,KOSPI_KOSDAQ_ALL,0,BULL_2025,12,0.16326340849345367,1.8298116317112731,-0.04294295417691285,0.1745871114015647,2.0228076610380294,-0.03545141869612045,-0.011323702908111022,-0.1929960293267563,-0.0074915354807923995,0.15484496124031005,1.8496645561914036
PERSIST_ALL_CONT,K200,0,YTD_2026,4,0.5399915703630307,4.336678936056271,0.0,0.44758800968263035,3.218589932676514,0.0,0.09240356068040034,1.1180890033797568,0.0,0.19441544885177453,2.5896064050589893
LIQ_ALL_CONT,K200,0,YTD_2026,4,0.5380631399542142,4.27261991366802,0.0,0.44758800968263035,3.218589932676514,0.0,0.09047513027158383,1.0540299809915061,0.0,0.16440501043841335,2.4674764225372625
COMBINED_ALL_CONT,K200,0,YTD_2026,4,0.5581883033809902,4.59613340190522,0.0,0.44758800968263035,3.218589932676514,0.0,0.11060029369835989,1.3775434692287063,0.0,0.15853340292275575,2.3224329696072243
PERSIST_ALL_CONT,KOSDAQ,0,YTD_2026,4,0.3879683980519075,2.9394340351895902,-0.009239975787017296,0.35271358515920936,2.8047603829741363,-0.01114308345845183,0.03525481289269816,0.1346736522154539,0.001903107671434534,0.13596033402922755,2.285648304364713
LIQ_ALL_CONT,KOSDAQ,0,YTD_2026,4,0.3126672861028037,2.728812480201258,-0.01188739020582763,0.35271358515920936,2.8047603829741363,-0.01114308345845183,-0.040046299056405665,-0.07594790277287844,-0.0007443067473758003,0.08115866388308977,1.1315404245763951
COMBINED_ALL_CONT,KOSDAQ,0,YTD_2026,4,0.34198930247367954,2.859673958355,-0.010256155058883998,0.35271358515920936,2.8047603829741363,-0.01114308345845183,-0.010724282685529829,0.05491357538086383,0.0008869283995678323,0.08298538622129435,1.3950682745059961
PERSIST_ALL_CONT,KOSDAQ_PLUS_KOSPI_EX_K200,0,YTD_2026,4,0.2708877331407602,3.0192148072327183,-0.008293050817755332,0.2828730582623422,2.96081382296115,-0.008290406828556196,-0.011985325121582013,0.05840098427156848,-2.6439891991358877e-06,0.0746346555323591,1.1865644875467305
LIQ_ALL_CONT,KOSDAQ_PLUS_KOSPI_EX_K200,0,YTD_2026,4,0.2759221528280251,3.063197269642198,-0.008288396362441275,0.2828730582623422,2.96081382296115,-0.008290406828556196,-0.0069509054343170895,0.10238344668104826,2.0104661149211722e-06,0.1137787056367432,1.6814570234742925
COMBINED_ALL_CONT,KOSDAQ_PLUS_KOSPI_EX_K200,0,YTD_2026,4,0.2653252502828465,3.085629498916532,-0.00829099509999165,0.2828730582623422,2.96081382296115,-0.008290406828556196,-0.017547807979495733,0.12481567595538223,-5.882714354532581e-07,0.08703027139874739,1.2547041513934067
PERSIST_ALL_CONT,KOSPI_ALL,0,YTD_2026,4,0.35790878223804534,3.0108797481676115,0.0,0.3373222096968975,2.5834806921651743,-0.0010997618702287548,0.02058657254114782,0.4273990560024372,0.0010997618702287548,0.11769311064718163,2.0738688431567702
LIQ_ALL_CONT,KOSPI_ALL,0,YTD_2026,4,0.36505948572034597,3.439081499423281,0.0,0.3373222096968975,2.5834806921651743,-0.0010997618702287548,0.027737276023448443,0.8556008072581065,0.0010997618702287548,0.20015657620041755,2.4099251104529786
COMBINED_ALL_CONT,KOSPI_ALL,0,YTD_2026,4,0.3687170425862929,3.4995075639290336,0.0,0.3373222096968975,2.5834806921651743,-0.0010997618702287548,0.031394832889395374,0.9160268717638593,0.0010997618702287548,0.21450939457202506,2.786672095754236
PERSIST_ALL_CONT,KOSPI_EX_K200,0,YTD_2026,4,0.06067301480172338,0.571597433515133,-0.0385223322049858,0.09628607605010986,0.8131294328196278,-0.03853855760883207,-0.03561306124838648,-0.24153199930449476,1.622540384627058e-05,0.10848017621145375,1.6697338472834067
LIQ_ALL_CONT,KOSPI_EX_K200,0,YTD_2026,4,0.04795449728489176,0.5085902534667591,-0.03626464040172295,0.09628607605010986,0.8131294328196278,-0.03853855760883207,-0.0483315787652181,-0.30453917935286867,0.002273917207109122,0.20457048458149782,2.1963313754282914
COMBINED_ALL_CONT,KOSPI_EX_K200,0,YTD_2026,4,0.04574844096059083,0.4856878851752889,-0.03665732286721024,0.09628607605010986,0.8131294328196278,-0.03853855760883207,-0.05053763508951903,-0.3274415476443389,0.001881234741621829,0.19534691629955947,2.1697601566324036
PERSIST_ALL_CONT,KOSPI_KOSDAQ_ALL,0,YTD_2026,4,0.39541692666758044,4.005757000095077,-0.0005782766207026446,0.3575104971599006,3.6521409812900503,-0.0002378172667306666,0.03790642950767986,0.3536160188050266,-0.000340459353971978,0.12291231732776617,2.0050490969558674
LIQ_ALL_CONT,KOSPI_KOSDAQ_ALL,0,YTD_2026,4,0.4404768700427666,3.643787904555837,0.0,0.3575104971599006,3.6521409812900503,-0.0002378172667306666,0.08296637288286601,-0.00835307673421326,0.0002378172667306666,0.15709812108559498,1.6920315155119676
COMBINED_ALL_CONT,KOSPI_KOSDAQ_ALL,0,YTD_2026,4,0.44981374292504794,3.8750883583254248,-0.0002834991547321364,0.3575104971599006,3.6521409812900503,-0.0002378172667306666,0.09230324576514737,0.22294737703537448,-4.568188800146977e-05,0.13948329853862212,1.8094205163373303
PERSIST_ALL_CONT,K200,10,DEV_2020_2022,38,0.07669377442689007,1.0586038667738205,-0.048270952815299695,0.06861936099357124,0.9252577805444361,-0.06132276546491944,0.008074413433318828,0.13334608622938438,0.013051812649619743,0.14615317189106716,2.0631617486928717
LIQ_ALL_CONT,K200,10,DEV_2020_2022,38,0.0661602881369201,0.9022635027032596,-0.055572825814116156,0.06861936099357124,0.9252577805444361,-0.06132276546491944,-0.0024590728566511455,-0.02299427784117647,0.005749939650803282,0.10807203685308699,1.6464519502115729
COMBINED_ALL_CONT,K200,10,DEV_2020_2022,38,0.07328101095382067,1.0265644577903001,-0.04894371995548363,0.06861936099357124,0.9252577805444361,-0.06132276546491944,0.0046616499602494255,0.10130667724586406,0.012379045509435804,0.10484923354679604,1.6126887136146892
PERSIST_ALL_CONT,KOSDAQ,10,DEV_2020_2022,38,0.05344859005251834,0.904498748055013,-0.070221156697311,0.04179473726282623,0.6921866698616813,-0.1003203287307477,0.01165385278969211,0.21231207819333164,0.030099172033436705,0.14737347305613105,2.1202188057659805
LIQ_ALL_CONT,KOSDAQ,10,DEV_2020_2022,38,0.03930165286590159,0.632723360643199,-0.11078445945644566,0.04179473726282623,0.6921866698616813,-0.1003203287307477,-0.0024930843969246386,-0.05946330921848231,-0.010464130725697962,0.12506186717349804,1.8673213402977378
COMBINED_ALL_CONT,KOSDAQ,10,DEV_2020_2022,38,0.04956477399751735,0.8273315967204696,-0.08537793836919849,0.04179473726282623,0.6921866698616813,-0.1003203287307477,0.0077700367346911214,0.13514492685878832,0.014942390361549207,0.1302803414449435,1.9614563473951199
PERSIST_ALL_CONT,KOSDAQ_PLUS_KOSPI_EX_K200,10,DEV_2020_2022,38,0.06459161192073304,1.0005949144395287,-0.0804685424881536,0.06016500093172805,0.9105009068498411,-0.08721308188926802,0.0044266109890049865,0.09009400758968766,0.006744539401114413,0.14751996215213137,2.0548169814545165
LIQ_ALL_CONT,KOSDAQ_PLUS_KOSPI_EX_K200,10,DEV_2020_2022,38,0.06055819732574341,0.9019960053622115,-0.07642290229138204,0.06016500093172805,0.9105009068498411,-0.08721308188926802,0.00039319639401536044,-0.008504901487629613,0.010790179597885974,0.11802968649864853,1.8425492810717392
COMBINED_ALL_CONT,KOSDAQ_PLUS_KOSPI_EX_K200,10,DEV_2020_2022,38,0.06292132385629112,0.9615942200424634,-0.07734521734274702,0.06016500093172805,0.9105009068498411,-0.08721308188926802,0.0027563229245630705,0.051093313192622336,0.009867864546520999,0.13533613740260814,2.1109966801650537
PERSIST_ALL_CONT,KOSPI_ALL,10,DEV_2020_2022,38,0.07417387552893051,1.1735631566334181,-0.04638506441437362,0.06767022488469565,1.0960360155768634,-0.04072532130981732,0.00650365064423486,0.07752714105655478,-0.005659743104556303,0.1404943167725065,1.9369815309058211
LIQ_ALL_CONT,KOSPI_ALL,10,DEV_2020_2022,38,0.06391831383536695,1.0305540595387128,-0.03977615366562892,0.06767022488469565,1.0960360155768634,-0.04072532130981732,-0.0037519110493287045,-0.06548195603815055,0.0009491676441883978,0.13215407062590315,1.8619960744753608
COMBINED_ALL_CONT,KOSPI_ALL,10,DEV_2020_2022,38,0.07072531756996758,1.145513946554735,-0.038740111464569016,0.06767022488469565,1.0960360155768634,-0.04072532130981732,0.003055092685271932,0.049477930977871676,0.0019852098452483036,0.13520183989337023,1.8852983103860237
PERSIST_ALL_CONT,KOSPI_EX_K200,10,DEV_2020_2022,31,0.10243213914641447,1.1675244163118543,-0.05948503209978251,0.08396506165713724,0.9867211233290786,-0.06475484058299597,0.018467077489277228,0.18080329298277575,0.005269808483213456,0.11761943643021117,1.7625845483549099
LIQ_ALL_CONT,KOSPI_EX_K200,10,DEV_2020_2022,31,0.09157313539018408,1.007823893995201,-0.0744349823852557,0.08396506165713724,0.9867211233290786,-0.06475484058299597,0.007608073733046838,0.021102770666122317,-0.009680141802259734,0.12370616087232256,1.931450914879869
COMBINED_ALL_CONT,KOSPI_EX_K200,10,DEV_2020_2022,31,0.10178473997265791,1.13835271390011,-0.06917876769400821,0.08396506165713724,0.9867211233290786,-0.06475484058299597,0.01781967831552067,0.15163159057103137,-0.004423927111012249,0.1234876969693439,1.9847721510173015
PERSIST_ALL_CONT,KOSPI_KOSDAQ_ALL,10,DEV_2020_2022,38,0.07511961615168916,1.2040383098981435,-0.03887918341805996,0.07521602370581149,1.229060716163908,-0.03081420934002388,-9.640755412232416e-05,-0.025022406265764463,-0.00806497407803608,0.13378354908705595,1.9035745284246723
LIQ_ALL_CONT,KOSPI_KOSDAQ_ALL,10,DEV_2020_2022,38,0.07804490909698591,1.2333782413466021,-0.03232924202572873,0.07521602370581149,1.229060716163908,-0.03081420934002388,0.0028288853911744294,0.004317525182694126,-0.0015150326857048535,0.1313634446045743,1.9320776354780946
COMBINED_ALL_CONT,KOSPI_KOSDAQ_ALL,10,DEV_2020_2022,38,0.07655374709388774,1.2618324566124344,-0.0368283943228076,0.07521602370581149,1.229060716163908,-0.03081420934002388,0.0013377233880762507,0.032771740448526376,-0.006014184982783721,0.1285991075922628,1.9362745816890565
PERSIST_ALL_CONT,K200,10,CONFIRM_2023_2024,24,0.10664090418022965,1.4894574967328056,-0.03049340091540209,0.10812552676521658,1.4845132388569693,-0.03179925204880618,-0.0014846225849869388,0.0049442578758363,0.00130585113340409,0.11964582383430551,1.7158373641671432
LIQ_ALL_CONT,K200,10,CONFIRM_2023_2024,24,0.10801272063652378,1.4265476858452109,-0.049082924730477595,0.10812552676521658,1.4845132388569693,-0.03179925204880618,-0.00011280612869279949,-0.05796555301175843,-0.017283672681671414,0.1341842496947209,1.85411792118488
COMBINED_ALL_CONT,K200,10,CONFIRM_2023_2024,24,0.10657352684135235,1.446995425895344,-0.04412501724886053,0.10812552676521658,1.4845132388569693,-0.03179925204880618,-0.0015519999238642335,-0.037517812961625374,-0.01232576520005435,0.11797374927283304,1.7789316097393066
PERSIST_ALL_CONT,KOSDAQ,10,CONFIRM_2023_2024,24,0.06475614795280848,0.8603518819787465,-0.06004878401212321,0.038296597531923826,0.5408009048568467,-0.06656891878182603,0.02645955042088466,0.3195509771218997,0.006520134769702812,0.12325512685460328,1.7410222602205327
LIQ_ALL_CONT,KOSDAQ,10,CONFIRM_2023_2024,24,0.05939680673581793,0.7490901770453486,-0.07050141351801886,0.038296597531923826,0.5408009048568467,-0.06656891878182603,0.021100209203894105,0.2082892721885019,-0.0039324947361928375,0.126520335780807,1.7494593351601606
COMBINED_ALL_CONT,KOSDAQ,10,CONFIRM_2023_2024,24,0.0695618861426095,0.8744764769792168,-0.06435024637564124,0.038296597531923826,0.5408009048568467,-0.06656891878182603,0.03126528861068567,0.3336755721223701,0.002218672406184785,0.11101047054908313,1.6252472359408925
PERSIST_ALL_CONT,KOSDAQ_PLUS_KOSPI_EX_K200,10,CONFIRM_2023_2024,24,0.05348939755409132,0.8479627563956889,-0.06609176391409077,0.047218133811595786,0.751958283399789,-0.07377209570159937,0.006271263742495536,0.09600447299589987,0.007680331787508599,0.13481053042571367,1.856696225498272
LIQ_ALL_CONT,KOSDAQ_PLUS_KOSPI_EX_K200,10,CONFIRM_2023_2024,24,0.06394476700471552,0.9875239813499648,-0.06500422881512713,0.047218133811595786,0.751958283399789,-0.07377209570159937,0.016726633193119733,0.2355656979501758,0.008767866886472242,0.08978956050291127,1.2123106957877345
COMBINED_ALL_CONT,KOSDAQ_PLUS_KOSPI_EX_K200,10,CONFIRM_2023_2024,24,0.06172922644777379,0.9597626489536221,-0.060351838686074855,0.047218133811595786,0.751958283399789,-0.07377209570159937,0.014511092636178002,0.20780436555383308,0.013420257015524517,0.11153406351377555,1.6129608424499695
PERSIST_ALL_CONT,KOSPI_ALL,10,CONFIRM_2023_2024,24,0.08451962520457679,1.2527821980675884,-0.04555650298442149,0.08517826364566328,1.2527517412988858,-0.04634863422223201,-0.0006586384410864898,3.04567687026136e-05,0.0007921312378105227,0.117036539156958,1.5737107261612433
LIQ_ALL_CONT,KOSPI_ALL,10,CONFIRM_2023_2024,24,0.09006846332674456,1.3325990351632477,-0.05250231553164808,0.08517826364566328,1.2527517412988858,-0.04634863422223201,0.0048901996810812864,0.07984729386436196,-0.00615368130941607,0.1052343246387749,1.5370853502476631
COMBINED_ALL_CONT,KOSPI_ALL,10,CONFIRM_2023_2024,24,0.087369790607015,1.3214986362250725,-0.04796332517875157,0.08517826364566328,1.2527517412988858,-0.04634863422223201,0.0021915269613517196,0.06874689492618669,-0.00161469095651956,0.1207090598451855,1.5845546790896796
PERSIST_ALL_CONT,KOSPI_EX_K200,10,CONFIRM_2023_2024,25,0.03510524223258815,0.40529367728728827,-0.0840293081730693,0.04150157101952545,0.49129305351427915,-0.07632756727463941,-0.0063963287869373,-0.08599937622699089,-0.0077017408984298985,0.132987012987013,1.6810768250217636
LIQ_ALL_CONT,KOSPI_EX_K200,10,CONFIRM_2023_2024,25,0.037735788127871484,0.4540910863627221,-0.07060253041170717,0.04150157101952545,0.49129305351427915,-0.07632756727463941,-0.003765782891653968,-0.03720196715155705,0.005725036862932242,0.11807231983702574,1.627424682875264
COMBINED_ALL_CONT,KOSPI_EX_K200,10,CONFIRM_2023_2024,25,0.035231161117604604,0.41379978971461506,-0.07719587060874311,0.04150157101952545,0.49129305351427915,-0.07632756727463941,-0.006270409901920848,-0.07749326379966409,-0.0008683033341037039,0.11057104660045837,1.5464300460141776
PERSIST_ALL_CONT,KOSPI_KOSDAQ_ALL,10,CONFIRM_2023_2024,24,0.07432305406966977,1.1764775496994015,-0.050632054682618,0.08586290337055691,1.3362574655534307,-0.05492402082378045,-0.01153984930088714,-0.15977991585402918,0.004291966141162451,0.13903743403088953,1.7889082006369956
LIQ_ALL_CONT,KOSPI_KOSDAQ_ALL,10,CONFIRM_2023_2024,24,0.08898673033217541,1.3035757791344447,-0.062233111836998756,0.08586290337055691,1.3362574655534307,-0.05492402082378045,0.0031238269616185033,-0.032681686418986056,-0.007309091013218305,0.10658171260265499,1.5378742273495165
COMBINED_ALL_CONT,KOSPI_KOSDAQ_ALL,10,CONFIRM_2023_2024,24,0.0754952643251463,1.1607937045409051,-0.0538981853328645,0.08586290337055691,1.3362574655534307,-0.05492402082378045,-0.010367639045410604,-0.1754637610125256,0.0010258354909159495,0.10968764903647103,1.4335337410173246
PERSIST_ALL_CONT,K200,10,BULL_2025,12,0.2743755124504035,2.117354977140511,-0.0606854070723869,0.24428861752413122,1.99165182428855,-0.06198041966511103,0.030086894926272256,0.125703152851961,0.0012950125927241318,0.12073643410852714,1.6944625897966639
LIQ_ALL_CONT,K200,10,BULL_2025,12,0.2501435107674439,2.033545222304484,-0.06759113088991375,0.24428861752413122,1.99165182428855,-0.06198041966511103,0.0058548932433126755,0.04189339801593395,-0.0056107112248027224,0.13546511627906976,1.917770569523925
COMBINED_ALL_CONT,K200,10,BULL_2025,12,0.27156031894827626,2.123078176392943,-0.06546214858013577,0.24428861752413122,1.99165182428855,-0.06198041966511103,0.027271701424145034,0.13142635210439302,-0.00348172891502474,0.1440891472868217,1.82677531048338
PERSIST_ALL_CONT,KOSDAQ,10,BULL_2025,12,0.0951997411206229,1.0108421022651652,-0.04766280590832217,0.11958291186537218,1.2571306378429388,-0.04204034533001999,-0.024383170744749272,-0.24628853557777353,-0.00562246057830218,0.12422480620155037,1.5601203123097527
LIQ_ALL_CONT,KOSDAQ,10,BULL_2025,12,0.13089557931687312,1.4096922810200125,-0.038658022812663395,0.11958291186537218,1.2571306378429388,-0.04204034533001999,0.011312667451500946,0.15256164317707377,0.003382322517356595,0.12122093023255816,1.648568237854621
COMBINED_ALL_CONT,KOSDAQ,10,BULL_2025,12,0.11110792404149428,1.2150940082645294,-0.043306127428627494,0.11958291186537218,1.2571306378429388,-0.04204034533001999,-0.0084749878238779,-0.04203662957840937,-0.0012657820986075041,0.15358527131782948,1.7193422394374773
PERSIST_ALL_CONT,KOSDAQ_PLUS_KOSPI_EX_K200,10,BULL_2025,12,0.12048301501041547,1.454433955375985,-0.024012501360857752,0.12347214370878823,1.476147799073752,-0.024328852993387606,-0.002989128698372756,-0.021713843697766855,0.0003163516325298543,0.1359496124031008,1.7918917037014486
LIQ_ALL_CONT,KOSDAQ_PLUS_KOSPI_EX_K200,10,BULL_2025,12,0.12083360330198767,1.4488868462331888,-0.02437525609743052,0.12347214370878823,1.476147799073752,-0.024328852993387606,-0.0026385404068005602,-0.02726095284056318,-4.640310404291359e-05,0.13972868217054263,1.915869657859491
COMBINED_ALL_CONT,KOSDAQ_PLUS_KOSPI_EX_K200,10,BULL_2025,12,0.11793470287380914,1.4404184691876607,-0.024443109684224806,0.12347214370878823,1.476147799073752,-0.024328852993387606,-0.0055374408349790905,-0.03572932988609123,-0.00011425669083720003,0.1497093023255814,1.7952256902167296
PERSIST_ALL_CONT,KOSPI_ALL,10,BULL_2025,12,0.22601855789823921,2.602193979831591,-0.03934007877211465,0.19042237372146853,2.1353087016045973,-0.04581588063655484,0.035596184176770684,0.4668852782269939,0.006475801864440189,0.11656976744186044,1.5516936563983925
LIQ_ALL_CONT,KOSPI_ALL,10,BULL_2025,12,0.18208872739563042,1.8636327000313784,-0.05594317939648996,0.19042237372146853,2.1353087016045973,-0.04581588063655484,-0.008333646325838107,-0.2716760015732189,-0.010127298759935122,0.14186046511627906,1.9785446091562158
COMBINED_ALL_CONT,KOSPI_ALL,10,BULL_2025,12,0.21078358860357915,2.2304716626328744,-0.04907809826402998,0.19042237372146853,2.1353087016045973,-0.04581588063655484,0.020361214882110623,0.09516296102827715,-0.003262217627475139,0.1366763565891473,1.8574795484293194
PERSIST_ALL_CONT,KOSPI_EX_K200,10,BULL_2025,12,0.14103111813710245,1.9915279923370288,-0.022654930573495546,0.11789481425423265,1.9141659111911096,-0.02180019878037376,0.023136303882869802,0.07736208114591925,-0.0008547317931217879,0.0925925925925926,1.4768205337690632
LIQ_ALL_CONT,KOSPI_EX_K200,10,BULL_2025,12,0.10985288404644122,1.776647048482355,-0.018950716741627405,0.11789481425423265,1.9141659111911096,-0.02180019878037376,-0.008041930207791426,-0.13751886270875446,0.0028494820387463538,0.11121399176954731,1.4723175381263616
COMBINED_ALL_CONT,KOSPI_EX_K200,10,BULL_2025,12,0.13243393938201464,1.9260603134454675,-0.019913066179384487,0.11789481425423265,1.9141659111911096,-0.02180019878037376,0.014539125127781993,0.011894402254357894,0.001887132600989272,0.12001028806584363,1.6685491557734202
PERSIST_ALL_CONT,KOSPI_KOSDAQ_ALL,10,BULL_2025,12,0.18748729253418817,2.158808226934237,-0.03504232688959308,0.1745871114015647,2.0228076610380294,-0.03545141869612045,0.012900181132623478,0.13600056589620735,0.000409091806527373,0.07916666666666666,1.2416061427005964
LIQ_ALL_CONT,KOSPI_KOSDAQ_ALL,10,BULL_2025,12,0.15046228990183375,1.6757421333977944,-0.045327725567494204,0.1745871114015647,2.0228076610380294,-0.03545141869612045,-0.024124821499730942,-0.347065527640235,-0.009876306871373752,0.13624031007751938,1.796996758188238
COMBINED_ALL_CONT,KOSPI_KOSDAQ_ALL,10,BULL_2025,12,0.16112957334960543,1.8058427769180294,-0.043100803014122224,0.1745871114015647,2.0228076610380294,-0.03545141869612045,-0.013457538051959261,-0.21696488412000003,-0.007649384318001773,0.15484496124031005,1.8496645561914036
PERSIST_ALL_CONT,K200,10,YTD_2026,4,0.5361285008302359,4.30628509662544,0.0,0.44758800968263035,3.218589932676514,0.0,0.08854049114760554,1.087695163948926,0.0,0.19441544885177453,2.5896064050589893
LIQ_ALL_CONT,K200,10,YTD_2026,4,0.5344092476587381,4.252869667760794,0.0,0.44758800968263035,3.218589932676514,0.0,0.08682123797610775,1.0342797350842798,0.0,0.16440501043841335,2.4674764225372625
COMBINED_ALL_CONT,K200,10,YTD_2026,4,0.5546858136341974,4.56759848565645,0.0,0.44758800968263035,3.218589932676514,0.0,0.1070978039515671,1.3490085529799365,0.0,0.15853340292275575,2.3224329696072243
PERSIST_ALL_CONT,KOSDAQ,10,YTD_2026,4,0.38487939994677056,2.919479993306981,-0.009413775369480737,0.35271358515920936,2.8047603829741363,-0.01114308345845183,0.0321658147875612,0.11471961033284472,0.0017293080889710932,0.13596033402922755,2.285648304364713
LIQ_ALL_CONT,KOSDAQ,10,YTD_2026,4,0.3112148178213474,2.717971473640638,-0.011971549913552093,0.35271358515920936,2.8047603829741363,-0.01114308345845183,-0.04149876733786195,-0.08678890933349814,-0.000828466455100263,0.08115866388308977,1.1315404245763951
COMBINED_ALL_CONT,KOSDAQ,10,YTD_2026,4,0.3401554267967337,2.8449257174063027,-0.01032674482923901,0.35271358515920936,2.8047603829741363,-0.01114308345845183,-0.012558158362475647,0.04016533443216641,0.0008163386292128205,0.08298538622129435,1.3950682745059961
PERSIST_ALL_CONT,KOSDAQ_PLUS_KOSPI_EX_K200,10,YTD_2026,4,0.26940859557432795,3.0047175248781786,-0.00845615102652375,0.2828730582623422,2.96081382296115,-0.008290406828556196,-0.013464462688014267,0.04390370191702875,-0.00016574419796755446,0.0746346555323591,1.1865644875467305
LIQ_ALL_CONT,KOSDAQ_PLUS_KOSPI_EX_K200,10,YTD_2026,4,0.27381816057747965,3.041971247198587,-0.008397216821731335,0.2828730582623422,2.96081382296115,-0.008290406828556196,-0.009054897684862562,0.08115742423743733,-0.00010680999317513873,0.1137787056367432,1.6814570234742925
COMBINED_ALL_CONT,KOSDAQ_PLUS_KOSPI_EX_K200,10,YTD_2026,4,0.2637710553570731,3.0713275440064796,-0.00834840637347789,0.2828730582623422,2.96081382296115,-0.008290406828556196,-0.01910200290526909,0.11051372104532975,-5.7999544921694124e-05,0.08703027139874739,1.2547041513934067
PERSIST_ALL_CONT,KOSPI_ALL,10,YTD_2026,4,0.35514461811557596,2.9858632172755217,0.0,0.3373222096968975,2.5834806921651743,-0.0010997618702287548,0.017822408418678437,0.40238252511034744,0.0010997618702287548,0.11769311064718163,2.0738688431567702
LIQ_ALL_CONT,KOSPI_ALL,10,YTD_2026,4,0.36186998095418765,3.420326876819926,0.0,0.3373222096968975,2.5834806921651743,-0.0010997618702287548,0.02454777125729013,0.8368461846547519,0.0010997618702287548,0.20015657620041755,2.4099251104529786
COMBINED_ALL_CONT,KOSPI_ALL,10,YTD_2026,4,0.36500603394982445,3.4715260176005973,0.0,0.3373222096968975,2.5834806921651743,-0.0010997618702287548,0.027683824252926925,0.888045325435423,0.0010997618702287548,0.21450939457202506,2.786672095754236
PERSIST_ALL_CONT,KOSPI_EX_K200,10,YTD_2026,4,0.058906668109210525,0.5563437255396125,-0.03878272773186486,0.09628607605010986,0.8131294328196278,-0.03853855760883207,-0.037379407940899334,-0.25678570728001526,-0.0002441701230327942,0.10848017621145375,1.6697338472834067
LIQ_ALL_CONT,KOSPI_EX_K200,10,YTD_2026,4,0.04566815285095083,0.4868476911837859,-0.036595668710875495,0.09628607605010986,0.8131294328196278,-0.03853855760883207,-0.05061792319915903,-0.3262817416358419,0.001942888897956574,0.20457048458149782,2.1963313754282914
COMBINED_ALL_CONT,KOSPI_EX_K200,10,YTD_2026,4,0.04349372976226795,0.46425328107637914,-0.03698075167925763,0.09628607605010986,0.8131294328196278,-0.03853855760883207,-0.05279234628784191,-0.34887615174324865,0.0015578059295744406,0.19534691629955947,2.1697601566324036
PERSIST_ALL_CONT,KOSPI_KOSDAQ_ALL,10,YTD_2026,4,0.3926913727152197,3.9807376730694557,-0.0007567734891786859,0.3575104971599006,3.6521409812900503,-0.0002378172667306666,0.035180875555319124,0.3285966917794054,-0.0005189562224480193,0.12291231732776617,2.0050490969558674
LIQ_ALL_CONT,KOSPI_KOSDAQ_ALL,10,YTD_2026,4,0.43812209179408645,3.631510887803224,-5.738180283676453e-05,0.3575104971599006,3.6521409812900503,-0.0002378172667306666,0.08061159463418588,-0.02063009348682643,0.00018043546389390208,0.15709812108559498,1.6920315155119676
COMBINED_ALL_CONT,KOSPI_KOSDAQ_ALL,10,YTD_2026,4,0.4472685842411659,3.856839471506058,-0.0004121525994085218,0.3575104971599006,3.6521409812900503,-0.0002378172667306666,0.08975808708126531,0.20469849021600783,-0.00017433533267785517,0.13948329853862212,1.8094205163373303
PERSIST_ALL_CONT,K200,30,DEV_2020_2022,38,0.07229376898068263,1.0033507248868276,-0.04920942137303752,0.06827132347523568,0.9215249775433709,-0.06132276546491944,0.004022445505446948,0.08182574734345671,0.012113344091881917,0.14615317189106716,2.0631617486928717
LIQ_ALL_CONT,K200,30,DEV_2020_2022,38,0.06267718084345342,0.8586325566111547,-0.056017892930635305,0.06827132347523568,0.9215249775433709,-0.06132276546491944,-0.005594142631782262,-0.06289242093221625,0.005304872534284133,0.10807203685308699,1.6464519502115729
COMBINED_ALL_CONT,K200,30,DEV_2020_2022,38,0.06984894390145091,0.9825656371772552,-0.04954487600934854,0.06827132347523568,0.9215249775433709,-0.06132276546491944,0.0015776204262152316,0.061040659633884276,0.0117778894555709,0.10484923354679604,1.6126887136146892
PERSIST_ALL_CONT,KOSDAQ,30,DEV_2020_2022,38,0.049001343634925254,0.8317789676520486,-0.07192634770022643,0.041450262265989135,0.6867871598105947,-0.10032032873074759,0.007551081368936119,0.14499180784145393,0.028393981030521154,0.14737347305613105,2.1202188057659805
LIQ_ALL_CONT,KOSDAQ,30,DEV_2020_2022,38,0.035442430042119444,0.5751461747290342,-0.1123271989607556,0.041450262265989135,0.6867871598105947,-0.10032032873074759,-0.006007832223869691,-0.1116409850815605,-0.012006870230008015,0.12506186717349804,1.8673213402977378
COMBINED_ALL_CONT,KOSDAQ,30,DEV_2020_2022,38,0.04546858451235636,0.7624819027099322,-0.08697871684759184,0.041450262265989135,0.6867871598105947,-0.10032032873074759,0.004018322246367223,0.07569474289933753,0.013341611883155746,0.1302803414449435,1.9614563473951199
PERSIST_ALL_CONT,KOSDAQ_PLUS_KOSPI_EX_K200,30,DEV_2020_2022,38,0.06024360374709059,0.9366177007230189,-0.0827197795343445,0.05981285107347367,0.905060457419607,-0.08721308188926813,0.0004307526736169187,0.03155724330341192,0.004493302354923623,0.14751996215213137,2.0548169814545165
LIQ_ALL_CONT,KOSDAQ_PLUS_KOSPI_EX_K200,30,DEV_2020_2022,38,0.056669886423480476,0.8468561493319493,-0.07847986271724938,0.05981285107347367,0.905060457419607,-0.08721308188926813,-0.0031429646499931962,-0.05820430808765764,0.008733219172018747,0.11802968649864853,1.8425492810717392
COMBINED_ALL_CONT,KOSDAQ_PLUS_KOSPI_EX_K200,30,DEV_2020_2022,38,0.05846321861562642,0.8973738242355424,-0.07992414915885881,0.05981285107347367,0.905060457419607,-0.08721308188926813,-0.0013496324578472496,-0.007686633184064595,0.007288932730409314,0.13533613740260814,2.1109966801650537
PERSIST_ALL_CONT,KOSPI_ALL,30,DEV_2020_2022,38,0.07004497380189512,1.1124288816425147,-0.047173696877841786,0.0673225288250745,1.0918942969137404,-0.04072532130981732,0.002722444976820615,0.02053458472877434,-0.006448375568024467,0.1404943167725065,1.9369815309058211
LIQ_ALL_CONT,KOSPI_ALL,30,DEV_2020_2022,38,0.059989505367014084,0.972467835876452,-0.040280544497752646,0.0673225288250745,1.0918942969137404,-0.04072532130981732,-0.007333023458060417,-0.11942646103728838,0.00044477681206467334,0.13215407062590315,1.8619960744753608
COMBINED_ALL_CONT,KOSPI_ALL,30,DEV_2020_2022,38,0.06671617246393668,1.0840921767902947,-0.039663907469175586,0.0673225288250745,1.0918942969137404,-0.04072532130981732,-0.0006063563611378164,-0.007802120123445722,0.001061413840641734,0.13520183989337023,1.8852983103860237
PERSIST_ALL_CONT,KOSPI_EX_K200,30,DEV_2020_2022,31,0.09856888346226733,1.1252534476518001,-0.06051647950660133,0.08352209351311046,0.9812761219459062,-0.06475484058299597,0.015046789949156869,0.14397732570589394,0.004238361076394637,0.11761943643021117,1.7625845483549099
LIQ_ALL_CONT,KOSPI_EX_K200,30,DEV_2020_2022,31,0.08739908411730002,0.9663072023575499,-0.07502825386624568,0.08352209351311046,0.9812761219459062,-0.06475484058299597,0.0038769906041895563,-0.014968919588356333,-0.01027341328324971,0.12370616087232256,1.931450914879869
COMBINED_ALL_CONT,KOSPI_EX_K200,30,DEV_2020_2022,31,0.09746056177878315,1.094905383144432,-0.0699600764087196,0.08352209351311046,0.9812761219459062,-0.06475484058299597,0.013938468265672688,0.11362926119852579,-0.005205235825723631,0.1234876969693439,1.9847721510173015
PERSIST_ALL_CONT,KOSPI_KOSDAQ_ALL,30,DEV_2020_2022,38,0.07105985593994513,1.1434893933621784,-0.03996774463377306,0.07486327521835778,1.224115206930817,-0.03081420934002399,-0.0038034192784126564,-0.08062581356863863,-0.009153535293749071,0.13378354908705595,1.9035745284246723
LIQ_ALL_CONT,KOSPI_KOSDAQ_ALL,30,DEV_2020_2022,38,0.07391331840761528,1.1724333836969159,-0.03312743382000172,0.07486327521835778,1.224115206930817,-0.03081420934002399,-0.0009499568107425027,-0.051681823233901136,-0.002313224479977727,0.1313634446045743,1.9320776354780946
COMBINED_ALL_CONT,KOSPI_KOSDAQ_ALL,30,DEV_2020_2022,38,0.07242070420148061,1.1988417339769086,-0.037869959423065036,0.07486327521835778,1.224115206930817,-0.03081420934002399,-0.002442571016877171,-0.02527347295390836,-0.007055750083041046,0.1285991075922628,1.9362745816890565
PERSIST_ALL_CONT,K200,30,CONFIRM_2023_2024,24,0.10288751146959862,1.4427235584343394,-0.030804878619155596,0.10812552676521658,1.4845132388569693,-0.03179925204880618,-0.005238015295617959,-0.04178968042262987,0.0009943734296505857,0.11964582383430551,1.7158373641671432
LIQ_ALL_CONT,K200,30,CONFIRM_2023_2024,24,0.10392793894951269,1.372735814897959,-0.05060300844788157,0.10812552676521658,1.4845132388569693,-0.03179925204880618,-0.004197587815703896,-0.11177742395901036,-0.01880375639907539,0.1341842496947209,1.85411792118488
COMBINED_ALL_CONT,K200,30,CONFIRM_2023_2024,24,0.10266572297073417,1.3954113424883388,-0.045179615688729524,0.10812552676521658,1.4845132388569693,-0.03179925204880618,-0.00545980379448241,-0.08910189636863053,-0.013380363639923343,0.11797374927283304,1.7789316097393066
PERSIST_ALL_CONT,KOSDAQ,30,CONFIRM_2023_2024,24,0.06108178122507257,0.8161005669350933,-0.0615086973375244,0.038296597531923826,0.5408009048568467,-0.06656891878182603,0.022785183693148747,0.2752996620782465,0.005060221444301627,0.12325512685460328,1.7410222602205327
LIQ_ALL_CONT,KOSDAQ,30,CONFIRM_2023_2024,24,0.05572113711855664,0.7070783978514864,-0.07121901588181012,0.038296597531923826,0.5408009048568467,-0.06656891878182603,0.017424539586632815,0.16627749299463968,-0.004650097099984096,0.126520335780807,1.7494593351601606
COMBINED_ALL_CONT,KOSDAQ,30,CONFIRM_2023_2024,24,0.06611428268085562,0.8349240168135258,-0.06516041872668976,0.038296597531923826,0.5408009048568467,-0.06656891878182603,0.027817685148931792,0.29412311195667906,0.0014085000551362636,0.11101047054908313,1.6252472359408925
PERSIST_ALL_CONT,KOSDAQ_PLUS_KOSPI_EX_K200,30,CONFIRM_2023_2024,24,0.04960002231273797,0.7899181404130581,-0.06755177898083842,0.047218133811595786,0.751958283399789,-0.07377209570159937,0.002381888501142182,0.037959857013269094,0.006220316720760954,0.13481053042571367,1.856696225498272
LIQ_ALL_CONT,KOSDAQ_PLUS_KOSPI_EX_K200,30,CONFIRM_2023_2024,24,0.06137841580782144,0.9498074488870437,-0.0656024354393604,0.047218133811595786,0.751958283399789,-0.07377209570159937,0.014160281996225654,0.19784916548725473,0.008169660262238976,0.08978956050291127,1.2123106957877345
COMBINED_ALL_CONT,KOSDAQ_PLUS_KOSPI_EX_K200,30,CONFIRM_2023_2024,24,0.05832344487064689,0.9095510548845966,-0.061531081550386335,0.047218133811595786,0.751958283399789,-0.07377209570159937,0.011105311059051104,0.15759277148480766,0.012241014151213037,0.11153406351377555,1.6129608424499695
PERSIST_ALL_CONT,KOSPI_ALL,30,CONFIRM_2023_2024,24,0.08113482508393322,1.2061321197299644,-0.045816420287760895,0.08517826364566328,1.2527517412988858,-0.04634863422223201,-0.004043438561730062,-0.04661962156892141,0.0005322139344711152,0.117036539156958,1.5737107261612433
LIQ_ALL_CONT,KOSPI_ALL,30,CONFIRM_2023_2024,24,0.08673726619410127,1.2843573573620741,-0.054029096038076374,0.08517826364566328,1.2527517412988858,-0.04634863422223201,0.0015590025484379932,0.031605616063188346,-0.007680461815844364,0.1052343246387749,1.5370853502476631
COMBINED_ALL_CONT,KOSPI_ALL,30,CONFIRM_2023_2024,24,0.08395693757634115,1.2745537705258287,-0.04907530975219654,0.08517826364566328,1.2527517412988858,-0.04634863422223201,-0.0012213260693221262,0.021802029226942965,-0.0027266755299645284,0.1207090598451855,1.5845546790896796
PERSIST_ALL_CONT,KOSPI_EX_K200,30,CONFIRM_2023_2024,25,0.031640848736029126,0.3704239689508902,-0.08514992291455004,0.04150157101952545,0.49129305351427915,-0.07632756727463941,-0.009860722283496326,-0.12086908456338896,-0.008822355639910628,0.132987012987013,1.6810768250217636
LIQ_ALL_CONT,KOSPI_EX_K200,30,CONFIRM_2023_2024,25,0.03437184608885602,0.41802473035473586,-0.07180070306314545,0.04150157101952545,0.49129305351427915,-0.07632756727463941,-0.007129724930669434,-0.07326832315954329,0.004526864211493953,0.11807231983702574,1.627424682875264
COMBINED_ALL_CONT,KOSPI_EX_K200,30,CONFIRM_2023_2024,25,0.032038179643580245,0.38076312067928386,-0.07818338101738687,0.04150157101952545,0.49129305351427915,-0.07632756727463941,-0.009463391375945207,-0.11052993283499529,-0.0018558137427474586,0.11057104660045837,1.5464300460141776
PERSIST_ALL_CONT,KOSPI_KOSDAQ_ALL,30,CONFIRM_2023_2024,24,0.07050030570785815,1.117599945279189,-0.05210228852063359,0.08586290337055691,1.3362574655534307,-0.05492402082378045,-0.015362597662698763,-0.2186575202742418,0.002821732303146862,0.13903743403088953,1.7889082006369956
LIQ_ALL_CONT,KOSPI_KOSDAQ_ALL,30,CONFIRM_2023_2024,24,0.08565939368724607,1.2565974347380804,-0.06330256619534769,0.08586290337055691,1.3362574655534307,-0.05492402082378045,-0.00020350968331084296,-0.07966003081535034,-0.008378545371567236,0.10658171260265499,1.5378742273495165
COMBINED_ALL_CONT,KOSPI_KOSDAQ_ALL,30,CONFIRM_2023_2024,24,0.07242327514497848,1.1138567375462904,-0.05513164838824114,0.08586290337055691,1.3362574655534307,-0.05492402082378045,-0.013439628225578426,-0.22240072800714028,-0.00020762756446068842,0.10968764903647103,1.4335337410173246
PERSIST_ALL_CONT,K200,30,BULL_2025,12,0.2701337540565787,2.0876315691468608,-0.06105924428168941,0.24428861752413122,1.99165182428855,-0.06198041966511103,0.025845136532447466,0.09597974485831084,0.0009211753834216241,0.12073643410852714,1.6944625897966639
LIQ_ALL_CONT,K200,30,BULL_2025,12,0.2454613662120504,2.002935346825526,-0.06780392158758819,0.24428861752413122,1.99165182428855,-0.06198041966511103,0.0011727486879191673,0.011283522536976065,-0.005823501922477159,0.13546511627906976,1.917770569523925
COMBINED_ALL_CONT,K200,30,BULL_2025,12,0.2670135457305127,2.092771630031507,-0.06575691602199618,0.24428861752413122,1.99165182428855,-0.06198041966511103,0.0227249282063815,0.10111980574295698,-0.0037764963568851506,0.1440891472868217,1.82677531048338
PERSIST_ALL_CONT,KOSDAQ,30,BULL_2025,12,0.09180292308364768,0.976900786962078,-0.04863924859083424,0.11958291186537218,1.2571306378429388,-0.04204034533001999,-0.027779988781724496,-0.2802298508808607,-0.006598903260814248,0.12422480620155037,1.5601203123097527
LIQ_ALL_CONT,KOSDAQ,30,BULL_2025,12,0.12721272537171813,1.3740764708689939,-0.039492355367495624,0.11958291186537218,1.2571306378429388,-0.04204034533001999,0.0076298135063459505,0.1169458330260551,0.0025479899625243663,0.12122093023255816,1.648568237854621
COMBINED_ALL_CONT,KOSDAQ,30,BULL_2025,12,0.10732647303010068,1.177303561364045,-0.04422544173987197,0.11958291186537218,1.2571306378429388,-0.04204034533001999,-0.0122564388352715,-0.07982707647889375,-0.002185096409851983,0.15358527131782948,1.7193422394374773
PERSIST_ALL_CONT,KOSDAQ_PLUS_KOSPI_EX_K200,30,BULL_2025,12,0.1165232348436136,1.4130272269201134,-0.024166305640297536,0.12347214370878823,1.476147799073752,-0.024328852993387606,-0.00694890886517463,-0.06312057215363853,0.00016254735309007007,0.1359496124031008,1.7918917037014486
LIQ_ALL_CONT,KOSDAQ_PLUS_KOSPI_EX_K200,30,BULL_2025,12,0.11659782954967524,1.4045858310405124,-0.02498055638754504,0.12347214370878823,1.476147799073752,-0.024328852993387606,-0.006874314159112993,-0.07156196803323955,-0.0006517033941574324,0.13972868217054263,1.915869657859491
COMBINED_ALL_CONT,KOSDAQ_PLUS_KOSPI_EX_K200,30,BULL_2025,12,0.11395149388225878,1.3931142219992418,-0.025015567349213952,0.12347214370878823,1.476147799073752,-0.024328852993387606,-0.009520649826529448,-0.08303357707451009,-0.0006867143558263455,0.1497093023255814,1.7952256902167296
PERSIST_ALL_CONT,KOSPI_ALL,30,BULL_2025,12,0.22226243703891102,2.5574534473536494,-0.03969414853955655,0.19042237372146853,2.1353087016045973,-0.04581588063655484,0.03184006331744249,0.42214474574905214,0.006121732096998289,0.11656976744186044,1.5516936563983925
LIQ_ALL_CONT,KOSPI_ALL,30,BULL_2025,12,0.17749909582478374,1.824724629843348,-0.05615713288486235,0.19042237372146853,2.1353087016045973,-0.04581588063655484,-0.012923277896684793,-0.31058407176124936,-0.010341252248307509,0.14186046511627906,1.9785446091562158
COMBINED_ALL_CONT,KOSPI_ALL,30,BULL_2025,12,0.2063534417140338,2.1866620527358562,-0.04936036570589042,0.19042237372146853,2.1353087016045973,-0.04581588063655484,0.015931067992565273,0.05135335113125894,-0.003544485069335579,0.1366763565891473,1.8574795484293194
PERSIST_ALL_CONT,KOSPI_EX_K200,30,BULL_2025,12,0.13770509782710905,1.9500556738030954,-0.023516782443068096,0.11789481425423265,1.9141659111911096,-0.02180019878037376,0.019810283572876397,0.03588976261198584,-0.0017165836626943376,0.0925925925925926,1.4768205337690632
LIQ_ALL_CONT,KOSPI_EX_K200,30,BULL_2025,12,0.10660797078895867,1.7237466776362296,-0.019610109417856236,0.11789481425423265,1.9141659111911096,-0.02180019878037376,-0.011286843465273977,-0.19041923355488,0.002190089362517522,0.11121399176954731,1.4723175381263616
COMBINED_ALL_CONT,KOSPI_EX_K200,30,BULL_2025,12,0.12869113665683374,1.8729030485808738,-0.020789015949845502,0.11789481425423265,1.9141659111911096,-0.02180019878037376,0.010796322402601088,-0.04126286261023582,0.0010111828305282566,0.12001028806584363,1.6685491557734202
PERSIST_ALL_CONT,KOSPI_KOSDAQ_ALL,30,BULL_2025,12,0.1845646792299125,2.1234090248542006,-0.03523651293610475,0.1745871114015647,2.0228076610380294,-0.03545141869612045,0.0099775678283478,0.10060136381617113,0.0002149057600157045,0.07916666666666666,1.2416061427005964
LIQ_ALL_CONT,KOSPI_KOSDAQ_ALL,30,BULL_2025,12,0.14637430548078156,1.633048954362028,-0.045642841846563864,0.1745871114015647,2.0228076610380294,-0.03545141869612045,-0.028212805920783124,-0.38975870667600154,-0.010191423150443413,0.13624031007751938,1.796996758188238
COMBINED_ALL_CONT,KOSPI_KOSDAQ_ALL,30,BULL_2025,12,0.1568725653898495,1.7580547723543154,-0.04341650068854086,0.1745871114015647,2.0228076610380294,-0.03545141869612045,-0.017714546011715182,-0.26475288868371405,-0.007965081992420409,0.15484496124031005,1.8496645561914036
PERSIST_ALL_CONT,K200,30,YTD_2026,4,0.5284290515978527,4.2457096967081585,0.0,0.44758800968263035,3.218589932676514,0.0,0.08084104191522234,1.0271197640316445,0.0,0.19441544885177453,2.5896064050589893
LIQ_ALL_CONT,K200,30,YTD_2026,4,0.5271253957807234,4.2132502731413055,0.0,0.44758800968263035,3.218589932676514,0.0,0.07953738609809302,0.9946603404647916,0.0,0.16440501043841335,2.4674764225372625
COMBINED_ALL_CONT,K200,30,YTD_2026,4,0.5477024374373958,4.510684973699907,0.0,0.44758800968263035,3.218589932676514,0.0,0.10011442775476542,1.292095041023393,0.0,0.15853340292275575,2.3224329696072243
PERSIST_ALL_CONT,KOSDAQ,30,YTD_2026,4,0.3787203476670442,2.879564749707814,-0.00976137453440784,0.35271358515920936,2.8047603829741363,-0.01114308345845183,0.026006762507834846,0.07480436673367752,0.0013817089240439895,0.13596033402922755,2.285648304364713
LIQ_ALL_CONT,KOSDAQ,30,YTD_2026,4,0.3083142306866362,2.6962584946123362,-0.01213986932900113,0.35271358515920936,2.8047603829741363,-0.01114308345845183,-0.04439935447257315,-0.10850188836180008,-0.0009967858705492993,0.08115866388308977,1.1315404245763951
COMBINED_ALL_CONT,KOSDAQ,30,YTD_2026,4,0.3364944428419865,2.8154407368859724,-0.0104679243699487,0.35271358515920936,2.8047603829741363,-0.01114308345845183,-0.01621914231722288,0.010680353911836082,0.00067515908850313,0.08298538622129435,1.3950682745059961
PERSIST_ALL_CONT,KOSDAQ_PLUS_KOSPI_EX_K200,30,YTD_2026,4,0.2664548061075307,2.97558482653717,-0.008782351444060255,0.2828730582623422,2.96081382296115,-0.008290406828556196,-0.01641825215481152,0.014771003576020014,-0.0004919446155040585,0.0746346555323591,1.1865644875467305
LIQ_ALL_CONT,KOSDAQ_PLUS_KOSPI_EX_K200,30,YTD_2026,4,0.2696196967314912,2.999511912840566,-0.008614857740311788,0.2828730582623422,2.96081382296115,-0.008290406828556196,-0.013253361530850993,0.03869808987941603,-0.0003244509117555916,0.1137787056367432,1.6814570234742925
COMBINED_ALL_CONT,KOSDAQ_PLUS_KOSPI_EX_K200,30,YTD_2026,4,0.26066788925916695,3.04264867539509,-0.008463228920451038,0.2828730582623422,2.96081382296115,-0.008290406828556196,-0.022205169003175262,0.08183485243394006,-0.000172822091894842,0.08703027139874739,1.2547041513934067
PERSIST_ALL_CONT,KOSPI_ALL,30,YTD_2026,4,0.34963151693849204,2.9360290985949016,0.0,0.3373222096968975,2.5834806921651743,-0.0010997618702287548,0.012309307241594514,0.3525484064297273,0.0010997618702287548,0.11769311064718163,2.0738688431567702
LIQ_ALL_CONT,KOSPI_ALL,30,YTD_2026,4,0.3555113111671766,3.382516623866503,0.0,0.3373222096968975,2.5834806921651743,-0.0010997618702287548,0.01818910147027908,0.7990359317013289,0.0010997618702287548,0.20015657620041755,2.4099251104529786
COMBINED_ALL_CONT,KOSPI_ALL,30,YTD_2026,4,0.3576117756559878,3.4154418236022575,0.0,0.3373222096968975,2.5834806921651743,-0.0010997618702287548,0.02028956595909026,0.8319611314370832,0.0010997618702287548,0.21450939457202506,2.786672095754236
PERSIST_ALL_CONT,KOSPI_EX_K200,30,YTD_2026,4,0.0553820333805477,0.5258750739447715,-0.03930342334907311,0.09628607605010986,0.8131294328196278,-0.03853855760883207,-0.04090404266956216,-0.2872543588748563,-0.0007648657402410386,0.10848017621145375,1.6697338472834067
LIQ_ALL_CONT,KOSPI_EX_K200,30,YTD_2026,4,0.04110919353606857,0.4432710713153016,-0.03725755937863606,0.09628607605010986,0.8131294328196278,-0.03853855760883207,-0.05517688251404129,-0.3698583615043262,0.0012809982301960066,0.20457048458149782,2.1963313754282914
COMBINED_ALL_CONT,KOSPI_EX_K200,30,YTD_2026,4,0.03899771329229296,0.4213037845142198,-0.03762744677412111,0.09628607605010986,0.8131294328196278,-0.03853855760883207,-0.0572883627578169,-0.391825648305408,0.0009111108347109598,0.19534691629955947,2.1697601566324036
PERSIST_ALL_CONT,KOSPI_KOSDAQ_ALL,30,YTD_2026,4,0.38725494890631174,3.9307482009919372,-0.0011137672261306575,0.3575104971599006,3.6521409812900503,-0.0002378172667306666,0.02974445174641116,0.27860721970188695,-0.0008759499593999909,0.12291231732776617,2.0050490969558674
LIQ_ALL_CONT,KOSPI_KOSDAQ_ALL,30,YTD_2026,4,0.43342302375518127,3.606834257491914,-0.00037053420367172407,0.3575104971599006,3.6521409812900503,-0.0002378172667306666,0.0759125265952807,-0.04530672379813616,-0.00013271693694105746,0.15709812108559498,1.6920315155119676
COMBINED_ALL_CONT,KOSPI_KOSDAQ_ALL,30,YTD_2026,4,0.44219056421482494,3.820321653484826,-0.0006694594887611816,0.3575104971599006,3.6521409812900503,-0.0002378172667306666,0.08468006705492437,0.16818067219477584,-0.00043164222203051494,0.13948329853862212,1.8094205163373303
