universe,base_state,period,n_high,n_low,base_distance_z,factor_distance_z,MKT_FWD_5D_high,MKT_FWD_5D_low,MKT_FWD_5D_diff,MKT_FWD_20D_high,MKT_FWD_20D_low,MKT_FWD_20D_diff,MKT_FWD_DD20_high,MKT_FWD_DD20_low,MKT_FWD_DD20_diff,MKT_FWD_VOL20_high,MKT_FWD_VOL20_low,MKT_FWD_VOL20_diff,NEXT_BASE_UP_high,NEXT_BASE_UP_low,NEXT_BASE_UP_diff,NEXT_BASE_DOWN_high,NEXT_BASE_DOWN_low,NEXT_BASE_DOWN_diff,NEXT_BASE_SAME_high,NEXT_BASE_SAME_low,NEXT_BASE_SAME_diff
K200,B2,TRAIN_2016_2022,24,73,1.2023560515825584,2.9287626263376763,0.0005422556623597207,-0.0018504094025441156,0.002392665064903836,0.0001425188683713708,0.005971146596544636,-0.005828627728173265,-0.03529787238607314,-0.03364186180825138,-0.001656010577821762,0.17137141142050094,0.1717794930594417,-0.000408081638940766,0.2916666666666667,0.1917808219178082,0.09988584474885848,0.0,0.0136986301369863,-0.0136986301369863,0.7083333333333334,0.7945205479452054,-0.08618721461187207
K200,B3,TRAIN_2016_2022,51,86,0.9017996520335944,2.7032659218058144,-7.001032990547421e-05,-0.0009171569222758662,0.0008471465923703919,0.004990106186969569,-0.0071242223383317545,0.012114328525301324,-0.02544450966035049,-0.03474499141629079,0.0093004817559403,0.13753147310892808,0.1392247589316335,-0.0016932858227054204,0.13725490196078433,0.23255813953488372,-0.09530323757409939,0.058823529411764705,0.18604651162790697,-0.12722298221614226,0.803921568627451,0.5813953488372093,0.22252621979024167
K200,B3,NORMAL_2023_2024,16,29,0.8803624819849036,2.490568848830853,0.002040946502162313,0.001114067850841162,0.0009268786513211512,-0.0015302339305760916,0.012473318684282371,-0.014003552614858462,-0.03921625586429066,-0.02311228404324268,-0.016103971821047978,0.1863770196043995,0.15518838799751633,0.031188631606883177,0.375,0.20689655172413793,0.16810344827586207,0.0625,0.13793103448275862,-0.07543103448275862,0.5625,0.6551724137931034,-0.09267241379310343
K200,B3,STRONG_2025,10,8,1.9960654907382664,3.2614215887819404,0.012938489724979218,0.009060273376838375,0.003878216348140843,0.03231449077278424,0.07074602281063125,-0.03843153203784701,-0.037244201611089225,-0.035675223053206716,-0.0015689785578825097,0.22843020517354526,0.2126147755200605,0.01581542965348476,0.4,0.25,0.15000000000000002,0.0,0.125,-0.125,0.6,0.625,-0.025000000000000022
K200,B4,TRAIN_2016_2022,26,68,0.8769469928148867,2.7157828706672817,0.004796491744632995,0.0033091376864317163,0.0014873540582012786,0.0030969066460011497,0.00892852201063446,-0.00583161536463331,-0.03051963500926741,-0.022798661519280967,-0.007720973489986443,0.18243455116691243,0.1372814528748123,0.045153098292100124,0.0,0.0,0.0,0.2692307692307692,0.3382352941176471,-0.06900452488687786,0.7307692307692307,0.6617647058823529,0.0690045248868778
K200,B4,NORMAL_2023_2024,10,15,0.35754907246986944,2.6006111769184588,-0.00110836630728374,-0.002791793050449133,0.001683426743165393,0.0036706494758942305,-0.019157806867950482,0.022828456343844714,-0.03474827494251559,-0.037917908161151655,0.0031696332186360657,0.16854246778240808,0.15023458675479662,0.018307881027611467,0.0,0.0,0.0,0.5,0.5333333333333333,-0.033333333333333326,0.5,0.4666666666666667,0.033333333333333326
KOSDAQ,B3,TRAIN_2016_2022,68,77,0.9694014309159047,2.5893023525989936,0.0014652096997235366,-0.004260679578208433,0.00572588927793197,-0.004356437647625122,-0.00399730293907216,-0.0003591347085529625,-0.044656312137477616,-0.04995501934772687,0.005298707210249255,0.19392302025038657,0.19685183908734483,-0.0029288188369582524,0.25,0.14285714285714285,0.10714285714285715,0.07352941176470588,0.12987012987012986,-0.05634071810542397,0.6764705882352942,0.7272727272727273,-0.050802139037433136
KOSDAQ,B3,NORMAL_2023_2024,20,31,1.1042917962922074,2.601248500244985,0.0024678158407145,0.0007884248604397255,0.0016793909802747748,0.011774301344931872,-0.00666562280469596,0.018439924149627834,-0.03167787504748977,-0.05544455338881272,0.02376667834132295,0.17402129131708252,0.2445034139026142,-0.07048212258553169,0.2,0.12903225806451613,0.07096774193548389,0.0,0.0967741935483871,-0.0967741935483871,0.8,0.7741935483870968,0.02580645161290329
KOSDAQ,B3,STRONG_2025,16,9,0.7233742514057732,2.0695579427388195,0.008604078977964818,-0.003707031297289401,0.012311110275254219,0.02492516927392205,0.0162107694381666,0.008714399835755449,-0.025615989693410855,-0.05110646215775705,0.025490472464346194,0.1803927286005583,0.2525263392213277,-0.07213361062076942,0.3125,0.2222222222222222,0.09027777777777779,0.0,0.1111111111111111,-0.1111111111111111,0.6875,0.6666666666666666,0.02083333333333337
KOSDAQ,B4,TRAIN_2016_2022,48,63,0.3076665529341875,2.2190172469215996,0.00019293001105704562,0.0017145888904700327,-0.001521658879412987,-0.01804109208582915,0.007960093716423146,-0.026001185802252295,-0.05593217630577901,-0.032265152627773984,-0.02366702367800503,0.2204542338870863,0.1758009843918418,0.04465324949524449,0.0,0.0,0.0,0.3333333333333333,0.30158730158730157,0.031746031746031744,0.6666666666666666,0.6984126984126984,-0.031746031746031744
KOSDAQ,B4,NORMAL_2023_2024,10,12,1.4314961927127072,3.7369091454733554,-0.0066180016950943095,0.0011973015007841585,-0.007815303195878469,-0.02117393533550595,-0.00593970876229745,-0.015234226573208502,-0.05494340830286919,-0.03755424339501654,-0.017389164907852646,0.22067070584211104,0.19430621871418877,0.026364487127922276,0.0,0.0,0.0,0.3,0.4166666666666667,-0.1166666666666667,0.7,0.5833333333333334,0.11666666666666659
KOSDAQ,B4,STRONG_2025,11,9,1.2956368393322752,2.845669602635698,0.009834996665844266,0.002072048319609233,0.007762948346235032,0.04269841897696069,0.02411670094066281,0.01858171803629788,-0.012244981081825384,-0.03300833746161506,0.020763356379789676,0.20918002437878844,0.20202220822746292,0.007157816151325519,0.0,0.0,0.0,0.2727272727272727,0.4444444444444444,-0.1717171717171717,0.7272727272727273,0.5555555555555556,0.1717171717171717
KOSDAQ_PLUS_KOSPI_EX_K200,B2,TRAIN_2016_2022,18,48,1.3416468079316164,2.8692812059095822,0.011317624730900533,-0.0032331239233637393,0.014550748654264272,0.03851979355086908,0.005556704882205493,0.03296308866866359,-0.011989241519147976,-0.053509417787902504,0.041520176268754524,0.1531178849499121,0.24826872955947477,-0.09515084460956266,0.2777777777777778,0.125,0.1527777777777778,0.0,0.020833333333333332,-0.020833333333333332,0.7222222222222222,0.8541666666666666,-0.13194444444444442
KOSDAQ_PLUS_KOSPI_EX_K200,B3,TRAIN_2016_2022,67,73,1.022125977586132,2.4323436441028803,-0.0031109076641146457,-0.004017290747047904,0.0009063830829332585,-0.015427900611393992,-0.00567709302625021,-0.009750807585143783,-0.05437597028016134,-0.04341880920523388,-0.01095716107492746,0.18440346850532296,0.17412254697316726,0.010280921532155707,0.29850746268656714,0.136986301369863,0.16152116131670413,0.05970149253731343,0.1095890410958904,-0.04988754855857697,0.6417910447761194,0.7534246575342466,-0.11163361275812722
KOSDAQ_PLUS_KOSPI_EX_K200,B3,NORMAL_2023_2024,24,31,1.1426942909124196,2.9208681385950688,0.00739248337020143,-0.002689666798603978,0.010082150168805409,0.013506704289819961,-0.00510980030700801,0.01861650459682797,-0.027311033698759594,-0.049527096220288495,0.0222160625215289,0.1622897512602039,0.20407055403044222,-0.04178080277023832,0.25,0.0967741935483871,0.1532258064516129,0.0,0.12903225806451613,-0.12903225806451613,0.75,0.7741935483870968,-0.024193548387096753
KOSDAQ_PLUS_KOSPI_EX_K200,B4,TRAIN_2016_2022,63,59,0.7642643224100907,2.376899638295113,0.0013876302494177188,0.005383863787242778,-0.003996233537825059,-0.0010301247543171527,0.008097886062589772,-0.009128010816906925,-0.0376343134326591,-0.026287746378338757,-0.011346567054320342,0.18124603173721934,0.15007949166949314,0.031166540067726206,0.0,0.0,0.0,0.30158730158730157,0.3050847457627119,-0.0034974441754103136,0.6984126984126984,0.6949152542372882,0.0034974441754102026
KOSDAQ_PLUS_KOSPI_EX_K200,B4,NORMAL_2023_2024,9,12,1.415744338567445,3.7902177946143727,-0.007614658112208554,2.5994295114121033e-05,-0.007640652407322675,-0.014759059684733221,-0.005063511680130791,-0.009695548004602431,-0.04755378108106846,-0.034028814942040464,-0.013524966139027997,0.1949116357984678,0.16463500596126265,0.030276629837205138,0.0,0.0,0.0,0.3333333333333333,0.5,-0.16666666666666669,0.6666666666666666,0.5,0.16666666666666663
KOSDAQ_PLUS_KOSPI_EX_K200,B4,STRONG_2025,12,9,1.1358672519834059,4.753998930777959,0.003735798280356601,0.007425094050635388,-0.0036892957702787874,0.04250988448812563,0.023974107696029923,0.018535776792095705,-0.013858186461722773,-0.023918578040079134,0.010060391578356361,0.17301201598737437,0.18952381391626844,-0.016511797928894067,0.0,0.0,0.0,0.3333333333333333,0.3333333333333333,0.0,0.6666666666666666,0.6666666666666666,0.0
KOSPI_ALL,B2,TRAIN_2016_2022,25,68,1.268314939651236,2.9935958802183547,0.000543001755304518,-0.0029907176041553056,0.0035337193594598237,0.0010155888054523238,0.00637401509648796,-0.005358426291035636,-0.029729699953932105,-0.035246521198694106,0.0055168212447620005,0.1545541735383592,0.17395438476346145,-0.019400211225102243,0.28,0.17647058823529413,0.1035294117647059,0.0,0.014705882352941176,-0.014705882352941176,0.72,0.8088235294117647,-0.08882352941176475
KOSPI_ALL,B2,NORMAL_2023_2024,8,16,1.0345874126132444,3.1192839386654385,-0.002924633621998262,0.0016396724856395,-0.004564306107637762,-0.005260448610969562,0.005082949965997331,-0.010343398576966895,-0.04188804225197986,-0.03229628016202831,-0.00959176208995155,0.1898442242909574,0.20443058847670278,-0.014586364185745382,0.25,0.0625,0.1875,0.0,0.0,0.0,0.75,0.9375,-0.1875
KOSPI_ALL,B3,TRAIN_2016_2022,45,91,1.1920975098370759,2.8536129661513,0.0022507238395258204,-0.0003637388486217631,0.0026144626881475837,0.013600623827518397,-0.007573973742038692,0.02117459756955709,-0.024911563149717805,-0.0333871272932063,0.008475564143488497,0.1416623455040161,0.13235334247088235,0.009309003033133756,0.2,0.18681318681318682,0.013186813186813195,0.06666666666666667,0.14285714285714285,-0.07619047619047618,0.7333333333333333,0.6703296703296703,0.063003663003663
KOSPI_ALL,B3,NORMAL_2023_2024,21,31,1.0007788970023541,3.103589035155185,0.003456724548833694,0.0019614698971946224,0.0014952546516390718,0.0017460526513133861,0.014408582714625683,-0.012662530063312296,-0.033590360579401055,-0.023933369457414717,-0.009656991121986338,0.17153897880100233,0.1598776741830091,0.011661304617993223,0.14285714285714285,0.1935483870967742,-0.05069124423963134,0.0,0.12903225806451613,-0.12903225806451613,0.8571428571428571,0.6774193548387096,0.17972350230414746
KOSPI_ALL,B3,STRONG_2025,9,9,1.235800234165119,2.259858096911554,0.010418014463851509,0.001654504446688711,0.008763510017162798,0.03029378195143571,0.03752811699349893,-0.007234335042063219,-0.03208768668436756,-0.04385468624726512,0.011766999562897562,0.20177148188865054,0.23076137328179383,-0.028989891393143286,0.2222222222222222,0.2222222222222222,0.0,0.0,0.1111111111111111,-0.1111111111111111,0.7777777777777778,0.6666666666666666,0.11111111111111116
KOSPI_ALL,B4,TRAIN_2016_2022,44,55,0.5214424298238584,2.6464098047531563,0.003011435377164152,0.0018241712841860732,0.001187264092978079,0.0002761721511841025,0.004293760557979905,-0.004017588406795803,-0.029270231231509656,-0.024486952829203146,-0.0047832784023065095,0.16427395164191907,0.13194942538983093,0.03232452625208815,0.0,0.0,0.0,0.3181818181818182,0.2909090909090909,0.027272727272727282,0.6818181818181818,0.7090909090909091,-0.027272727272727337
KOSPI_ALL,B4,NORMAL_2023_2024,11,10,0.6271541612022632,3.1089827511596533,-0.0029026123843794455,-0.0029134319364944,1.081955211495447e-05,-0.0029221804745788098,-0.02101582125565043,0.018093640781071618,-0.0281218441453206,-0.039334394976727166,0.011212550831406567,0.13541922368186707,0.1407513362566154,-0.005332112574748332,0.0,0.0,0.0,0.36363636363636365,0.5,-0.13636363636363635,0.6363636363636364,0.5,0.13636363636363635
KOSPI_ALL,B4,STRONG_2025,19,8,1.3819676161010286,3.042447427618416,0.011926082350681717,0.029386602351296174,-0.017460520000614457,0.06123388837020151,0.10770736259953821,-0.0464734742293367,-0.01488166901427757,-0.010856888307781552,-0.004024780706496018,0.22456065108257844,0.1777875672991921,0.04677308378338635,0.0,0.0,0.0,0.15789473684210525,0.0,0.15789473684210525,0.8421052631578947,1.0,-0.1578947368421053
KOSPI_EX_K200,B2,TRAIN_2016_2022,38,80,0.612769707033969,2.641245806136186,-0.002840744587049537,-0.003612222607577229,0.0007714780205276919,-0.00997205696009688,-0.024138860700289234,0.014166803740192354,-0.04448859084130924,-0.05321391151336807,0.008725320672058834,0.1550476292068575,0.16987847907856923,-0.014830849871711738,0.23684210526315788,0.1625,0.07434210526315788,0.0,0.0875,-0.0875,0.7631578947368421,0.75,0.013157894736842146
KOSPI_EX_K200,B2,NORMAL_2023_2024,13,21,0.6989032893748875,2.4534023495067454,0.006136833951547122,-0.004261405566725198,0.010398239518272321,0.004957193461354494,0.008498646167667176,-0.0035414527063126816,-0.02757581385661101,-0.04012705461289922,0.01255124075628821,0.14032271893280066,0.18954203121522215,-0.04921931228242149,0.38461538461538464,0.14285714285714285,0.2417582417582418,0.0,0.14285714285714285,-0.14285714285714285,0.6153846153846154,0.7142857142857143,-0.09890109890109888
KOSPI_EX_K200,B3,TRAIN_2016_2022,29,73,0.770407072030796,2.7591279289352624,0.0017775529521003072,0.0037813430155461077,-0.0020037900634458008,0.00035651215044347215,0.004450923506468214,-0.004094411356024742,-0.03228098000787726,-0.025966258428356308,-0.006314721579520954,0.1573453949055468,0.13404258304113367,0.02330281186441313,0.1724137931034483,0.1506849315068493,0.02172886159659898,0.13793103448275862,0.1506849315068493,-0.012753897024090688,0.6896551724137931,0.6986301369863014,-0.008974964572508237
KOSPI_EX_K200,B3,NORMAL_2023_2024,13,18,0.8132120627810253,3.2059984921840674,-0.007222892387430025,0.0024200624202929946,-0.00964295480772302,-0.0054469705416458755,-0.007343550062140079,0.001896579520494203,-0.0348560919090964,-0.03260663917929101,-0.0022494527298053887,0.14562704084397796,0.1461616646532834,-0.0005346238093054401,0.23076923076923078,0.2777777777777778,-0.04700854700854701,0.15384615384615385,0.05555555555555555,0.0982905982905983,0.6153846153846154,0.6666666666666666,-0.05128205128205121
KOSPI_EX_K200,B3,STRONG_2025,8,14,1.7156587142189978,3.7100985947538585,0.004045370868805423,0.003981262469275158,6.4108399530265e-05,0.04260413526608462,0.021501679156660423,0.021102456109424197,-0.021498455607864727,-0.022530311620227027,0.0010318560123622998,0.17626182547122238,0.1610703562237219,0.015191469247500478,0.0,0.21428571428571427,-0.21428571428571427,0.0,0.07142857142857142,-0.07142857142857142,1.0,0.7142857142857143,0.2857142857142857
KOSPI_EX_K200,B4,TRAIN_2016_2022,29,39,1.4292068939976315,2.889924064232163,0.0007121602416309083,0.0011020013452022633,-0.000389841103571355,0.0005554905508937405,0.009450032213640186,-0.008894541662746445,-0.038781499938828734,-0.023592025513404606,-0.015189474425424128,0.17505813385000624,0.13972205041381594,0.035336083436190296,0.0,0.0,0.0,0.1724137931034483,0.4358974358974359,-0.2634836427939876,0.8275862068965517,0.5641025641025641,0.2634836427939876
KOSPI_EX_K200,B4,NORMAL_2023_2024,8,18,1.008588288527291,3.0944304105822025,0.008478753312367426,0.002248263203462183,0.0062304901089052424,0.019616810801044764,0.012550061661496645,0.0070667491395481185,-0.01718224824401341,-0.030703004583991222,0.013520756339977812,0.12898134801339675,0.14694733876184551,-0.017965990748448762,0.0,0.0,0.0,0.5,0.5,0.0,0.5,0.5,0.0
KOSPI_KOSDAQ_ALL,B2,TRAIN_2016_2022,29,56,1.5096311926613615,2.678005799401733,0.002342438014209363,-0.0019736861290268032,0.004316124143236166,0.008884837525272247,0.008119905545315012,0.0007649319799572351,-0.027282914767946816,-0.03679893244851621,0.009516017680569394,0.15434141777556276,0.18581535656219803,-0.031473938786635264,0.27586206896551724,0.17857142857142858,0.09729064039408866,0.0,0.017857142857142856,-0.017857142857142856,0.7241379310344828,0.8035714285714286,-0.07943349753694584
KOSPI_KOSDAQ_ALL,B2,NORMAL_2023_2024,8,16,0.8025456384132709,2.7687863102342694,0.0033819531842013994,-0.0064531568996789804,0.00983511008388038,-0.005179218539750039,-0.0006932738935130946,-0.0044859446462369446,-0.03070365376185694,-0.04628130088667064,0.015577647124813698,0.16595204579840134,0.2268726553636715,-0.06092060956527015,0.125,0.0625,0.0625,0.0,0.0,0.0,0.875,0.9375,-0.0625
KOSPI_KOSDAQ_ALL,B3,TRAIN_2016_2022,57,77,0.9104567282874998,2.466355128455042,0.0011445685606545053,-0.0017439453629477693,0.0028885139236022746,0.004367762913276017,-0.007200883234276694,0.011568646147552712,-0.027912061763997558,-0.03736995127004412,0.00945788950604656,0.14024409427976395,0.13704882279502173,0.003195271484742218,0.19298245614035087,0.24675324675324675,-0.053770790612895886,0.05263157894736842,0.15584415584415584,-0.10321257689678742,0.7543859649122807,0.5974025974025974,0.15698336750968334
KOSPI_KOSDAQ_ALL,B3,NORMAL_2023_2024,26,24,1.5432874354424035,2.8728724490938644,0.002727901487157793,0.0038005708970521054,-0.0010726694098943126,0.0074084190326233305,0.01653694399132667,-0.009128524958703338,-0.02910484291477519,-0.02428796510771924,-0.004816877807055947,0.14896593386795315,0.1728619729796137,-0.02389603911166055,0.19230769230769232,0.125,0.06730769230769232,0.038461538461538464,0.08333333333333333,-0.044871794871794865,0.7692307692307693,0.7916666666666666,-0.022435897435897356
KOSPI_KOSDAQ_ALL,B3,STRONG_2025,11,10,1.0662172853600596,2.1680029719413167,0.0167636387944246,-0.005065559452686821,0.021829198247111423,0.03559992229568357,0.03478745572783708,0.0008124665678464899,-0.03207562188380515,-0.03477053397015798,0.0026949120863528284,0.2042310598104181,0.202388751877245,0.0018423079331730818,0.45454545454545453,0.1,0.3545454545454545,0.0,0.1,-0.1,0.5454545454545454,0.8,-0.25454545454545463
KOSPI_KOSDAQ_ALL,B4,TRAIN_2016_2022,25,84,0.29081035311521825,2.9188252963542345,-0.0016389857246340044,0.0029192680407677768,-0.004558253765401781,-0.0002243010471085638,0.0017451878847822384,-0.001969488931890802,-0.02921333352356367,-0.027169044949290108,-0.002044288574273561,0.15572045395923653,0.14250135660075175,0.013219097358484783,0.0,0.0,0.0,0.28,0.3333333333333333,-0.05333333333333329,0.72,0.6666666666666666,0.053333333333333344
KOSPI_KOSDAQ_ALL,B4,STRONG_2025,10,13,1.6678813433662611,3.452934398151135,0.019512413542585698,0.016045621574685816,0.003466791967899882,0.07171659462631438,0.07329925427993093,-0.00158265965361655,-0.00934260388614053,-0.015729657329290596,0.006387053443150065,0.23390875785169313,0.17920435367222654,0.05470440417946659,0.0,0.0,0.0,0.1,0.3076923076923077,-0.2076923076923077,0.9,0.6923076923076923,0.20769230769230773
