universe,state,sample,n,ret60,liq,abs_confirmed,defensive,leader_strength,fwd5,fwd20,fwd_dd20
K200,BROAD_EXPANSION,TRAIN,19,0.12222777650056879,0.6332561772503414,0.5723684210526315,0.006578947368421052,0.07593665887926804,-0.0016362885710325375,0.007936213350145478,-0.02631147014162867
K200,BROAD_EXPANSION,POST_2023,29,0.2239439536210726,0.6667628498586408,0.5603448275862069,0.0,0.08536775524405456,0.021265718337807236,0.05995631786794187,-0.030355334387576486
K200,BROAD_EXPANSION,NORMAL_2023_2024,5,0.08191901452180153,0.6565011787974789,0.425,0.0,0.07795622459524523,-0.008320579066040895,-0.012607595943344842,-0.03555477408417525
K200,BROAD_WEAKNESS,TRAIN,53,-0.0722101705473348,0.37909706714581587,0.29952830188679247,0.0,0.048302382988131005,0.0019465252518246657,-0.0015691468604652724,-0.028082818308071526
K200,BROAD_WEAKNESS,POST_2023,14,-0.05265903219490964,0.3870430646538014,0.42857142857142855,0.0,0.0514488640442111,0.005889866579901611,0.012522001673045334,-0.03154153073909182
K200,BROAD_WEAKNESS,NORMAL_2023_2024,8,-0.06072474334604312,0.34927967786496456,0.359375,0.0,0.047406694516852296,0.0004772682258383917,-0.02123045634751084,-0.047369691907436826
K200,CONCENTRATED_TREND,TRAIN,20,0.10037683801611559,0.3124961486833261,0.25,0.08125,0.09086824254037904,0.007174978098452323,0.027119439808889513,-0.014779799079332977
K200,CONCENTRATED_TREND,POST_2023,21,0.25761116775628035,0.2393141338826618,0.25,0.24404761904761904,0.12042240162298569,-0.005974344591444197,0.0282828357075739,-0.07691668881927023
K200,CONCENTRATED_TREND,NORMAL_2023_2024,5,0.050247086286910214,0.31335676168163473,0.2,0.175,0.10781332345911751,-0.0038706380246012377,0.024042584470478537,-0.009088531827265966
K200,DEFENSIVE_WEAKNESS,TRAIN,58,-0.08102892159044245,0.40640129263925684,0.021551724137931036,0.4224137931034483,0.04194127392140393,0.0010217769332160997,0.016831045828897946,-0.02984154021837062
K200,DEFENSIVE_WEAKNESS,POST_2023,17,-0.0765212473329548,0.439626869292216,0.08088235294117647,0.4411764705882353,0.07603284405048935,0.005297121399100116,0.012830589109284807,-0.03255859256384443
K200,DEFENSIVE_WEAKNESS,NORMAL_2023_2024,15,-0.07164594311658604,0.44068934633687323,0.09166666666666666,0.43333333333333335,0.0624441734566191,0.0019055687042921156,0.01283058910928481,-0.029910852717268663
K200,MIXED,TRAIN,111,0.005479969429287934,0.408033302974553,0.240990990990991,0.10135135135135136,0.06442806191466771,-0.0007634618557339139,-0.009885665443389865,-0.03904421379014631
K200,MIXED,POST_2023,43,0.0035946088553424887,0.3800401124656452,0.3168604651162791,0.12209302325581395,0.054424901369087245,0.0036544461408486687,0.015949170027377245,-0.02553331956211591
K200,MIXED,NORMAL_2023_2024,36,0.004672839861732818,0.3744134228308914,0.2881944444444444,0.11458333333333333,0.056195455315834614,-8.5540620159139e-05,0.0038821540938175298,-0.03080971640310302
K200,OTHER_UPTREND,TRAIN,69,0.10443680238484583,0.406876351003077,0.3115942028985507,0.043478260869565216,0.04714636277746714,0.0009737749191526763,0.010274684141491451,-0.024047833536619
K200,OTHER_UPTREND,POST_2023,49,0.13894082000150706,0.37476965224075,0.3010204081632653,0.09183673469387756,0.073616700488951,0.007565780527319072,0.033487390444909115,-0.03660718876721211
K200,OTHER_UPTREND,NORMAL_2023_2024,27,0.06321821567957657,0.4021040954173933,0.2824074074074074,0.05092592592592592,0.06976749817771867,0.0037044440831754915,0.0025933913979718855,-0.03086120970417244
KOSDAQ,BROAD_EXPANSION,TRAIN,28,0.10325998061942869,0.4574089048903865,0.48214285714285715,0.008928571428571428,0.07614596989371154,-0.002944694273874393,-0.00838467131955826,-0.05099766853499077
KOSDAQ,BROAD_EXPANSION,POST_2023,24,0.13054682445858357,0.4796469099849416,0.53125,0.0,0.10885877119079113,-0.006174438675649038,0.002214686254777882,-0.0626442933286807
KOSDAQ,BROAD_EXPANSION,NORMAL_2023_2024,6,0.1575458844558056,0.464800621787977,0.4375,0.0,0.17486377144122503,-0.015520853567959764,-0.030465923822000418,-0.061057247864763874
KOSDAQ,BROAD_WEAKNESS,TRAIN,44,-0.085167081381979,0.36331943033514863,0.2840909090909091,0.0,0.08842527075463773,0.0021599178355564703,-0.005104040836020173,-0.03776412354278011
KOSDAQ,BROAD_WEAKNESS,POST_2023,20,-0.07793143800419425,0.3343460294506194,0.26875,0.0,0.04870588437510623,0.004798060418766341,0.009693046072761393,-0.037943964613088514
KOSDAQ,BROAD_WEAKNESS,NORMAL_2023_2024,15,-0.08076421277567883,0.33717933154554897,0.21666666666666667,0.0,0.04305788434114756,-0.0005590300113834314,-0.01074027362427007,-0.04896279587583353
KOSDAQ,CONCENTRATED_TREND,TRAIN,15,0.20433006766176703,0.3527444775917817,0.18333333333333332,0.058333333333333334,0.15889501456514588,-0.002625661038267592,0.032055421101506,-0.024087341436270827
KOSDAQ,CONCENTRATED_TREND,POST_2023,17,0.10458727320799167,0.2618832826645807,0.27205882352941174,0.18382352941176472,0.13304044854852862,0.005551118638768178,0.009352270581461057,-0.038578289460547456
KOSDAQ,CONCENTRATED_TREND,NORMAL_2023_2024,12,0.0742216501010871,0.2763400421479363,0.17708333333333334,0.22916666666666666,0.14444609591310428,0.01387886597360901,0.018126432965752944,-0.021808878852426494
KOSDAQ,DEFENSIVE_WEAKNESS,TRAIN,66,-0.11634393778063455,0.3070904204993621,0.045454545454545456,0.3522727272727273,0.0755312598779727,0.0020199361320072332,0.024366200682326474,-0.044879771150314315
KOSDAQ,DEFENSIVE_WEAKNESS,POST_2023,31,-0.1428917621240855,0.28024878775755896,0.04435483870967742,0.4798387096774194,0.08496459979955379,-0.010428655936676304,-0.03339352234540046,-0.098466183177476
KOSDAQ,DEFENSIVE_WEAKNESS,NORMAL_2023_2024,19,-0.11173185388298919,0.30270347712264156,0.039473684210526314,0.42105263157894735,0.06995437347459242,-0.0020676039037568748,0.007642792752961565,-0.05955418382269464
KOSDAQ,MIXED,TRAIN,110,0.004233929906929633,0.35019388746204294,0.2409090909090909,0.1409090909090909,0.08611386257455726,-0.00013778200793945858,-0.004149215140640135,-0.049289386720014705
KOSDAQ,MIXED,POST_2023,32,0.0001376969512631998,0.3389378757706947,0.32421875,0.09765625,0.07060355877784939,0.003753086687722608,-0.003050943897910397,-0.04360618800082264
KOSDAQ,MIXED,NORMAL_2023_2024,22,0.0002374737705957823,0.33626729827870017,0.3125,0.11363636363636363,0.06959423140945202,-0.00250435687748315,-0.020275360483959278,-0.05677273286383344
KOSDAQ,OTHER_UPTREND,TRAIN,62,0.12430308611086854,0.3555890309333579,0.29838709677419356,0.056451612903225805,0.08244313861845823,0.0026875978532606764,-0.0009156591589527433,-0.044500783366077344
KOSDAQ,OTHER_UPTREND,POST_2023,50,0.11360573776199719,0.34236532511404755,0.2325,0.0575,0.07439367547656926,0.00782108381384199,0.027483520471660104,-0.0368209865302355
KOSDAQ,OTHER_UPTREND,NORMAL_2023_2024,22,0.09411231139163023,0.35869796841519036,0.2215909090909091,0.056818181818181816,0.07848949996935765,0.0024219846908279906,0.027056355663513207,-0.03289548691727503
KOSDAQ,ROTATION,TRAIN,8,0.06376795411504606,0.30385556829876814,0.28125,0.140625,0.04020040521373998,0.0007212584819369918,0.004717285019704196,-0.04056959923894282
KOSDAQ_PLUS_KOSPI_EX_K200,BROAD_EXPANSION,TRAIN,25,0.11145580588320111,0.4812377030121125,0.475,0.01,0.09919026720466265,0.0052619385263011735,0.001375222205734635,-0.030741821005196127
KOSDAQ_PLUS_KOSPI_EX_K200,BROAD_EXPANSION,POST_2023,26,0.14011980987960573,0.4932233803202654,0.5240384615384616,0.0,0.10163549831364461,-0.0003505858205177835,0.006301887937516455,-0.06394127037108586
KOSDAQ_PLUS_KOSPI_EX_K200,BROAD_EXPANSION,NORMAL_2023_2024,8,0.14009996024279237,0.46473681964817987,0.4375,0.0,0.158675739397581,-0.009849825120779265,-0.02237159576465223,-0.050866109835037865
KOSDAQ_PLUS_KOSPI_EX_K200,BROAD_WEAKNESS,TRAIN,41,-0.08717324892586059,0.3680786445023883,0.29573170731707316,0.0,0.07904808534651525,0.004643856727598171,-0.0002870732443412483,-0.030966252734526127
KOSDAQ_PLUS_KOSPI_EX_K200,BROAD_WEAKNESS,POST_2023,15,-0.06840494815558902,0.3382887081070705,0.23333333333333334,0.0,0.04236154297564276,0.0068422918189445835,0.012941935044424376,-0.027504528794224284
KOSDAQ_PLUS_KOSPI_EX_K200,BROAD_WEAKNESS,NORMAL_2023_2024,12,-0.07112842268478153,0.3361728417733043,0.19791666666666666,0.0,0.04337561964608285,0.003159780581927049,0.0004493165433382054,-0.03418381242290233
KOSDAQ_PLUS_KOSPI_EX_K200,CONCENTRATED_TREND,TRAIN,12,0.1759449849283906,0.2887494832404977,0.28125,0.09375,0.18468906584791292,0.006348722322450793,0.04498796864637228,-0.016470031235898613
KOSDAQ_PLUS_KOSPI_EX_K200,CONCENTRATED_TREND,POST_2023,13,0.11288465554604948,0.2467601347616665,0.36538461538461536,0.11538461538461539,0.11322500289994185,-0.0015289991598697824,0.01929802198970117,-0.03397533605993374
KOSDAQ_PLUS_KOSPI_EX_K200,CONCENTRATED_TREND,NORMAL_2023_2024,6,0.0730321818236183,0.24489771547554728,0.375,0.16666666666666666,0.12029665627124893,0.005661536578198355,0.012911183184330072,-0.026873067773276027
KOSDAQ_PLUS_KOSPI_EX_K200,DEFENSIVE_WEAKNESS,TRAIN,69,-0.11093116388637406,0.3147183447321273,0.06340579710144928,0.358695652173913,0.07674362865478493,-0.0015300425913293988,0.017684347072337923,-0.047042067088685004
KOSDAQ_PLUS_KOSPI_EX_K200,DEFENSIVE_WEAKNESS,POST_2023,29,-0.1298716526415484,0.2922119725604774,0.02586206896551724,0.5043103448275862,0.07539537142940463,-0.003944200961450091,-0.0231305018978816,-0.08530031219053756
KOSDAQ_PLUS_KOSPI_EX_K200,DEFENSIVE_WEAKNESS,NORMAL_2023_2024,19,-0.09816853575380872,0.31514854626250177,0.02631578947368421,0.46710526315789475,0.06229568805218262,-0.0017732293938614388,0.00428924970645399,-0.058832748169907266
KOSDAQ_PLUS_KOSPI_EX_K200,MIXED,TRAIN,111,0.004497964223643792,0.3578480827532491,0.26914414414414417,0.12274774774774774,0.08387380841741648,-0.00076258040240695,-0.012424558688267775,-0.049198872927771996
KOSDAQ_PLUS_KOSPI_EX_K200,MIXED,POST_2023,50,0.01141693221274509,0.3365135363590146,0.3075,0.115,0.06211768516305382,0.000556552018422779,0.0020247215353535043,-0.04046271072233603
KOSDAQ_PLUS_KOSPI_EX_K200,MIXED,NORMAL_2023_2024,31,0.014063390632021135,0.33270923443744255,0.2862903225806452,0.10887096774193548,0.0668403630981729,-0.0001826346273842263,-0.011028449872710906,-0.04347545587986686
KOSDAQ_PLUS_KOSPI_EX_K200,OTHER_UPTREND,TRAIN,70,0.11534925969875118,0.3572883019313641,0.3125,0.05892857142857143,0.06755404620347612,-0.0013063328049781316,0.004492463531453508,-0.036759159462806425
KOSDAQ_PLUS_KOSPI_EX_K200,OTHER_UPTREND,POST_2023,41,0.10378377528363718,0.3356976216829104,0.2073170731707317,0.042682926829268296,0.053714927402438314,0.007822892118789757,0.0230154520017505,-0.02861615559620988
KOSDAQ_PLUS_KOSPI_EX_K200,OTHER_UPTREND,NORMAL_2023_2024,20,0.0788527968264192,0.3501133179072628,0.2125,0.0375,0.05877853900723832,0.005847759270011344,0.032751101351689405,-0.02403931413393342
KOSDAQ_PLUS_KOSPI_EX_K200,ROTATION,TRAIN,5,0.0506948593166632,0.2895272141482091,0.3,0.075,0.03974478253933343,0.015842324025262138,0.03854137816328208,-0.02316764741771469
KOSPI_ALL,BROAD_EXPANSION,TRAIN,20,0.11775392652822134,0.5389575288806747,0.5125,0.0125,0.10419059084251192,0.004904934184236926,0.010239124459397174,-0.021573652708621476
KOSPI_ALL,BROAD_EXPANSION,POST_2023,30,0.21344131498916435,0.5501518939636229,0.5583333333333333,0.008333333333333333,0.0741929505203485,0.020074113131485397,0.05967200272239332,-0.02838818916049137
KOSPI_ALL,BROAD_EXPANSION,NORMAL_2023_2024,6,0.07038310109857963,0.5065513678003096,0.4166666666666667,0.0,0.13042051428286464,-0.0020692905984624308,-0.0071699277203157484,-0.02889189434958848
KOSPI_ALL,BROAD_WEAKNESS,TRAIN,43,-0.07365302045610712,0.3767089908292278,0.3430232558139535,0.0,0.04721095114048885,-0.00011450808708368741,-0.004860804248344953,-0.032540548040525454
KOSPI_ALL,BROAD_WEAKNESS,POST_2023,9,-0.061337920971479006,0.33177886806375495,0.3611111111111111,0.0,0.048236053846243,0.0062881594111714526,-0.007070644485565877,-0.03209882130046983
KOSPI_ALL,BROAD_WEAKNESS,NORMAL_2023_2024,5,-0.07549246829891365,0.3284057689971522,0.325,0.0,0.04329959350278523,-0.002191518088370821,-0.03959916481253857,-0.052097527287351286
KOSPI_ALL,CONCENTRATED_TREND,TRAIN,19,0.12954014050876103,0.2698283758640695,0.3618421052631579,0.05921052631578947,0.11860459037226481,0.0035371737058304993,0.01987994063384708,-0.021248586769322612
KOSPI_ALL,CONCENTRATED_TREND,POST_2023,25,0.23471885105719892,0.2481044647559059,0.24,0.175,0.08935074188174642,-0.002058699968122871,-0.00471445092228236,-0.07022324439040648
KOSPI_ALL,CONCENTRATED_TREND,NORMAL_2023_2024,7,0.05674775387430553,0.30260088327829654,0.375,0.017857142857142856,0.09500676337667292,-0.008277331075503972,-0.009630020562513244,-0.043790216427753124
KOSPI_ALL,DEFENSIVE_WEAKNESS,TRAIN,67,-0.08086344752803366,0.34156377534013427,0.022388059701492536,0.38619402985074625,0.04154735212902219,0.001542134982851127,0.01482288516271482,-0.031217461447841717
KOSPI_ALL,DEFENSIVE_WEAKNESS,POST_2023,18,-0.0741653111291369,0.398104670879171,0.09722222222222222,0.4583333333333333,0.08810491481494921,0.00783990713755428,0.018913389801156102,-0.031060674855556164
KOSPI_ALL,DEFENSIVE_WEAKNESS,NORMAL_2023_2024,15,-0.07071620158844061,0.39515348553211305,0.11666666666666667,0.43333333333333335,0.0828968600130564,0.004479856872564512,0.015775616809365636,-0.030093391567665485
KOSPI_ALL,MIXED,TRAIN,108,0.005028895498031899,0.37851420225751153,0.2708333333333333,0.1076388888888889,0.05516879289693003,-0.0005463729151437979,-0.010507627057848048,-0.037533828151772544
KOSPI_ALL,MIXED,POST_2023,45,0.003364845542469129,0.3579527001170437,0.33055555555555555,0.1,0.056644480514882974,0.0026636181479506977,0.015443813955791717,-0.026999009060805754
KOSPI_ALL,MIXED,NORMAL_2023_2024,38,0.0049362506108606005,0.34895746029249397,0.3026315789473684,0.10526315789473684,0.060929106605576926,-0.000677809621454688,0.001499005180981833,-0.03133757703655762
KOSPI_ALL,OTHER_UPTREND,TRAIN,72,0.09399698832434612,0.3890924201194188,0.2690972222222222,0.052083333333333336,0.043989863700246344,0.0007118307048574998,0.012461987042790064,-0.02258137855876008
KOSPI_ALL,OTHER_UPTREND,POST_2023,40,0.1255854418131407,0.3547733395361564,0.2875,0.109375,0.053025389327249296,0.010527120345735868,0.05726318226032553,-0.030491719128476723
KOSPI_ALL,OTHER_UPTREND,NORMAL_2023_2024,21,0.06664529824377022,0.36247556893387906,0.25,0.05357142857142857,0.05880382937649819,0.0055102797177922665,0.008462865674794134,-0.02430866513967935
KOSPI_ALL,ROTATION,POST_2023,8,0.11557579986554525,0.2905261516326996,0.3125,0.09375,0.07272074443941873,-0.015185364994454317,-0.006844453215694015,-0.06150909982876346
KOSPI_ALL,ROTATION,NORMAL_2023_2024,5,0.020894523667297982,0.3155454836654417,0.3,0.125,0.07760149838187255,-0.0001341784892002304,0.02347669775120324,-0.021755958991074763
KOSPI_EX_K200,BROAD_EXPANSION,TRAIN,22,0.1139093512721512,0.5159113843015432,0.4772727272727273,0.005681818181818182,0.11243857449378708,0.012809076253345764,0.02942476042257293,-0.01320582223386486
KOSPI_EX_K200,BROAD_EXPANSION,POST_2023,23,0.13401826633429534,0.536265666339881,0.5543478260869565,0.005434782608695652,0.08990826524071188,0.00018664549831883464,-0.017713490511710513,-0.06278167342395831
KOSPI_EX_K200,BROAD_EXPANSION,NORMAL_2023_2024,7,0.10087313930557548,0.48064586127453024,0.5178571428571429,0.017857142857142856,0.13456057132588478,-0.0035457408437253126,-0.018695519268764334,-0.03811985464722144
KOSPI_EX_K200,BROAD_WEAKNESS,TRAIN,45,-0.09988621463896828,0.36754022384391505,0.24722222222222223,0.0,0.07233552201657732,-0.0006060540085434477,-0.004566329624838371,-0.03593524520255698
KOSPI_EX_K200,BROAD_WEAKNESS,POST_2023,5,-0.07272154832129094,0.3375471137502871,0.225,0.0,0.081622868719876,-0.0007706776118855763,-0.019935916627637502,-0.027794275222316988
KOSPI_EX_K200,BROAD_WEAKNESS,NORMAL_2023_2024,5,-0.07272154832129094,0.3375471137502871,0.225,0.0,0.081622868719876,-0.0007706776118855763,-0.019935916627637502,-0.027794275222316988
KOSPI_EX_K200,CONCENTRATED_TREND,TRAIN,23,0.1322919756018156,0.29156605644367845,0.375,0.043478260869565216,0.17755039244915138,0.007697432401077552,0.014709057711115994,-0.02875085201877661
KOSPI_EX_K200,CONCENTRATED_TREND,POST_2023,6,0.15828281945035946,0.23026819372104398,0.3541666666666667,0.0,0.1441383546300376,0.0024365609797837675,0.003232716082345518,-0.027969425577691664
KOSPI_EX_K200,DEFENSIVE_WEAKNESS,TRAIN,59,-0.10212982744990466,0.3276111434277979,0.06567796610169492,0.375,0.06597891657641,-0.0024969297131635774,0.011569445566448826,-0.042480121281681445
KOSPI_EX_K200,DEFENSIVE_WEAKNESS,POST_2023,20,-0.10706437546408168,0.352854509217036,0.09375,0.475,0.09600853731277045,0.004391668908991047,0.030680451685308977,-0.040744492334482255
KOSPI_EX_K200,DEFENSIVE_WEAKNESS,NORMAL_2023_2024,15,-0.07828606486995927,0.35579318272202803,0.11666666666666667,0.4083333333333333,0.09884594866073433,0.004572884254115615,0.02594629041798929,-0.033723539786135674
KOSPI_EX_K200,MIXED,TRAIN,105,0.0020953845561850473,0.3683083493819654,0.2726190476190476,0.125,0.07807503477795058,-0.002708134636995255,-0.019728887930001736,-0.04896538545740478
KOSPI_EX_K200,MIXED,POST_2023,72,0.010805978803842296,0.33800550792521855,0.28125,0.1111111111111111,0.05499408354749981,0.0016351727818971352,0.007386552399013344,-0.03959001201956391
KOSPI_EX_K200,MIXED,NORMAL_2023_2024,39,0.013556766735238025,0.3332317398216399,0.30448717948717946,0.07051282051282051,0.06834431497445763,0.0014355795074507951,-0.0009376278459664721,-0.036577588861755585
KOSPI_EX_K200,OTHER_UPTREND,TRAIN,60,0.10388936395128617,0.35209980280419145,0.32083333333333336,0.029166666666666667,0.07619440216353796,-0.0009549202126545318,0.006758727064148137,-0.027020350260097383
KOSPI_EX_K200,OTHER_UPTREND,POST_2023,43,0.10093251055487672,0.3360411160617655,0.23546511627906977,0.040697674418604654,0.053052097024297605,0.005010785823017186,0.026749319715969715,-0.023127000652172235
KOSPI_EX_K200,OTHER_UPTREND,NORMAL_2023_2024,26,0.07396343054146648,0.3476616078898441,0.27403846153846156,0.028846153846153848,0.054951004390297646,0.0011311685790219492,0.015979955621660227,-0.0222228855506117
KOSPI_EX_K200,ROTATION,TRAIN,7,-0.01986100471768721,0.34136436540398896,0.2857142857142857,0.07142857142857142,0.051315261059965596,-0.005974694959763431,-0.004319980561515938,-0.035033479387348195
KOSPI_EX_K200,ROTATION,POST_2023,6,0.009938366599008097,0.3018759207991782,0.2916666666666667,0.08333333333333333,0.06040454879614906,0.007888717625485498,0.011081017655034128,-0.027593511554814893
KOSPI_EX_K200,ROTATION,NORMAL_2023_2024,5,0.010626906471708941,0.2936602730405079,0.25,0.1,0.06690944287272169,0.006636986228437549,0.0015992842180224509,-0.03391089914338785
KOSPI_KOSDAQ_ALL,BROAD_EXPANSION,TRAIN,25,0.11155610128092334,0.48949805570083965,0.52,0.02,0.09421156680968501,0.005101792785546546,0.009951585629522404,-0.025092443790132746
KOSPI_KOSDAQ_ALL,BROAD_EXPANSION,POST_2023,27,0.22229452628966642,0.5011331675580898,0.5694444444444444,0.0,0.08109394347189415,0.026376985223892188,0.07885496737014487,-0.02745710272054392
KOSPI_KOSDAQ_ALL,BROAD_WEAKNESS,TRAIN,40,-0.0701689064088393,0.37152361162144143,0.334375,0.0,0.05812603967769061,0.002380637931874649,-0.0011619270797744413,-0.029518524621088928
KOSPI_KOSDAQ_ALL,BROAD_WEAKNESS,POST_2023,15,-0.054854046074624414,0.35273769497547247,0.25833333333333336,0.0,0.05445798289015621,0.0005307224513614509,0.01706664479570188,-0.027445120322897934
KOSPI_KOSDAQ_ALL,BROAD_WEAKNESS,NORMAL_2023_2024,10,-0.0647547296723499,0.3410431083229007,0.2,0.0,0.06095383685703931,-0.0020184199452307062,-0.0033381742152235596,-0.033447523653376485
KOSPI_KOSDAQ_ALL,CONCENTRATED_TREND,TRAIN,19,0.11157961617508871,0.3360191296308847,0.19736842105263158,0.09210526315789473,0.13355510313156835,0.012487084884773434,0.04697658311429334,-0.009464054785963863
KOSPI_KOSDAQ_ALL,CONCENTRATED_TREND,POST_2023,21,0.2447163433848654,0.2484366930789624,0.22023809523809523,0.26785714285714285,0.08956699951145604,0.00377345457282273,0.012753275488390198,-0.0720215733482789
KOSPI_KOSDAQ_ALL,DEFENSIVE_WEAKNESS,TRAIN,70,-0.0852947553133252,0.32834234128624395,0.075,0.3821428571428571,0.05431803288764405,0.0009820647392952072,0.016024810505933584,-0.031197948130258807
KOSPI_KOSDAQ_ALL,DEFENSIVE_WEAKNESS,POST_2023,17,-0.08641523152740269,0.3476710315858767,0.058823529411764705,0.5,0.0860605676768963,0.011604245477293888,0.019976010317923117,-0.03167738688523907
KOSPI_KOSDAQ_ALL,DEFENSIVE_WEAKNESS,NORMAL_2023_2024,13,-0.08149945546626433,0.3474073386824287,0.057692307692307696,0.5192307692307693,0.07475040771331552,0.004474314948654768,0.014085096741603194,-0.03482644713402102
KOSPI_KOSDAQ_ALL,MIXED,TRAIN,110,0.0066348854301598766,0.3552475173322669,0.2534090909090909,0.14431818181818182,0.06638395079551639,-0.0013852365536438285,-0.011901006664615936,-0.039469062256505996
KOSPI_KOSDAQ_ALL,MIXED,POST_2023,43,0.004727405157160171,0.33521370684369817,0.31976744186046513,0.15406976744186046,0.05779854067029909,0.0003592648056247668,0.008086577377866869,-0.03446922968114082
KOSPI_KOSDAQ_ALL,MIXED,NORMAL_2023_2024,35,0.004382246623116342,0.335744111184862,0.30714285714285716,0.14642857142857144,0.0599711790793015,-0.0001596602518821972,-0.003620585395884242,-0.03569035976508852
KOSPI_KOSDAQ_ALL,OTHER_UPTREND,TRAIN,67,0.09794440380721119,0.35921211992911095,0.27611940298507465,0.054104477611940295,0.050923124332903615,-0.00158644600815864,0.00372158413793059,-0.02811393980226458
KOSPI_KOSDAQ_ALL,OTHER_UPTREND,POST_2023,45,0.11185365593156224,0.3370159255514414,0.2777777777777778,0.04722222222222222,0.052016054799150294,0.002598458627908417,0.016738839108536296,-0.0330516940257895
KOSPI_KOSDAQ_ALL,OTHER_UPTREND,NORMAL_2023_2024,26,0.06623354684069872,0.35395127636166035,0.24519230769230768,0.03365384615384615,0.05734690966372204,0.0003469219861669721,0.010514266119359805,-0.02839255650821166
KOSPI_KOSDAQ_ALL,ROTATION,POST_2023,7,0.11618941982678731,0.2871261094453247,0.32142857142857145,0.125,0.06430319296635197,-0.009887466216753722,0.028552311677328333,-0.055141933288822394
KOSPI_KOSDAQ_ALL,ROTATION,NORMAL_2023_2024,5,0.04556322633192918,0.3285363943264125,0.375,0.025,0.07713388081099923,-0.0013402486187565725,0.012356977429486328,-0.026890872647967568
