universe,period,spec,n,switch_share,win_rate,mean5,beat_wplus,mean_edge,beat_market,cagr,mdd,worst5
K200,STRESS_2025,TILT_0BP_W50,49,0.8571428571428571,0.5918367346938775,0.01273893093972158,0.42857142857142855,0.0018702948469066585,0.4489795918367347,0.8348155692736567,-0.0914510121931923,-0.0361338673590079
K200,STRESS_2025,TILT_10BP_W55,49,0.0,0.5714285714285714,0.01086863609281492,0.0,0.0,0.4897959183673469,0.6752039881708869,-0.08226489165743323,-0.0406898096706884
K200,STRESS_2025,TILT_20BP_W55,49,0.0,0.5714285714285714,0.01086863609281492,0.0,0.0,0.4897959183673469,0.6752039881708869,-0.08226489165743323,-0.0406898096706884
K200,STRESS_2025,TILT_20BP_W60,49,0.0,0.5714285714285714,0.01086863609281492,0.0,0.0,0.4897959183673469,0.6752039881708869,-0.08226489165743323,-0.0406898096706884
K200,STRESS_2026,TILT_0BP_W50,20,0.75,0.5,0.0035625325497166994,0.4,-0.0027731341255291093,0.3,0.09426725321017448,-0.2610334170498021,-0.081431793942896
K200,STRESS_2026,TILT_10BP_W55,20,0.0,0.5,0.006335666675245807,0.0,0.0,0.3,0.20261029150900844,-0.28365788691950644,-0.1263883730489126
K200,STRESS_2026,TILT_20BP_W55,20,0.0,0.5,0.006335666675245807,0.0,0.0,0.3,0.20261029150900844,-0.28365788691950644,-0.1263883730489126
K200,STRESS_2026,TILT_20BP_W60,20,0.0,0.5,0.006335666675245807,0.0,0.0,0.3,0.20261029150900844,-0.28365788691950644,-0.1263883730489126
K200,TRAIN_2016_2022,TILT_0BP_W50,328,0.7195121951219512,0.5335365853658537,0.0009831106659237126,0.38414634146341464,0.00041285995317494144,0.5,0.030138009695321655,-0.4018918145994633,-0.1598697098638999
K200,TRAIN_2016_2022,TILT_10BP_W55,328,0.0,0.5304878048780488,0.000570250712748771,0.0,0.0,0.4634146341463415,0.010147417263845382,-0.45502078947211644,-0.1523163359458333
K200,TRAIN_2016_2022,TILT_20BP_W55,328,0.0,0.5304878048780488,0.000570250712748771,0.0,0.0,0.4634146341463415,0.010147417263845382,-0.45502078947211644,-0.1523163359458333
K200,TRAIN_2016_2022,TILT_20BP_W60,328,0.0,0.5304878048780488,0.000570250712748771,0.0,0.0,0.4634146341463415,0.010147417263845382,-0.45502078947211644,-0.1523163359458333
K200,VALID_2023_2024,TILT_0BP_W50,97,0.7835051546391752,0.5154639175257731,0.0025751718652635607,0.38144329896907214,-5.11959400560165e-05,0.4845360824742268,0.1185835003254676,-0.11507403684583772,-0.0635960628681975
K200,VALID_2023_2024,TILT_10BP_W55,97,0.0,0.5257731958762887,0.0026263678053195768,0.0,0.0,0.4639175257731959,0.11951671961322163,-0.12409347826228034,-0.0707523827426301
K200,VALID_2023_2024,TILT_20BP_W55,97,0.0,0.5257731958762887,0.0026263678053195768,0.0,0.0,0.4639175257731959,0.11951671961322163,-0.12409347826228034,-0.0707523827426301
K200,VALID_2023_2024,TILT_20BP_W60,97,0.0,0.5257731958762887,0.0026263678053195768,0.0,0.0,0.4639175257731959,0.11951671961322163,-0.12409347826228034,-0.0707523827426301
KOSDAQ,STRESS_2025,TILT_0BP_W50,45,0.6444444444444445,0.6888888888888889,0.0102212597500514,0.2222222222222222,-0.0003166742146875381,0.6,0.5758567730899993,-0.13406635381891074,-0.0494594121099022
KOSDAQ,STRESS_2025,TILT_10BP_W55,45,0.0,0.6222222222222222,0.010537933964738937,0.0,0.0,0.6444444444444445,0.5971510635629831,-0.10058698392159982,-0.0494594121099022
KOSDAQ,STRESS_2025,TILT_20BP_W55,45,0.0,0.6222222222222222,0.010537933964738937,0.0,0.0,0.6444444444444445,0.5971510635629831,-0.10058698392159982,-0.0494594121099022
KOSDAQ,STRESS_2025,TILT_20BP_W60,45,0.0,0.6222222222222222,0.010537933964738937,0.0,0.0,0.6444444444444445,0.5971510635629831,-0.10058698392159982,-0.0494594121099022
KOSDAQ,STRESS_2026,TILT_0BP_W50,13,1.0,0.6923076923076923,0.024394378948766695,0.5384615384615384,0.00205613015588849,0.6923076923076923,1.3404376205746908,-0.06986909368941452,-0.0698690936894145
KOSDAQ,STRESS_2026,TILT_10BP_W55,13,0.0,0.6923076923076923,0.02233824879287821,0.0,0.0,0.6153846153846154,1.1961507943752738,-0.06774718424035031,-0.0677471842403504
KOSDAQ,STRESS_2026,TILT_20BP_W55,13,0.0,0.6923076923076923,0.02233824879287821,0.0,0.0,0.6153846153846154,1.1961507943752738,-0.06774718424035031,-0.0677471842403504
KOSDAQ,STRESS_2026,TILT_20BP_W60,13,0.0,0.6923076923076923,0.02233824879287821,0.0,0.0,0.6153846153846154,1.1961507943752738,-0.06774718424035031,-0.0677471842403504
KOSDAQ,TRAIN_2016_2022,TILT_0BP_W50,256,0.734375,0.56640625,0.003043838446034724,0.3828125,0.0015025304579424923,0.59765625,0.10129436297252403,-0.38391311328844213,-0.0798965955217663
KOSDAQ,TRAIN_2016_2022,TILT_10BP_W55,256,0.0,0.5625,0.0015413079880922324,0.0,0.0,0.56640625,0.04108080383750168,-0.3936556834696189,-0.0987587117774958
KOSDAQ,TRAIN_2016_2022,TILT_20BP_W55,256,0.0,0.5625,0.0015413079880922324,0.0,0.0,0.56640625,0.04108080383750168,-0.3936556834696189,-0.0987587117774958
KOSDAQ,TRAIN_2016_2022,TILT_20BP_W60,256,0.0,0.5625,0.0015413079880922324,0.0,0.0,0.56640625,0.04108080383750168,-0.3936556834696189,-0.0987587117774958
KOSDAQ,VALID_2023_2024,TILT_0BP_W50,73,0.726027397260274,0.6027397260273972,0.0027546972883504117,0.3561643835616438,0.0011236250205667265,0.4931506849315068,0.09259314775427208,-0.24653780252375912,-0.0904173436077361
KOSDAQ,VALID_2023_2024,TILT_10BP_W55,73,0.0,0.5753424657534246,0.0016310722677836836,0.0,0.0,0.547945205479452,0.04304703111776975,-0.24942657042650196,-0.1226332439141122
KOSDAQ,VALID_2023_2024,TILT_20BP_W55,73,0.0,0.5753424657534246,0.0016310722677836836,0.0,0.0,0.547945205479452,0.04304703111776975,-0.24942657042650196,-0.1226332439141122
KOSDAQ,VALID_2023_2024,TILT_20BP_W60,73,0.0,0.5753424657534246,0.0016310722677836836,0.0,0.0,0.547945205479452,0.04304703111776975,-0.24942657042650196,-0.1226332439141122
KOSDAQ_PLUS_KOSPI_EX_K200,STRESS_2025,TILT_0BP_W50,49,0.4489795918367347,0.7142857142857143,0.011948214712111625,0.24489795918367346,0.0006209663489311287,0.6938775510204082,0.7781814713177542,-0.07285751643152583,-0.0345957426206935
KOSDAQ_PLUS_KOSPI_EX_K200,STRESS_2025,TILT_10BP_W55,49,0.3877551020408163,0.7142857142857143,0.01221959455028608,0.22448979591836735,0.000892346187105584,0.7142857142857143,0.8014650005420261,-0.07129655700755355,-0.0345957426206935
KOSDAQ_PLUS_KOSPI_EX_K200,STRESS_2025,TILT_20BP_W55,49,0.24489795918367346,0.6938775510204082,0.01122125253907647,0.10204081632653061,-0.00010599582410402633,0.6938775510204082,0.7147676174292865,-0.0757979982339948,-0.0345957426206935
KOSDAQ_PLUS_KOSPI_EX_K200,STRESS_2025,TILT_20BP_W60,49,0.24489795918367346,0.6938775510204082,0.01122125253907647,0.10204081632653061,-0.00010599582410402633,0.6938775510204082,0.7147676174292865,-0.0757979982339948,-0.0345957426206935
KOSDAQ_PLUS_KOSPI_EX_K200,STRESS_2026,TILT_0BP_W50,19,0.8421052631578947,0.5789473684210527,0.010154298330124129,0.47368421052631576,0.0013124106658809651,0.5263157894736842,0.4228337461867444,-0.20416730040299802,-0.09347472484976
KOSDAQ_PLUS_KOSPI_EX_K200,STRESS_2026,TILT_10BP_W55,19,0.5789473684210527,0.5789473684210527,0.009087988402526734,0.3157894736842105,0.0002461007382835697,0.5789473684210527,0.32990577082531614,-0.23352020344365132,-0.1261787356825765
KOSDAQ_PLUS_KOSPI_EX_K200,STRESS_2026,TILT_20BP_W55,19,0.5263157894736842,0.5789473684210527,0.00826624700890283,0.2631578947368421,-0.0005756406553403307,0.5789473684210527,0.28752957628449094,-0.2335202034436512,-0.1261787356825765
KOSDAQ_PLUS_KOSPI_EX_K200,STRESS_2026,TILT_20BP_W60,19,0.5263157894736842,0.5789473684210527,0.00826624700890283,0.2631578947368421,-0.0005756406553403307,0.5789473684210527,0.28752957628449094,-0.2335202034436512,-0.1261787356825765
KOSDAQ_PLUS_KOSPI_EX_K200,TRAIN_2016_2022,TILT_0BP_W50,328,0.5609756097560976,0.5914634146341463,0.0024129645417820585,0.3353658536585366,0.001116484643953579,0.6067073170731707,0.09816121381540377,-0.3568978796485741,-0.1858142583073437
KOSDAQ_PLUS_KOSPI_EX_K200,TRAIN_2016_2022,TILT_10BP_W55,328,0.4146341463414634,0.5975609756097561,0.002191616285342325,0.25914634146341464,0.0008951363875138454,0.600609756097561,0.0859995765348216,-0.3689163546928873,-0.1755646143519117
KOSDAQ_PLUS_KOSPI_EX_K200,TRAIN_2016_2022,TILT_20BP_W55,328,0.19207317073170732,0.5853658536585366,0.0017997109517263925,0.11585365853658537,0.0005032310538979132,0.5914634146341463,0.06548604890385135,-0.3701768064205203,-0.1755646143519117
KOSDAQ_PLUS_KOSPI_EX_K200,TRAIN_2016_2022,TILT_20BP_W60,328,0.19207317073170732,0.5853658536585366,0.0017997109517263925,0.11585365853658537,0.0005032310538979132,0.5914634146341463,0.06548604890385135,-0.3701768064205203,-0.1755646143519117
KOSDAQ_PLUS_KOSPI_EX_K200,VALID_2023_2024,TILT_0BP_W50,96,0.59375,0.5729166666666666,0.0019108224696112919,0.3333333333333333,0.0008963998181682177,0.5520833333333334,0.08109917060128047,-0.23272393872232566,-0.0874308106658808
KOSDAQ_PLUS_KOSPI_EX_K200,VALID_2023_2024,TILT_10BP_W55,96,0.4166666666666667,0.5625,0.00193119886256412,0.23958333333333334,0.0009167762111210471,0.5520833333333334,0.07725671673277712,-0.2657557373437308,-0.0874308106658808
KOSDAQ_PLUS_KOSPI_EX_K200,VALID_2023_2024,TILT_20BP_W55,96,0.09375,0.5625,0.0015940224331983846,0.052083333333333336,0.0005795997817553105,0.5208333333333334,0.05989606095898847,-0.28450703356637275,-0.0743782902621572
KOSDAQ_PLUS_KOSPI_EX_K200,VALID_2023_2024,TILT_20BP_W60,96,0.09375,0.5625,0.0015940224331983846,0.052083333333333336,0.0005795997817553105,0.5208333333333334,0.05989606095898847,-0.28450703356637275,-0.0743782902621572
KOSPI_ALL,STRESS_2025,TILT_0BP_W50,49,0.7959183673469388,0.7346938775510204,0.011162681103999145,0.4489795918367347,0.0015046345065584978,0.5102040816326531,0.704245087908087,-0.08021465437635233,-0.0442571625888557
KOSPI_ALL,STRESS_2025,TILT_10BP_W55,49,0.3877551020408163,0.6938775510204082,0.010642179488025504,0.24489795918367346,0.000984132890584857,0.5102040816326531,0.662716161587491,-0.08255233038275356,-0.0442571625888557
KOSPI_ALL,STRESS_2025,TILT_20BP_W55,49,0.3877551020408163,0.6938775510204082,0.010642179488025504,0.24489795918367346,0.000984132890584857,0.5102040816326531,0.662716161587491,-0.08255233038275356,-0.0442571625888557
KOSPI_ALL,STRESS_2025,TILT_20BP_W60,49,0.3877551020408163,0.6938775510204082,0.010642179488025504,0.24489795918367346,0.000984132890584857,0.5102040816326531,0.662716161587491,-0.08255233038275356,-0.0442571625888557
KOSPI_ALL,STRESS_2026,TILT_0BP_W50,21,0.8095238095238095,0.5714285714285714,0.011468007378404333,0.38095238095238093,0.0009207240679445659,0.47619047619047616,0.51239326367544,-0.1969213590015092,-0.1077357785913363
KOSPI_ALL,STRESS_2026,TILT_10BP_W55,21,0.5714285714285714,0.5714285714285714,0.012409295065198056,0.3333333333333333,0.0018620117547382851,0.47619047619047616,0.5758431710449687,-0.1889889794084435,-0.1028297644163698
KOSPI_ALL,STRESS_2026,TILT_20BP_W55,21,0.5714285714285714,0.5714285714285714,0.012409295065198056,0.3333333333333333,0.0018620117547382851,0.47619047619047616,0.5758431710449687,-0.1889889794084435,-0.1028297644163698
KOSPI_ALL,STRESS_2026,TILT_20BP_W60,21,0.5714285714285714,0.5714285714285714,0.012409295065198056,0.3333333333333333,0.0018620117547382851,0.47619047619047616,0.5758431710449687,-0.1889889794084435,-0.1028297644163698
KOSPI_ALL,TRAIN_2016_2022,TILT_0BP_W50,328,0.6463414634146342,0.5609756097560976,0.0021674427422954043,0.36890243902439024,0.001353207253685633,0.5274390243902439,0.0899053407448569,-0.40276589317508205,-0.1646983058260274
KOSPI_ALL,TRAIN_2016_2022,TILT_10BP_W55,328,0.13414634146341464,0.5548780487804879,0.0014027124158165116,0.09451219512195122,0.0005884769272067409,0.5030487804878049,0.05130862083898213,-0.44874872224335915,-0.1647852780350054
KOSPI_ALL,TRAIN_2016_2022,TILT_20BP_W55,328,0.13414634146341464,0.5548780487804879,0.0014027124158165116,0.09451219512195122,0.0005884769272067409,0.5030487804878049,0.05130862083898213,-0.44874872224335915,-0.1647852780350054
KOSPI_ALL,TRAIN_2016_2022,TILT_20BP_W60,328,0.13414634146341464,0.5548780487804879,0.0014027124158165116,0.09451219512195122,0.0005884769272067409,0.5030487804878049,0.05130862083898213,-0.44874872224335915,-0.1647852780350054
KOSPI_ALL,VALID_2023_2024,TILT_0BP_W50,97,0.5979381443298969,0.5670103092783505,0.003101247204915279,0.27835051546391754,0.0002007422331906021,0.5876288659793815,0.14674971612169307,-0.1487411538360165,-0.0690076561593042
KOSPI_ALL,VALID_2023_2024,TILT_10BP_W55,97,0.1134020618556701,0.5876288659793815,0.0038778220864155574,0.061855670103092786,0.0009773171146908806,0.6288659793814433,0.19252348719796308,-0.15765710667173838,-0.0690076561593042
KOSPI_ALL,VALID_2023_2024,TILT_20BP_W55,97,0.1134020618556701,0.5876288659793815,0.0038778220864155574,0.061855670103092786,0.0009773171146908806,0.6288659793814433,0.19252348719796308,-0.15765710667173838,-0.0690076561593042
KOSPI_ALL,VALID_2023_2024,TILT_20BP_W60,97,0.1134020618556701,0.5876288659793815,0.0038778220864155574,0.061855670103092786,0.0009773171146908806,0.6288659793814433,0.19252348719796308,-0.15765710667173838,-0.0690076561593042
KOSPI_EX_K200,STRESS_2025,TILT_0BP_W50,49,0.7142857142857143,0.6122448979591837,0.008781979080014256,0.40816326530612246,0.001042111984526119,0.5714285714285714,0.513831298460657,-0.09312280103037118,-0.0608604974536615
KOSPI_EX_K200,STRESS_2025,TILT_10BP_W55,49,0.32653061224489793,0.6326530612244898,0.008346406321096997,0.1836734693877551,0.0006065392256088594,0.5918367346938775,0.4883874117868785,-0.06667518373231551,-0.0608604974536615
KOSPI_EX_K200,STRESS_2025,TILT_20BP_W55,49,0.16326530612244897,0.6122448979591837,0.007923033936780639,0.08163265306122448,0.00018316684129250022,0.5510204081632653,0.45741973096681576,-0.06667518373231551,-0.0608604974536615
KOSPI_EX_K200,STRESS_2025,TILT_20BP_W60,49,0.16326530612244897,0.6122448979591837,0.007923033936780639,0.08163265306122448,0.00018316684129250022,0.5510204081632653,0.45741973096681576,-0.06667518373231551,-0.0608604974536615
KOSPI_EX_K200,STRESS_2026,TILT_0BP_W50,15,0.7333333333333333,0.6,0.013551449903797808,0.3333333333333333,-0.0027310700657164804,0.7333333333333333,0.6554377635093858,-0.15410135152778848,-0.0709459151498185
KOSPI_EX_K200,STRESS_2026,TILT_10BP_W55,15,0.5333333333333333,0.6,0.013766939964147058,0.2,-0.002515580005367227,0.6666666666666666,0.6663834911350424,-0.15410135152778848,-0.0709459151498185
KOSPI_EX_K200,STRESS_2026,TILT_20BP_W55,15,0.4666666666666667,0.6,0.015579848737673265,0.2,-0.0007026712318410205,0.6666666666666666,0.801356858007775,-0.12958231905409423,-0.0709459151498185
KOSPI_EX_K200,STRESS_2026,TILT_20BP_W60,15,0.4666666666666667,0.6,0.015579848737673265,0.2,-0.0007026712318410205,0.6666666666666666,0.801356858007775,-0.12958231905409423,-0.0709459151498185
KOSPI_EX_K200,TRAIN_2016_2022,TILT_0BP_W50,288,0.7465277777777778,0.5625,0.002889195386765795,0.4131944444444444,0.0013395333698718581,0.6006944444444444,0.11259998964048479,-0.3611719362403989,-0.0850494826308508
KOSPI_EX_K200,TRAIN_2016_2022,TILT_10BP_W55,288,0.3333333333333333,0.5555555555555556,0.002326262827864264,0.2013888888888889,0.000776600810970327,0.5416666666666666,0.08717368423270733,-0.3478991358961069,-0.0801712762275863
KOSPI_EX_K200,TRAIN_2016_2022,TILT_20BP_W55,288,0.10069444444444445,0.5625,0.001911621666528879,0.06597222222222222,0.00036195964963494195,0.5277777777777778,0.06887344254809546,-0.3479292322962033,-0.0801712762275863
KOSPI_EX_K200,TRAIN_2016_2022,TILT_20BP_W60,288,0.10069444444444445,0.5625,0.001911621666528879,0.06597222222222222,0.00036195964963494195,0.5277777777777778,0.06887344254809546,-0.3479292322962033,-0.0801712762275863
KOSPI_EX_K200,VALID_2023_2024,TILT_0BP_W50,91,0.8021978021978022,0.5604395604395604,0.001404188353997306,0.34065934065934067,-0.0004790841665816386,0.5274725274725275,0.05164645484028618,-0.21246676845366996,-0.0874083996202846
KOSPI_EX_K200,VALID_2023_2024,TILT_10BP_W55,91,0.37362637362637363,0.5604395604395604,0.001809155455533607,0.14285714285714285,-7.411706504533858e-05,0.5494505494505495,0.07415815389183278,-0.1957992507753855,-0.0637321984097964
KOSPI_EX_K200,VALID_2023_2024,TILT_20BP_W55,91,0.14285714285714285,0.5604395604395604,0.002832891859368856,0.07692307692307693,0.0009496193387899099,0.5824175824175825,0.12540111304701118,-0.20009724640772608,-0.0637321984097964
KOSPI_EX_K200,VALID_2023_2024,TILT_20BP_W60,91,0.14285714285714285,0.5604395604395604,0.002832891859368856,0.07692307692307693,0.0009496193387899099,0.5824175824175825,0.12540111304701118,-0.20009724640772608,-0.0637321984097964
KOSPI_KOSDAQ_ALL,STRESS_2025,TILT_0BP_W50,49,0.30612244897959184,0.6530612244897959,0.010074366705207062,0.14285714285714285,-9.815621719576956e-05,0.46938775510204084,0.6188376947507184,-0.08537440720315226,-0.033197137931659
KOSPI_KOSDAQ_ALL,STRESS_2025,TILT_10BP_W55,49,0.24489795918367346,0.6530612244897959,0.010045473684451313,0.12244897959183673,-0.00012704923795152077,0.46938775510204084,0.6173864239359796,-0.07955820704924843,-0.033197137931659
KOSPI_KOSDAQ_ALL,STRESS_2025,TILT_20BP_W55,49,0.24489795918367346,0.6530612244897959,0.010045473684451313,0.12244897959183673,-0.00012704923795152077,0.46938775510204084,0.6173864239359796,-0.07955820704924843,-0.033197137931659
KOSPI_KOSDAQ_ALL,STRESS_2025,TILT_20BP_W60,49,0.20408163265306123,0.6938775510204082,0.011064090411552124,0.14285714285714285,0.0008915674891492916,0.4489795918367347,0.6999679271034827,-0.07955820704924832,-0.0355934740867267
KOSPI_KOSDAQ_ALL,STRESS_2026,TILT_0BP_W50,21,0.6190476190476191,0.42857142857142855,0.0024102639744503123,0.2857142857142857,-0.0037775480783786906,0.38095238095238093,0.024545135104560467,-0.2455144661280474,-0.1160331957620569
KOSPI_KOSDAQ_ALL,STRESS_2026,TILT_10BP_W55,21,0.5714285714285714,0.42857142857142855,0.0018544675520961078,0.23809523809523808,-0.0043333445007328955,0.38095238095238093,0.003386639725466045,-0.25323378851152734,-0.1160331957620569
KOSPI_KOSDAQ_ALL,STRESS_2026,TILT_20BP_W55,21,0.5714285714285714,0.42857142857142855,0.0018544675520961078,0.23809523809523808,-0.0043333445007328955,0.38095238095238093,0.003386639725466045,-0.25323378851152734,-0.1160331957620569
KOSPI_KOSDAQ_ALL,STRESS_2026,TILT_20BP_W60,21,0.5238095238095238,0.47619047619047616,0.007080061464025971,0.2857142857142857,0.0008922494111969709,0.38095238095238093,0.25545234181653087,-0.23514633439558053,-0.1160331957620569
KOSPI_KOSDAQ_ALL,TRAIN_2016_2022,TILT_0BP_W50,328,0.3353658536585366,0.5823170731707317,0.001873228281588635,0.18292682926829268,0.0009310097170633414,0.5579268292682927,0.07352419598642057,-0.38544481559099575,-0.1701610784565461
KOSPI_KOSDAQ_ALL,TRAIN_2016_2022,TILT_10BP_W55,328,0.16463414634146342,0.5762195121951219,0.0017398406059814906,0.09451219512195122,0.0007976220414561969,0.5579268292682927,0.06742295066821802,-0.4050265113168937,-0.1669807475920087
KOSPI_KOSDAQ_ALL,TRAIN_2016_2022,TILT_20BP_W55,328,0.16463414634146342,0.5762195121951219,0.0017398406059814906,0.09451219512195122,0.0007976220414561969,0.5579268292682927,0.06742295066821802,-0.4050265113168937,-0.1669807475920087
KOSPI_KOSDAQ_ALL,TRAIN_2016_2022,TILT_20BP_W60,328,0.07621951219512195,0.573170731707317,0.0012646888889745733,0.06097560975609756,0.0003224703244492795,0.5396341463414634,0.04301022495602669,-0.42005631729061943,-0.1669807475920087
KOSPI_KOSDAQ_ALL,VALID_2023_2024,TILT_0BP_W50,96,0.3229166666666667,0.53125,0.0018417055458303704,0.16666666666666666,0.001199972785997631,0.5416666666666666,0.07179356640892398,-0.21204143059089786,-0.1073010956149836
KOSPI_KOSDAQ_ALL,VALID_2023_2024,TILT_10BP_W55,96,0.15625,0.5208333333333334,0.0017802840716694898,0.10416666666666667,0.00113855131183675,0.5625,0.06997450458703458,-0.2082584845499651,-0.1073010956149836
KOSPI_KOSDAQ_ALL,VALID_2023_2024,TILT_20BP_W55,96,0.15625,0.5208333333333334,0.0017802840716694898,0.10416666666666667,0.00113855131183675,0.5625,0.06997450458703458,-0.2082584845499651,-0.1073010956149836
KOSPI_KOSDAQ_ALL,VALID_2023_2024,TILT_20BP_W60,96,0.07291666666666667,0.53125,0.0010238558038590014,0.0625,0.0003821230440262614,0.5729166666666666,0.0319200767013017,-0.25717491892443267,-0.1073010956149836
