universe,model,action,eval_year,n,pearson,spearman,top_bottom_realized,positive_pred_realized,positive_pred_n
K200,FACTOR_ONLY,EW4,2020,45,0.15299082845046283,0.04093454062705576,0.003165881585250215,-0.0004078104861535606,30
K200,FACTOR_ONLY,EW4,2021,49,0.08277206726099187,-0.031017595469198224,-0.0013681681599389012,-0.00011416965237111412,25
K200,FACTOR_ONLY,EW4,2022,50,-0.15807495259572257,-0.3176041234048802,-0.0015799017534886585,-0.0006164335870756448,26
K200,FACTOR_ONLY,EW4,2023,49,-0.24303789099729486,-0.20161169716678148,-0.006208602235934215,-0.0015904045815132268,26
K200,FACTOR_ONLY,EW4,2024,48,0.06141931301455229,0.09808813313909369,0.0008884248622718155,-0.0003826170846557202,17
K200,FACTOR_ONLY,EW4,2025,49,0.07180282763576616,0.16259023767242123,0.001278120712764705,0.0020350946576529207,19
K200,FACTOR_ONLY,EW4,2026,20,-0.09975391287376163,-0.12301974382471893,-0.003653383825517247,0.0007845747022060985,15
K200,FACTOR_ONLY,FLOW,2020,45,0.1106880442456661,-0.023188405797101446,0.00010161765550043,-0.0006031473963938209,31
K200,FACTOR_ONLY,FLOW,2021,49,0.0076168219688889606,-0.0864506279738912,-0.0020504585281146516,0.0008003618378120416,21
K200,FACTOR_ONLY,FLOW,2022,50,-0.12807746210872062,-0.13699879951980792,-0.003640723703724983,-0.0019053376295264652,32
K200,FACTOR_ONLY,FLOW,2023,49,-0.24644714883060975,-0.1538147536678324,-0.0056995832927399055,-0.0037941239533604287,24
K200,FACTOR_ONLY,FLOW,2024,48,-0.12911957308091143,-0.08445505861919235,-0.004344999986819939,-0.004390202390489742,19
K200,FACTOR_ONLY,FLOW,2025,49,0.2379413840754904,0.2420408163265306,0.0046298290328371655,0.0018579937218342383,26
K200,FACTOR_ONLY,FLOW,2026,20,0.17044023887967552,0.16691729323308271,0.010009849862315349,0.000331538656519894,15
K200,FACTOR_ONLY,MARKET,2020,45,0.11884018881368502,0.04888010540184453,0.004535562119053789,0.00043596435649722253,30
K200,FACTOR_ONLY,MARKET,2021,49,0.0633633593782014,-0.013265306122448977,-0.0027580719470434623,-0.002947493558819801,34
K200,FACTOR_ONLY,MARKET,2022,50,0.2862275077723904,0.2696278511404562,0.008065066062656133,0.00030725992089582633,31
K200,FACTOR_ONLY,MARKET,2023,49,-0.20660880048143299,-0.13948979591836733,-0.0059648850518985354,-0.003520163401999969,21
K200,FACTOR_ONLY,MARKET,2024,48,-0.028941235134139855,-0.06697785497177594,-0.004029165680254089,-0.002929648787330867,24
K200,FACTOR_ONLY,MARKET,2025,49,-0.04217057458084206,-0.198469387755102,-0.005419794024759077,0.003381931251039676,18
K200,FACTOR_ONLY,MARKET,2026,20,-0.018126593958415555,-0.20751879699248119,-0.036571147624951325,0.00671786554091892,15
K200,FACTOR_ONLY,MOMENTUM,2020,45,0.15965459592489986,0.12411067193675888,0.001098379458360511,-0.0005428369068838893,23
K200,FACTOR_ONLY,MOMENTUM,2021,49,0.00037908676930626425,-0.04999999999999999,-0.002154595821713682,-0.0010955384727485723,34
K200,FACTOR_ONLY,MOMENTUM,2022,50,-0.09739054351271824,-0.04076830732292917,0.0006889659617171345,-0.0008297820819892748,15
K200,FACTOR_ONLY,MOMENTUM,2023,49,0.11481831942059097,0.12079612539209003,0.0013919908532997794,0.001232222023014686,16
K200,FACTOR_ONLY,MOMENTUM,2024,48,0.0029665414176418795,-0.14654798089448545,-0.0016408696011595359,0.0005871329943610107,7
K200,FACTOR_ONLY,MOMENTUM,2025,49,-0.056849123344339766,-0.08591836734693876,-0.0031361043957370454,0.0015920850105125997,21
K200,FACTOR_ONLY,MOMENTUM,2026,20,-0.20481135851316365,-0.1481760164960927,-0.0019513822977398013,0.0015756506581724018,11
K200,FACTOR_ONLY,REVISION,2020,45,0.024760086830769537,-0.01100494293673986,-0.00037722617238707774,0.00010133259232613711,26
K200,FACTOR_ONLY,REVISION,2021,49,0.10270813887458853,0.03561587935680397,0.001937595756892975,-0.00033901408378233454,39
K200,FACTOR_ONLY,REVISION,2022,50,0.16839125345420516,0.08172439606255051,0.001422097638277483,0.0012770786034092053,36
K200,FACTOR_ONLY,REVISION,2023,49,-0.037460064691223594,-0.02056647170807447,-0.0001419659675144629,0.00017026196838928673,34
K200,FACTOR_ONLY,REVISION,2024,48,-0.07710449511206362,-0.00770754742868045,-0.0035158800934938644,-0.0021540904913693888,22
K200,FACTOR_ONLY,REVISION,2025,49,-0.06789364127326629,-0.025159480278115917,-0.002670745415366123,0.00305666681693984,21
K200,FACTOR_ONLY,REVISION,2026,20,0.015136222048043144,-0.10676691729323308,-0.009461244482368174,0.0011864020371678988,15
K200,FACTOR_ONLY,VALUE,2020,45,0.0905918076832577,0.07143328229596412,0.002878287413860498,-0.0040212393025171244,32
K200,FACTOR_ONLY,VALUE,2021,49,0.1794020910831756,0.16320490452213937,0.0017383301288751902,0.007158028980241012,14
K200,FACTOR_ONLY,VALUE,2022,50,-0.033448305841228314,-0.032949088366095766,-0.0015453501076322781,0.0020177452240180585,18
K200,FACTOR_ONLY,VALUE,2023,49,0.11111993675004711,0.12587774718748548,-0.00219091642111434,0.0008216523869661597,22
K200,FACTOR_ONLY,VALUE,2024,48,-0.09130794312262094,-0.057697035285681854,-0.0007200398961255108,-0.001914190057385656,27
K200,FACTOR_ONLY,VALUE,2025,49,-0.07249139824696002,-0.10477162882550096,-0.001979825167917705,-0.0026612342591875292,16
K200,FACTOR_ONLY,VALUE,2026,20,0.06298695373757751,0.14436090225563908,0.0027312393867728784,0.0005815832181300722,14
K200,FULL,EW4,2020,45,0.15343224529327887,0.045372427717691254,0.001107898769022775,-0.0009603251517206738,31
K200,FULL,EW4,2021,49,0.0618288452800057,-0.07254963008049754,-0.0017981815891411576,-0.0006043831854147299,28
K200,FULL,EW4,2022,50,-0.19864898023479066,-0.31244312888542897,-0.0022033502505480994,-0.0010166921624916443,23
K200,FULL,EW4,2023,49,-0.2804515057846737,-0.28523044489602917,-0.0061161328428603525,-0.0019606614224503905,24
K200,FULL,EW4,2024,48,0.0013932951284039287,-0.0061234210283364855,-9.80097049595665e-05,-0.0005349445742069245,17
K200,FULL,EW4,2025,49,0.10085393407087909,0.16731579232850247,0.0013608975540036383,0.0010618055048181884,15
K200,FULL,EW4,2026,20,-0.1273335823396656,-0.11698196498669591,-0.004194107088831143,-0.0016367847245727944,13
K200,FULL,FLOW,2020,45,0.11712370653144771,-0.030830039525691695,0.0018529106116658843,0.0005695234271469125,32
K200,FULL,FLOW,2021,49,-0.01876929033787044,-0.1286042399611605,-0.0038046729141504197,0.0009421962277496603,23
K200,FULL,FLOW,2022,50,-0.1509999057646989,-0.13104441776710685,-0.004133829195312194,-0.002117823597823311,33
K200,FULL,FLOW,2023,49,-0.23563466135062067,-0.19418219565564113,-0.006043786240841563,-0.0034109510481778638,27
K200,FULL,FLOW,2024,48,-0.20672711413316125,-0.17346938775510204,-0.00564652551741974,-0.004553687695915582,18
K200,FULL,FLOW,2025,49,0.2389087427167687,0.22265306122448977,0.0042937977109466395,0.0013099394111648248,25
K200,FULL,FLOW,2026,20,0.19607365248163527,0.17142857142857143,0.005150567438967286,0.0020283581818578,14
K200,FULL,MARKET,2020,45,0.03237849878474493,-0.045322793148880096,-0.002862864365454621,-0.00046173826297413363,19
K200,FULL,MARKET,2021,49,0.08852454189830324,0.06540816326530612,-6.86833688705959e-05,-0.003938431014963061,31
K200,FULL,MARKET,2022,50,0.19966629858149643,0.14324129651860742,0.005481662383185246,0.0002134481102455439,26
K200,FULL,MARKET,2023,49,-0.17075631058421578,-0.0776530612244898,-0.005575945671410249,-0.0021049626248260045,21
K200,FULL,MARKET,2024,48,-0.013356861973710795,-0.04363873208858011,-0.0025171257348447413,-0.0024638982259775925,22
K200,FULL,MARKET,2025,49,-0.14074952009505584,-0.2393877551020408,-0.015487108348064651,-0.005726936160031339,17
K200,FULL,MARKET,2026,20,-0.12548507710302295,-0.26766917293233083,-0.04174750261587841,-0.0016469599743250875,8
K200,FULL,MOMENTUM,2020,45,0.15498083864885046,0.1657444005270092,0.0013395201413482253,-0.0018503728529408062,15
K200,FULL,MOMENTUM,2021,49,-0.03978151962362859,-0.05020408163265306,-0.0018504736817819456,-0.0021559837852766733,28
K200,FULL,MOMENTUM,2022,50,-0.15726844611888874,-0.10453781512605041,-0.0013063244498119162,-0.0014579000485946507,7
K200,FULL,MOMENTUM,2023,49,0.15024254584120014,0.13615718738745083,-0.00035194352067884386,0.0011286463366582502,12
K200,FULL,MOMENTUM,2024,48,-0.0051511198916823235,-0.04363873208858011,-0.0010885070199819881,-0.003028502559883965,8
K200,FULL,MOMENTUM,2025,49,-0.07003207874973234,-0.11030612244897958,-0.0004602638124857831,-0.00022821401876127164,16
K200,FULL,MOMENTUM,2026,20,-0.30719785193854665,-0.33095150892528313,-0.014388420039524608,-0.0017401519820615678,9
K200,FULL,REVISION,2020,45,0.025965042029641134,-0.005074135366041732,0.0001893017108893615,-0.0004890009146215473,24
K200,FULL,REVISION,2021,49,0.0879710059989961,0.029084600620885765,-0.0006498572306225553,3.0466588919151073e-06,37
K200,FULL,REVISION,2022,50,0.06283878775100954,-0.06689168304707288,0.001147987290940524,0.0006398781975909977,32
K200,FULL,REVISION,2023,49,-0.015089243990947916,0.019443736279842118,-8.944910967514566e-05,0.000347200709363615,35
K200,FULL,REVISION,2024,48,-0.07227519903090884,-0.004179444732453483,-0.003966799460111815,-0.0032502028545042276,20
K200,FULL,REVISION,2025,49,-0.06087433272246089,-0.018218933994497734,-0.0020592578545504435,0.0012627570154355794,21
K200,FULL,REVISION,2026,20,-0.05229919957652012,-0.1518796992481203,-0.00879955727955331,0.0006423823987592261,16
K200,FULL,VALUE,2020,45,0.15957830143926952,0.10912685930084555,0.0043035504812579456,-0.004480277540143799,38
K200,FULL,VALUE,2021,49,0.10264006015512363,0.07440673883467143,0.0028752849334458316,0.004129617847005386,13
K200,FULL,VALUE,2022,50,-0.07857130832667332,-0.0948126828493776,-0.004120984555616473,0.0014109011668856175,19
K200,FULL,VALUE,2023,49,0.11182902471100468,0.12163926726190281,-0.002509576359084688,0.000785928370141544,23
K200,FULL,VALUE,2024,48,-0.10324617918318588,-0.09333663523615954,-0.003346960517103821,-0.0022093748028151326,29
K200,FULL,VALUE,2025,49,-0.07473141812136193,-0.10926257053843039,0.00022213758338789037,0.0025342721817863097,15
K200,FULL,VALUE,2026,20,0.04132272955143188,0.04661654135338346,0.005216065306294155,0.003564511940086449,8
K200,MARKET_ONLY,EW4,2020,45,-0.023369789310470467,0.04510747923466824,0.00013701626555526737,0.00038368317081355157,18
K200,MARKET_ONLY,EW4,2021,49,0.027916784557714923,-0.13879059667573443,-0.0010315899927501129,-0.0010366602842426223,13
K200,MARKET_ONLY,EW4,2022,50,-0.13923580416336062,-0.055379210854785574,-0.0004153254199899821,-0.0008916703182371074,16
K200,MARKET_ONLY,EW4,2023,49,-0.06400306494056367,-0.08103260089226065,-0.001972335715637763,0.0005725670992691178,14
K200,MARKET_ONLY,EW4,2024,48,-0.02063593745272493,-0.08742884468235983,0.0012118626673859635,0.0010612482068022874,4
K200,MARKET_ONLY,EW4,2025,49,0.010943208496718216,0.026951240291276466,-0.001982074607018663,5.227851896881375e-05,6
K200,MARKET_ONLY,EW4,2026,20,-0.02670620109728509,-0.11773668734144879,-0.005148774060136401,-0.002185595777703563,13
K200,MARKET_ONLY,FLOW,2020,45,0.015060203851465547,0.001054018445322793,0.0006408097559888312,-0.0024643863050433003,6
K200,MARKET_ONLY,FLOW,2021,49,-0.08417147670442714,-0.10421026111138479,-0.0035442532395303285,0.00174074012040149,11
K200,MARKET_ONLY,FLOW,2022,50,-0.04489401639138778,0.01714285714285714,0.00011063442614606968,-0.0010018870696437822,36
K200,MARKET_ONLY,FLOW,2023,49,0.009753717239578788,-0.04827762341399119,-0.002263977934344161,-0.0004955906535017364,20
K200,MARKET_ONLY,FLOW,2024,48,-0.2897426545036849,-0.1757490230134607,-0.00755757084756563,-0.010459444604047307,10
K200,MARKET_ONLY,FLOW,2025,49,0.020475980394356417,0.027755102040816323,0.0007043143835864446,2.113440286298234e-05,7
K200,MARKET_ONLY,FLOW,2026,20,0.029827900620935297,0.13533834586466165,0.01276590020876027,-0.0017436600259794917,5
K200,MARKET_ONLY,MARKET,2020,45,-0.09379005026114551,-0.08761528326745717,-0.0015129300901258118,-0.005229247342530364,6
K200,MARKET_ONLY,MARKET,2021,49,0.11907681758935408,0.14224489795918363,-0.00011750516448279019,-0.002035319988731934,36
K200,MARKET_ONLY,MARKET,2022,50,-0.11013250248727055,-0.13354141656662666,-0.0049454968046248856,-0.005416771647766947,20
K200,MARKET_ONLY,MARKET,2023,49,0.09332462398094507,0.16255102040816324,0.0033687413441155544,0.00033403338717732283,25
K200,MARKET_ONLY,MARKET,2024,48,-0.16152006663203883,-0.06849761181068172,-0.004346018154305059,-0.007209787395894072,18
K200,MARKET_ONLY,MARKET,2025,49,-0.18863837802478098,-0.20265306122448978,-0.015431090125369416,-0.003615745692363545,1
K200,MARKET_ONLY,MARKET,2026,20,-0.44742512501333387,-0.5503759398496241,-0.037266220044857586,-0.013047702944250773,2
K200,MARKET_ONLY,MOMENTUM,2020,45,0.03291283328715515,0.02371541501976284,4.888216822340882e-05,,0
K200,MARKET_ONLY,MOMENTUM,2021,49,-0.20569132581784572,-0.08918367346938774,-0.0038709003080362467,-0.006068527316184147,11
K200,MARKET_ONLY,MOMENTUM,2022,50,-0.10609622211368692,-0.059495798319327726,-0.0022216584113254135,-0.008166459814628501,2
K200,MARKET_ONLY,MOMENTUM,2023,49,0.13496618469037835,0.17494259309002302,0.003316429226864012,0.005364439070369974,2
K200,MARKET_ONLY,MOMENTUM,2024,48,0.0644446134519047,0.08163265306122448,0.0026366615099665297,,0
K200,MARKET_ONLY,MOMENTUM,2025,49,-0.04350414652613879,-0.0067346938775510205,0.003138307719359159,-0.0019238979302362502,6
K200,MARKET_ONLY,MOMENTUM,2026,20,-0.1182847956728183,-0.0940203150355918,-0.00467232629735683,0.008840971245104374,2
K200,MARKET_ONLY,REVISION,2020,45,0.19169666949491967,0.21100495379306006,0.004499788008379384,-0.0001112536028559788,45
K200,MARKET_ONLY,REVISION,2021,49,0.15566104101543488,0.15981222656949864,0.0023078042633120745,0.00028546531873376534,37
K200,MARKET_ONLY,REVISION,2022,50,-0.05347205791977429,-0.09992818021790945,-0.0008471450116748232,-0.0004763205856196966,34
K200,MARKET_ONLY,REVISION,2023,49,0.1352670402093047,0.06180148198133545,0.0008656791734492171,0.00020372680606570853,37
K200,MARKET_ONLY,REVISION,2024,48,0.3206015370652953,0.2684614759313627,0.014016234594431598,0.0026366117750849663,33
K200,MARKET_ONLY,REVISION,2025,49,-0.04690186720973667,-0.06670069112271299,-0.0012313229826677197,0.001830285668458895,24
K200,MARKET_ONLY,REVISION,2026,20,0.0572678256913169,-0.0706766917293233,-0.00512784354398305,0.002333892501378349,19
K200,MARKET_ONLY,VALUE,2020,45,0.05514680375010278,0.07202636305303393,0.003552277217241293,-0.0037157258390380222,29
K200,MARKET_ONLY,VALUE,2021,49,-0.15519316354819399,-0.2709364722038893,-0.0047792003510147025,-0.0024350827319981577,23
K200,MARKET_ONLY,VALUE,2022,50,-0.07428074335711422,-0.009029779318988344,-0.003172001149086563,0.0029834740109947874,26
K200,MARKET_ONLY,VALUE,2023,49,-0.015364213368864602,-0.04825739192380275,-0.001839560913717615,-0.0018473719427464618,25
K200,MARKET_ONLY,VALUE,2024,48,0.13017117232830763,0.13544134554350742,0.0045013839668023425,0.0009670802017208029,29
K200,MARKET_ONLY,VALUE,2025,49,-0.2206291507477104,-0.15881602966632197,-0.004507284132393898,-0.0017438577396623003,10
K200,MARKET_ONLY,VALUE,2026,20,0.027369492973015188,-0.15939849624060148,-0.011943278903192474,0.005920198874535132,4
KOSDAQ,FACTOR_ONLY,EW4,2020,41,-0.19973469494983812,-0.1912335440011583,-0.0026867831763839867,-0.0016913635931029038,10
KOSDAQ,FACTOR_ONLY,EW4,2021,47,-0.06682695839050116,0.05759658599135215,0.0007197319929834922,0.0005840885466173365,13
KOSDAQ,FACTOR_ONLY,EW4,2022,25,0.09830114472645608,0.07452677794701518,0.00031860806574155734,-0.000339137924939193,12
KOSDAQ,FACTOR_ONLY,EW4,2023,39,0.032236576369040135,-0.030710922281770497,-0.0004462913278385438,-0.0050028731152369004,12
KOSDAQ,FACTOR_ONLY,EW4,2024,34,0.2522221689202253,0.22999904390254522,0.0030195174633171193,0.0024571484214823435,10
KOSDAQ,FACTOR_ONLY,EW4,2025,45,0.05070067209958972,0.22539860008414767,0.0009771124031282068,-0.008588745672862958,3
KOSDAQ,FACTOR_ONLY,EW4,2026,13,0.1571889649915411,0.23626373626373626,0.004095373028002659,0.003970786018655259,5
KOSDAQ,FACTOR_ONLY,FLOW,2020,41,-0.004174353528007875,-0.0672591053946381,0.0045406574314480605,7.209081726611067e-05,13
KOSDAQ,FACTOR_ONLY,FLOW,2021,47,-0.14487690636050965,-0.1479960735058262,-0.0037958772975721774,-0.0020354800711522934,12
KOSDAQ,FACTOR_ONLY,FLOW,2022,25,0.01316777395915267,0.15461538461538463,0.0008904899652719719,-0.0010315715763807721,9
KOSDAQ,FACTOR_ONLY,FLOW,2023,39,-0.08328038362463604,-0.15407977639163326,-0.002719897846198958,-0.010803858157698652,4
KOSDAQ,FACTOR_ONLY,FLOW,2024,34,0.3618118123043136,0.2828113063407181,0.004323769537561223,0.0006768274963238632,13
KOSDAQ,FACTOR_ONLY,FLOW,2025,45,0.11920609357497211,0.20635129972268032,0.0030208686559684487,,0
KOSDAQ,FACTOR_ONLY,FLOW,2026,13,0.12134276484825743,0.3186813186813187,0.010256226793395797,0.009496119914696503,3
KOSDAQ,FACTOR_ONLY,MARKET,2020,41,0.22667453232516632,0.212020905923345,0.0025951058285878423,0.0007114340469908664,15
KOSDAQ,FACTOR_ONLY,MARKET,2021,47,-0.16965222186470985,-0.21392229417206293,-0.0037836725799374384,-0.004837548465107849,16
KOSDAQ,FACTOR_ONLY,MARKET,2022,25,0.1579276909309447,0.10076923076923076,0.0005581017875387535,0.0023410576387212366,5
KOSDAQ,FACTOR_ONLY,MARKET,2023,39,0.17332781306665515,0.1821862348178138,0.007082937460448443,0.007938963313110899,11
KOSDAQ,FACTOR_ONLY,MARKET,2024,34,-0.0698952612729946,-0.2082505729564553,-0.001915400266522824,-0.0015192576026970862,14
KOSDAQ,FACTOR_ONLY,MARKET,2025,45,-0.11359272259575239,-0.0152832674571805,-0.00354087266837643,-0.00763698495139588,14
KOSDAQ,FACTOR_ONLY,MARKET,2026,13,0.1481966483836374,0.049450549450549455,0.02656896082156423,0.0019364622637601306,6
KOSDAQ,FACTOR_ONLY,MOMENTUM,2020,41,-0.20243412373835573,-0.1905011074089374,-0.006383096301871756,-0.0017532887104149471,24
KOSDAQ,FACTOR_ONLY,MOMENTUM,2021,47,-0.10887443139410126,-0.20226668343885418,0.00011793461338448479,-0.006512744711828225,12
KOSDAQ,FACTOR_ONLY,MOMENTUM,2022,25,0.13099595890466828,0.006923076923076924,0.0027742667201087136,-0.0007142110472540944,5
KOSDAQ,FACTOR_ONLY,MOMENTUM,2023,39,0.08127500827025402,0.10122388538182409,0.0037334486251303298,0.004266756604516619,10
KOSDAQ,FACTOR_ONLY,MOMENTUM,2024,34,-0.2922866684480281,-0.09525996667764958,-0.00503584349968626,0.0019191813500533588,9
KOSDAQ,FACTOR_ONLY,MOMENTUM,2025,45,0.04786386818022777,0.008234790346705212,0.002358051076846115,0.0005444200918236335,17
KOSDAQ,FACTOR_ONLY,MOMENTUM,2026,13,0.19944439455467036,0.17521116462879902,0.0072319790747624405,0.002948997864366325,4
KOSDAQ,FACTOR_ONLY,REVISION,2020,41,-0.3744102314636025,-0.378727258147113,-0.011184024137614906,-0.004128662793177317,16
KOSDAQ,FACTOR_ONLY,REVISION,2021,47,0.04656243263467644,0.09867976836494868,0.0009150049146692072,0.0003150240167501923,30
KOSDAQ,FACTOR_ONLY,REVISION,2022,25,-0.06064325947952847,-0.16156953559117535,0.0017855190209789796,-0.00046352788007181293,24
KOSDAQ,FACTOR_ONLY,REVISION,2023,39,-0.17920946390994957,-0.14653166435272216,-0.005491232909388859,0.0015768601021308114,37
KOSDAQ,FACTOR_ONLY,REVISION,2024,34,-0.20849029713013856,-0.23055767761650112,-0.005588042186804275,0.0005634502746662511,24
KOSDAQ,FACTOR_ONLY,REVISION,2025,45,-0.00047266990068544105,0.12170031339311267,0.0004976596764247398,0.0026720489435813526,10
KOSDAQ,FACTOR_ONLY,REVISION,2026,13,-0.029367129872368208,0.04395604395604395,0.01054317043340987,-0.002433389416194965,7
KOSDAQ,FACTOR_ONLY,VALUE,2020,41,-0.08704760601814429,-0.0842197355824381,-0.0029033362732137167,-0.0018300133883518111,14
KOSDAQ,FACTOR_ONLY,VALUE,2021,47,-0.04554605218800989,-0.1032907335996114,-0.004097101191792078,0.00022106878850233612,22
KOSDAQ,FACTOR_ONLY,VALUE,2022,25,0.2656545816452756,0.3075150216907925,0.004708161020923037,0.005408400114829629,9
KOSDAQ,FACTOR_ONLY,VALUE,2023,39,0.17504673484419606,0.1388663967611336,0.009366058398031526,-0.0026022991581919285,15
KOSDAQ,FACTOR_ONLY,VALUE,2024,34,0.14947110984478337,0.11260504201680671,-0.004034117821895774,0.009184932051306176,8
KOSDAQ,FACTOR_ONLY,VALUE,2025,45,-0.0015713038392815232,0.060218738169390114,-0.002788737283599978,-0.0037019436216557395,14
KOSDAQ,FACTOR_ONLY,VALUE,2026,13,0.10607724304759773,0.24725274725274726,-0.0037714681970330973,-0.007215254131226356,5
KOSDAQ,FULL,EW4,2020,41,-0.20116354695558084,-0.17865928357368488,-0.0012416770187126148,-0.0008880835661965375,5
KOSDAQ,FULL,EW4,2021,47,0.0014398703991196948,0.1062284948141622,0.0007338694554029736,0.0006327625921687813,12
KOSDAQ,FULL,EW4,2022,25,0.01943890115207421,-0.03175857014787579,0.001083280724603976,-0.00019431409852192628,12
KOSDAQ,FULL,EW4,2023,39,0.0798076753254281,0.0035949240129162794,0.0026333475226640955,-0.0010851453023694398,16
KOSDAQ,FULL,EW4,2024,34,0.22225456739901858,0.2224131105247069,0.004169212737568947,0.00335181299188957,11
KOSDAQ,FULL,EW4,2025,45,-0.028177806286387646,0.10529183431160888,0.0009712887945756204,-0.01503011726107585,2
KOSDAQ,FULL,EW4,2026,13,0.1179640430808626,0.18131868131868134,0.007455102520825834,-0.0069452913521475725,5
KOSDAQ,FULL,FLOW,2020,41,0.0020161694366428663,-0.028053668312271327,0.002222276720382255,-0.0035275673236390345,7
KOSDAQ,FULL,FLOW,2021,47,-0.10458631604736081,-0.09982072015281594,-0.0026924739791817777,0.00032728886816206173,11
KOSDAQ,FULL,FLOW,2022,25,-0.03036693382507579,0.13153846153846155,0.0016734678580892493,-0.00027061622814700405,12
KOSDAQ,FULL,FLOW,2023,39,0.018300867127593424,-0.12330431514126763,-0.001599911506909162,-0.0019028691943062403,3
KOSDAQ,FULL,FLOW,2024,34,0.27419996171732075,0.24125286478227656,0.004352834546034176,0.0005836152971807681,15
KOSDAQ,FULL,FLOW,2025,45,0.16367040379914047,0.2274344465653552,0.0029018678298778976,0.014667976494364,1
KOSDAQ,FULL,FLOW,2026,13,0.2780682688018025,0.521978021978022,0.014711876576332036,0.008162252981573788,4
KOSDAQ,FULL,MARKET,2020,41,0.1843863894416701,0.18519163763066207,0.0031347390161618155,-0.00023849711731924845,16
KOSDAQ,FULL,MARKET,2021,47,-0.013255580584221735,-0.15275208140610547,-0.0010582504289601549,-0.0023683892922832907,8
KOSDAQ,FULL,MARKET,2022,25,0.10091231169329004,0.02923076923076923,-0.0012388513811214241,0.0008072975260038206,4
KOSDAQ,FULL,MARKET,2023,39,0.162168490612282,0.17894736842105266,0.005470003112462378,0.004360854392794712,10
KOSDAQ,FULL,MARKET,2024,34,-0.08441647893396957,-0.2693659281894576,-0.005814352262301502,-0.0015192576026970862,14
KOSDAQ,FULL,MARKET,2025,45,-0.13165335936682115,-0.00606060606060606,-0.0017883829536188755,-0.011188594098033315,8
KOSDAQ,FULL,MARKET,2026,13,0.13427232693033792,-0.005494505494505494,0.016853435495334725,0.0010488866321181217,7
KOSDAQ,FULL,MOMENTUM,2020,41,-0.20815217648747128,-0.23233117673935363,-0.006766634647819425,-0.002040175919447967,23
KOSDAQ,FULL,MOMENTUM,2021,47,-0.07715470755657713,-0.20099456593294943,-0.0006098216811499411,-0.0072344621133081325,13
KOSDAQ,FULL,MOMENTUM,2022,25,0.11645157062901859,0.010769230769230769,0.002552244787204847,-0.00017179846107029015,8
KOSDAQ,FULL,MOMENTUM,2023,39,0.0336119541813344,0.04602937242714737,0.004418141699706768,0.003960846060776217,12
KOSDAQ,FULL,MOMENTUM,2024,34,-0.28559577212020365,-0.09418962997340634,-0.0053117538672608385,0.0015244808843308559,11
KOSDAQ,FULL,MOMENTUM,2025,45,-0.027604652312395738,-0.034454362810614605,0.0027167561113432765,-0.0011509798995257042,14
KOSDAQ,FULL,MOMENTUM,2026,13,0.09428641884571654,0.022607892210167617,0.002321331057470662,0.0017388092054646104,3
KOSDAQ,FULL,REVISION,2020,41,-0.39515698547011174,-0.386050713415151,-0.010732713657676191,-0.008578944155042888,12
KOSDAQ,FULL,REVISION,2021,47,0.07939772769192564,0.09196213155137237,0.0012663178751271765,0.001432739503332312,31
KOSDAQ,FULL,REVISION,2022,25,-0.40918760682980837,-0.42700520120524915,-0.007211084822391264,-0.0006630772349538646,21
KOSDAQ,FULL,REVISION,2023,39,0.01709400689434422,0.022481015539947698,-0.0007040680071402467,0.002256011114358867,35
KOSDAQ,FULL,REVISION,2024,34,-0.1417428026642407,-0.1019098548510313,-0.0025627339395318557,0.0014221797930492781,24
KOSDAQ,FULL,REVISION,2025,45,-0.08742823589059809,0.04091876046840014,-0.0005463928891642978,-0.0014407395022249894,9
KOSDAQ,FULL,REVISION,2026,13,-0.15264246197183862,-0.2087912087912088,-0.026816822145885575,-0.0021733383117350825,8
KOSDAQ,FULL,VALUE,2020,41,-0.12392828262250245,-0.12833483517323901,-0.0042736133004903105,-0.0019707836489942583,13
KOSDAQ,FULL,VALUE,2021,47,-0.02051297889900279,-0.0963507067060205,-0.002707507237479296,3.414171074340652e-05,22
KOSDAQ,FULL,VALUE,2022,25,0.3218109205539173,0.32447073717249025,0.0042597403240023455,0.007296494106553401,7
KOSDAQ,FULL,VALUE,2023,39,0.11960687698569389,0.0728744939271255,0.0003143383052398854,-0.002869715300585552,16
KOSDAQ,FULL,VALUE,2024,34,0.20007445490752093,0.20030557677616498,0.003973920101828581,0.009184932051306176,8
KOSDAQ,FULL,VALUE,2025,45,-0.04035884436835153,-0.04664646238941816,-0.0061063122997632386,-0.011907730705695965,12
KOSDAQ,FULL,VALUE,2026,13,0.11491127574042388,0.2087912087912088,-0.0037714681970330973,-0.017731206235488812,6
KOSDAQ,MARKET_ONLY,EW4,2020,41,-0.07157613195614634,-0.0939576681941764,-0.002414957063932353,,0
KOSDAQ,MARKET_ONLY,EW4,2021,47,0.12889674376182664,0.18937148110279772,0.00444470369369853,-0.00125564801979605,1
KOSDAQ,MARKET_ONLY,EW4,2022,25,-0.07886305287810631,-0.1312687566112199,-0.002317447189608837,0.00122347625417987,5
KOSDAQ,MARKET_ONLY,EW4,2023,39,0.1621451793759799,0.1079504325021431,0.004018734177910678,0.006528889582755937,4
KOSDAQ,MARKET_ONLY,EW4,2024,34,-0.034631899624296296,-0.17270103647419185,-0.0013551258522463813,-0.0013872605945033638,5
KOSDAQ,MARKET_ONLY,EW4,2025,45,-0.18549467439497896,-0.13756722070863472,-0.0016959697040592927,-0.003281367424827444,9
KOSDAQ,MARKET_ONLY,EW4,2026,13,0.449694422846367,0.2582417582417582,0.014094249521547603,0.0009187451621616505,10
KOSDAQ,MARKET_ONLY,FLOW,2020,41,0.10492479356675229,0.14532148678530613,0.00529965833654895,-0.001008838778640357,9
KOSDAQ,MARKET_ONLY,FLOW,2021,47,0.05254948708168276,0.03452663379561478,0.002517112225196065,,0
KOSDAQ,MARKET_ONLY,FLOW,2022,25,-0.018884706599787995,-0.006153846153846154,-0.0018908112872965282,0.0005031313503674887,9
KOSDAQ,MARKET_ONLY,FLOW,2023,39,0.21069593378371548,0.1285685387761986,0.00900394567312821,,0
KOSDAQ,MARKET_ONLY,FLOW,2024,34,-0.14798472960633702,-0.17433155080213902,-0.006862343952484858,-0.0010429806401685607,4
KOSDAQ,MARKET_ONLY,FLOW,2025,45,0.1844371386378018,0.1900118609196073,0.005231148530964618,0.00574454224657799,3
KOSDAQ,MARKET_ONLY,FLOW,2026,13,0.6535773248532778,0.510989010989011,0.019757356492734742,0.0015525446653913244,10
KOSDAQ,MARKET_ONLY,MARKET,2020,41,0.2166008837609982,0.2646341463414635,0.008379032782215053,0.002746571248849367,13
KOSDAQ,MARKET_ONLY,MARKET,2021,47,0.24218632080635707,0.21045328399629973,0.005153625906490289,0.0010238620603900614,4
KOSDAQ,MARKET_ONLY,MARKET,2022,25,-0.10379668301365116,-0.18076923076923077,-0.003668657906711029,-0.0012556292096081688,4
KOSDAQ,MARKET_ONLY,MARKET,2023,39,0.10446966054488574,0.13137651821862348,0.006210536770504545,0.0020164794892650164,7
KOSDAQ,MARKET_ONLY,MARKET,2024,34,-0.05784118718389521,-0.07074102368220014,-0.0038089061833534617,0.0014158102448020363,2
KOSDAQ,MARKET_ONLY,MARKET,2025,45,0.023748125789071962,0.0761528326745718,0.0012499231649796658,-0.002913390629395058,5
KOSDAQ,MARKET_ONLY,MARKET,2026,13,0.03699618856470852,0.06043956043956044,-0.007249390434725171,-0.005226535983143726,6
KOSDAQ,MARKET_ONLY,MOMENTUM,2020,41,-0.16084651923549015,-0.09603486750441398,-0.0045498960920992565,-0.003609461328068187,21
KOSDAQ,MARKET_ONLY,MOMENTUM,2021,47,0.15859956249360338,0.11842257509513246,0.003664462940448963,,0
KOSDAQ,MARKET_ONLY,MOMENTUM,2022,25,-0.047104096497348355,-0.2169230769230769,-0.0009563202220058825,-0.0019612158471918654,6
KOSDAQ,MARKET_ONLY,MOMENTUM,2023,39,-0.11554383476092596,-0.13258903296492452,-0.00339625631382959,1.7329094040924888e-06,3
KOSDAQ,MARKET_ONLY,MOMENTUM,2024,34,0.09646785055883668,0.17691136668706353,0.0026184713010501005,,0
KOSDAQ,MARKET_ONLY,MOMENTUM,2025,45,-0.1791527442132133,-0.18669916674050055,-0.00488364479260976,-0.009499227564758331,8
KOSDAQ,MARKET_ONLY,MOMENTUM,2026,13,0.2590498918898227,0.07347564968304475,0.0009279618000276339,0.004509893054004686,6
KOSDAQ,MARKET_ONLY,REVISION,2020,41,-0.29684052395467436,-0.27585014842943495,-0.006371045379655777,-0.0005713560636222057,15
KOSDAQ,MARKET_ONLY,REVISION,2021,47,-0.041790261760265686,-0.11084100742400928,-0.0032045938966752674,0.0015931860725789213,46
KOSDAQ,MARKET_ONLY,REVISION,2022,25,-0.3351395527406336,-0.33044816922099907,-0.010217356598658033,0.00014179221252240466,25
KOSDAQ,MARKET_ONLY,REVISION,2023,39,0.09072389899698424,0.08000001025476884,0.00531082893069445,0.0016504491688125438,33
KOSDAQ,MARKET_ONLY,REVISION,2024,34,0.0950715219981517,0.031932773109243695,-0.00018963499598831281,0.0012475947013017715,30
KOSDAQ,MARKET_ONLY,REVISION,2025,45,-0.1064708890442611,-0.060850156696556336,-0.003968987619600835,0.001406605364542443,24
KOSDAQ,MARKET_ONLY,REVISION,2026,13,-0.2764637495933779,-0.23076923076923078,-0.016712631099451,-0.0038904614730932057,7
KOSDAQ,MARKET_ONLY,VALUE,2020,41,-0.20422519574613107,-0.16373153563542311,-0.011030462465525304,0.008019483879340934,2
KOSDAQ,MARKET_ONLY,VALUE,2021,47,0.16481860423488373,0.07246544748057843,0.0022777884858116433,-0.004771398693433201,1
KOSDAQ,MARKET_ONLY,VALUE,2022,25,0.11847640787466325,0.1583817968858593,0.002249099457026182,0.006521569173807525,2
KOSDAQ,MARKET_ONLY,VALUE,2023,39,-0.17164500604550872,-0.31214574898785424,-0.016323040080705734,-0.011270721113707824,22
KOSDAQ,MARKET_ONLY,VALUE,2024,34,-0.0053752953211158895,-0.03682200152788388,-0.00017079833138811357,,0
KOSDAQ,MARKET_ONLY,VALUE,2025,45,-0.11966213956668492,-0.14428778620455615,-0.005429287121835489,-0.004016909599724059,10
KOSDAQ,MARKET_ONLY,VALUE,2026,13,0.3419562796249846,0.2802197802197803,0.020012701633695253,-0.009005530340125464,7
KOSDAQ_PLUS_KOSPI_EX_K200,FACTOR_ONLY,EW4,2020,45,0.2223084116242391,0.16882288593252828,0.007682179664399172,-0.0003552624348435081,3
KOSDAQ_PLUS_KOSPI_EX_K200,FACTOR_ONLY,EW4,2021,49,0.017990807131784987,0.07392080704568717,-0.00033724926469290423,0.0003385792427617509,31
KOSDAQ_PLUS_KOSPI_EX_K200,FACTOR_ONLY,EW4,2022,50,-0.12873300235541715,0.02686416913764681,-0.0015468029873385524,-0.001857234587674577,21
KOSDAQ_PLUS_KOSPI_EX_K200,FACTOR_ONLY,EW4,2023,49,-0.1773643013146947,-0.1871769707022748,-0.0016367555933153306,-0.0025672063910252164,22
KOSDAQ_PLUS_KOSPI_EX_K200,FACTOR_ONLY,EW4,2024,47,0.0657692627432136,0.21902910325327282,0.0010163623890796728,0.0011929506597984053,15
KOSDAQ_PLUS_KOSPI_EX_K200,FACTOR_ONLY,EW4,2025,49,-0.14287828728277066,-0.03929608372187547,-0.00338914013967881,-0.005571043759020953,11
KOSDAQ_PLUS_KOSPI_EX_K200,FACTOR_ONLY,EW4,2026,19,0.06259377151830475,-0.062969605609847,0.005096462620569216,0.0010189673364257965,13
KOSDAQ_PLUS_KOSPI_EX_K200,FACTOR_ONLY,FLOW,2020,45,0.19252810177647817,0.21410683623544446,0.007173764516533868,-0.003208962484094054,4
KOSDAQ_PLUS_KOSPI_EX_K200,FACTOR_ONLY,FLOW,2021,49,0.08416469214463143,0.09898969334126032,0.0011376269853257492,0.0016243939277087588,17
KOSDAQ_PLUS_KOSPI_EX_K200,FACTOR_ONLY,FLOW,2022,50,-0.23826207961227444,-0.16682273288680932,-0.003707672466933381,-0.0031528516054533605,27
KOSDAQ_PLUS_KOSPI_EX_K200,FACTOR_ONLY,FLOW,2023,49,-0.007514180002444497,0.03612244897959184,0.0019179598974459421,0.003698287334670989,7
KOSDAQ_PLUS_KOSPI_EX_K200,FACTOR_ONLY,FLOW,2024,47,0.20171652711719504,0.2966003700277521,0.00464241002318035,0.0014390011349389076,22
KOSDAQ_PLUS_KOSPI_EX_K200,FACTOR_ONLY,FLOW,2025,49,0.0036276393257706763,0.045514848690930004,0.00127939782951547,-0.003923507445877385,7
KOSDAQ_PLUS_KOSPI_EX_K200,FACTOR_ONLY,FLOW,2026,19,0.1045947228378701,0.1087719298245614,0.007610540463030939,0.003336099540799694,7
KOSDAQ_PLUS_KOSPI_EX_K200,FACTOR_ONLY,MARKET,2020,45,0.12402283171150255,0.11963109354413701,0.00936731014007784,-0.0059644482217374156,8
KOSDAQ_PLUS_KOSPI_EX_K200,FACTOR_ONLY,MARKET,2021,49,0.03186704961474234,0.05255102040816326,0.0003102343059057252,-0.0009115240500644304,22
KOSDAQ_PLUS_KOSPI_EX_K200,FACTOR_ONLY,MARKET,2022,50,-0.1528766877914742,-0.17080432172869148,-0.004288040236995944,-0.0035205551251914265,22
KOSDAQ_PLUS_KOSPI_EX_K200,FACTOR_ONLY,MARKET,2023,49,-0.09266841837085829,-0.11591836734693876,-0.00442322281444954,-0.0007689729782188787,21
KOSDAQ_PLUS_KOSPI_EX_K200,FACTOR_ONLY,MARKET,2024,47,-0.06117903339966756,-0.08984736355226641,-0.0005133441549759485,-0.0030734370241375245,19
KOSDAQ_PLUS_KOSPI_EX_K200,FACTOR_ONLY,MARKET,2025,49,-0.24543639043876087,-0.20989795918367343,-0.00575197475855444,-0.0026272275524123877,4
KOSDAQ_PLUS_KOSPI_EX_K200,FACTOR_ONLY,MARKET,2026,19,-0.050328537930363106,-0.08596491228070174,9.54777030228917e-05,-0.0014033563176417173,8
KOSDAQ_PLUS_KOSPI_EX_K200,FACTOR_ONLY,MOMENTUM,2020,45,0.18628883553395398,0.1605277243962747,0.013040382704002209,0.003064983779505532,15
KOSDAQ_PLUS_KOSPI_EX_K200,FACTOR_ONLY,MOMENTUM,2021,49,0.0688716438956689,0.0984794371900167,0.000840873003665405,-0.0003515149710037087,12
KOSDAQ_PLUS_KOSPI_EX_K200,FACTOR_ONLY,MOMENTUM,2022,50,-0.21781765954839968,-0.22343337334933971,-0.006395791326305459,-0.00802737038541031,16
KOSDAQ_PLUS_KOSPI_EX_K200,FACTOR_ONLY,MOMENTUM,2023,49,0.1731793696972603,0.2214390167135951,0.004953261176742788,0.0021082555919355334,9
KOSDAQ_PLUS_KOSPI_EX_K200,FACTOR_ONLY,MOMENTUM,2024,47,-0.11053338430528768,0.09256046903462288,-0.002785728353589947,-0.0013560640644442292,13
KOSDAQ_PLUS_KOSPI_EX_K200,FACTOR_ONLY,MOMENTUM,2025,49,-0.1310263911864531,-0.07908365011884858,-0.0036515165980155594,-0.0032745192047295146,12
KOSDAQ_PLUS_KOSPI_EX_K200,FACTOR_ONLY,MOMENTUM,2026,19,-0.26691905155788204,-0.1762131635973775,-0.006989322140689864,0.0008003684526473005,11
KOSDAQ_PLUS_KOSPI_EX_K200,FACTOR_ONLY,REVISION,2020,45,-0.1253967920327965,-0.1510773419462861,-0.00421562173090527,-0.00223530506749721,24
KOSDAQ_PLUS_KOSPI_EX_K200,FACTOR_ONLY,REVISION,2021,49,-0.21941535862831998,-0.2323469387755102,-0.006748886154686933,0.0011667387168194958,34
KOSDAQ_PLUS_KOSPI_EX_K200,FACTOR_ONLY,REVISION,2022,50,-0.06182544646019049,0.0028835766536395866,-0.0022401265990590995,0.00017074182886306054,46
KOSDAQ_PLUS_KOSPI_EX_K200,FACTOR_ONLY,REVISION,2023,49,-0.14778902587313875,-0.16277171224671155,-0.005524656681039421,0.0019272294946612353,40
KOSDAQ_PLUS_KOSPI_EX_K200,FACTOR_ONLY,REVISION,2024,47,0.2174425547199213,0.19657724329324702,0.004633743743186026,0.0006812345630051668,36
KOSDAQ_PLUS_KOSPI_EX_K200,FACTOR_ONLY,REVISION,2025,49,-0.3449875003675919,-0.27662464767326933,-0.005636000909096214,0.0005497355770713073,31
KOSDAQ_PLUS_KOSPI_EX_K200,FACTOR_ONLY,REVISION,2026,19,0.16625455132622285,0.13684210526315788,0.002942022878472542,0.0025921054057112744,19
KOSDAQ_PLUS_KOSPI_EX_K200,FACTOR_ONLY,VALUE,2020,45,0.12190036949339579,0.19024394377324283,0.0018054405660282375,-0.006986493289694535,14
KOSDAQ_PLUS_KOSPI_EX_K200,FACTOR_ONLY,VALUE,2021,49,0.24302047058278917,0.144492279479937,0.006131381659481039,0.002199057184355785,29
KOSDAQ_PLUS_KOSPI_EX_K200,FACTOR_ONLY,VALUE,2022,50,0.0041004058160890875,-0.05351738273514339,-0.0005845404735140285,0.0064300939519783,20
KOSDAQ_PLUS_KOSPI_EX_K200,FACTOR_ONLY,VALUE,2023,49,-0.2484247300853771,-0.2707722136649867,-0.018495537588781526,-0.007441760070518443,27
KOSDAQ_PLUS_KOSPI_EX_K200,FACTOR_ONLY,VALUE,2024,47,-0.0350777414819815,-0.006597798331500059,-0.002376531662977606,-2.441514387903354e-05,16
KOSDAQ_PLUS_KOSPI_EX_K200,FACTOR_ONLY,VALUE,2025,49,0.19092545177137993,0.2297524953591843,0.008604827347439713,-0.00269856199320197,25
KOSDAQ_PLUS_KOSPI_EX_K200,FACTOR_ONLY,VALUE,2026,19,0.09899305344266626,0.028070175438596492,-0.002876730534942803,0.00011214645789408931,15
KOSDAQ_PLUS_KOSPI_EX_K200,FULL,EW4,2020,45,0.2070878400263955,0.16380703787511153,0.0050083149526756795,-0.0008637018675424126,2
KOSDAQ_PLUS_KOSPI_EX_K200,FULL,EW4,2021,49,0.03144933746394566,0.07267844054071763,0.0001642721597065869,-0.00029108829213497827,30
KOSDAQ_PLUS_KOSPI_EX_K200,FULL,EW4,2022,50,-0.08891975004069082,0.017080957935944722,-0.0014654724465475875,2.8159478339350317e-05,19
KOSDAQ_PLUS_KOSPI_EX_K200,FULL,EW4,2023,49,-0.06729594116665438,-0.1135151562818597,0.0013627593300263384,0.0009775803691039482,20
KOSDAQ_PLUS_KOSPI_EX_K200,FULL,EW4,2024,47,0.1573338491189696,0.21238045349816198,0.004980792354735503,0.002962334945043164,16
KOSDAQ_PLUS_KOSPI_EX_K200,FULL,EW4,2025,49,-0.20814709944749957,-0.07504822355371443,-0.0023775377940195384,-0.0069644550057944106,9
KOSDAQ_PLUS_KOSPI_EX_K200,FULL,EW4,2026,19,-0.09423139391169999,-0.12414007963084123,0.0011954776922935948,-0.0013615369408399266,10
KOSDAQ_PLUS_KOSPI_EX_K200,FULL,FLOW,2020,45,0.20147351527597532,0.22386293591612358,0.007173764516533868,-0.003208962484094054,4
KOSDAQ_PLUS_KOSPI_EX_K200,FULL,FLOW,2021,49,0.0698432245367681,0.0901112363096215,0.00166921597709527,0.0015974305101507107,19
KOSDAQ_PLUS_KOSPI_EX_K200,FULL,FLOW,2022,50,-0.22655203592851825,-0.15246464505343107,-0.003854090925411455,-0.0025907989119216936,28
KOSDAQ_PLUS_KOSPI_EX_K200,FULL,FLOW,2023,49,0.10631026255130906,0.12091836734693878,0.0017720108236330885,0.005004635927007804,6
KOSDAQ_PLUS_KOSPI_EX_K200,FULL,FLOW,2024,47,0.2842120394221822,0.286308973172988,0.0030064324139991473,0.0003389577814689018,18
KOSDAQ_PLUS_KOSPI_EX_K200,FULL,FLOW,2025,49,0.04158866297194505,0.09153995353310362,0.001117149397182013,-0.0016711379020416788,7
KOSDAQ_PLUS_KOSPI_EX_K200,FULL,FLOW,2026,19,0.26272457258330867,0.3543859649122807,0.01236241180229178,0.0009804618462345212,10
KOSDAQ_PLUS_KOSPI_EX_K200,FULL,MARKET,2020,45,0.13184454463699982,0.17009222661396572,0.010921887993647919,-0.0056093319870076765,7
KOSDAQ_PLUS_KOSPI_EX_K200,FULL,MARKET,2021,49,0.00823928394630098,0.05112244897959183,0.0008925891849748953,-0.00020010005675468148,14
KOSDAQ_PLUS_KOSPI_EX_K200,FULL,MARKET,2022,50,-0.15918974301123984,-0.22660264105642255,-0.004149796485745305,-0.004569314774408141,22
KOSDAQ_PLUS_KOSPI_EX_K200,FULL,MARKET,2023,49,-0.027075347040692338,-0.05214285714285714,-0.0011588318845669099,-0.0009730916307980481,22
KOSDAQ_PLUS_KOSPI_EX_K200,FULL,MARKET,2024,47,0.0374003306775881,-0.037580943570767814,0.0010595125213247883,-0.0015092786931789712,20
KOSDAQ_PLUS_KOSPI_EX_K200,FULL,MARKET,2025,49,-0.17268940710881653,-0.1260204081632653,-0.0038600567027739915,-0.008902556553417951,7
KOSDAQ_PLUS_KOSPI_EX_K200,FULL,MARKET,2026,19,-0.07455435279779302,-0.08421052631578947,-0.0036235262518641673,-0.0055156245210566494,9
KOSDAQ_PLUS_KOSPI_EX_K200,FULL,MOMENTUM,2020,45,0.17810919022490493,0.14700751753463284,0.0041389346982387875,0.0029516746735469223,15
KOSDAQ_PLUS_KOSPI_EX_K200,FULL,MOMENTUM,2021,49,0.04550796132322837,0.07561996161430298,0.0011835470984963626,-0.0008757347901482388,13
KOSDAQ_PLUS_KOSPI_EX_K200,FULL,MOMENTUM,2022,50,-0.22272472499512097,-0.22516206482593037,-0.005234398505876262,-0.00736403115156732,17
KOSDAQ_PLUS_KOSPI_EX_K200,FULL,MOMENTUM,2023,49,0.20217824070336732,0.25700005862237735,0.0073881120939296736,0.002430054036745521,11
KOSDAQ_PLUS_KOSPI_EX_K200,FULL,MOMENTUM,2024,47,-0.03179460734133163,0.10829574877050875,-0.0025674968444931515,0.0006335724601325109,14
KOSDAQ_PLUS_KOSPI_EX_K200,FULL,MOMENTUM,2025,49,-0.1117509917574462,-0.09311462030122494,-0.0031072153529680393,-0.003612182115020965,13
KOSDAQ_PLUS_KOSPI_EX_K200,FULL,MOMENTUM,2026,19,-0.2665636518420232,-0.24053096831042026,-0.008889939405590411,-0.0060206507680437985,7
KOSDAQ_PLUS_KOSPI_EX_K200,FULL,REVISION,2020,45,-0.12256135480222446,-0.15140763784035322,-0.0035538344885350306,-0.002997860286960626,19
KOSDAQ_PLUS_KOSPI_EX_K200,FULL,REVISION,2021,49,-0.07656767776339014,-0.05285714285714285,-0.003989716542164834,0.001699046703142235,36
KOSDAQ_PLUS_KOSPI_EX_K200,FULL,REVISION,2022,50,-0.1267287200892883,-0.07064762801416986,-0.00015368533521978583,-0.0007147146253278338,27
KOSDAQ_PLUS_KOSPI_EX_K200,FULL,REVISION,2023,49,-0.037096583756220824,-0.057148688939284306,-0.0016776225879343565,0.0024157772491860702,36
KOSDAQ_PLUS_KOSPI_EX_K200,FULL,REVISION,2024,47,0.27933644373148026,0.24537465309898243,0.006019545535224477,0.003296178118654775,30
KOSDAQ_PLUS_KOSPI_EX_K200,FULL,REVISION,2025,49,-0.3859861758095313,-0.33933372416261304,-0.007729259867997049,-0.0016118321934618367,23
KOSDAQ_PLUS_KOSPI_EX_K200,FULL,REVISION,2026,19,-0.1260879133589838,-0.08070175438596491,-0.01543174080089094,0.0030802056745610914,15
KOSDAQ_PLUS_KOSPI_EX_K200,FULL,VALUE,2020,45,0.12853241925462464,0.1886618735547543,0.0015442944105695982,-0.006435749919237844,15
KOSDAQ_PLUS_KOSPI_EX_K200,FULL,VALUE,2021,49,0.25000287464361015,0.1799511344866825,0.004623108638600423,0.0014917514278520458,32
KOSDAQ_PLUS_KOSPI_EX_K200,FULL,VALUE,2022,50,-0.056305919825982285,-0.13218264612660305,-0.0004900720223656244,0.0018212913186292212,19
KOSDAQ_PLUS_KOSPI_EX_K200,FULL,VALUE,2023,49,-0.25436783618313114,-0.24822061795367634,-0.014581111550510433,-0.00830366137239694,28
KOSDAQ_PLUS_KOSPI_EX_K200,FULL,VALUE,2024,47,-0.06155384277383061,-0.025002183150947592,-0.003932517925014361,0.00027383301255881013,16
KOSDAQ_PLUS_KOSPI_EX_K200,FULL,VALUE,2025,49,0.18078034777397312,0.2144424667923795,0.0034644909842126642,-0.003506994088530791,24
KOSDAQ_PLUS_KOSPI_EX_K200,FULL,VALUE,2026,19,0.13010072960706184,0.12280701754385966,0.004484915993731232,-0.0003350449942168682,14
KOSDAQ_PLUS_KOSPI_EX_K200,MARKET_ONLY,EW4,2020,45,-0.131319349707459,-0.17436671799598893,-0.005702724925360444,,0
KOSDAQ_PLUS_KOSPI_EX_K200,MARKET_ONLY,EW4,2021,49,0.15347249852539357,0.15643464908408025,0.0012058672270892244,,0
KOSDAQ_PLUS_KOSPI_EX_K200,MARKET_ONLY,EW4,2022,50,0.06631387993570946,0.0133792023461115,0.0012878407423055278,0.00017282739918080014,8
KOSDAQ_PLUS_KOSPI_EX_K200,MARKET_ONLY,EW4,2023,49,0.07570177759347808,0.1835928446556751,0.0016353700590680622,,0
KOSDAQ_PLUS_KOSPI_EX_K200,MARKET_ONLY,EW4,2024,47,0.17983247891220397,0.03788475898195211,0.004045041380832518,0.004608254632675352,13
KOSDAQ_PLUS_KOSPI_EX_K200,MARKET_ONLY,EW4,2025,49,-0.14540575529067218,-0.20815458671773296,-0.0019782167698732004,-0.005842638589286786,9
KOSDAQ_PLUS_KOSPI_EX_K200,MARKET_ONLY,EW4,2026,19,-0.21237557627186665,-0.09535397420919688,-0.009280838893963767,-0.008127322889418434,1
KOSDAQ_PLUS_KOSPI_EX_K200,MARKET_ONLY,FLOW,2020,45,-0.007841359990740199,-0.07778511907568486,-0.0011814121046561136,-0.008287311766889266,1
KOSDAQ_PLUS_KOSPI_EX_K200,MARKET_ONLY,FLOW,2021,49,0.013026058331133262,-0.07327278331858239,-0.00045349429602890986,-0.002103773170241706,1
KOSDAQ_PLUS_KOSPI_EX_K200,MARKET_ONLY,FLOW,2022,50,0.11315847570888592,0.1027635717840449,0.0025687871188213984,0.0001370429700763186,17
KOSDAQ_PLUS_KOSPI_EX_K200,MARKET_ONLY,FLOW,2023,49,0.15248249304037492,0.18102040816326528,0.000903396148887022,-0.002369547655469137,2
KOSDAQ_PLUS_KOSPI_EX_K200,MARKET_ONLY,FLOW,2024,47,0.2870195872857504,0.143154486586494,0.004182014453185244,0.0017804820614279614,7
KOSDAQ_PLUS_KOSPI_EX_K200,MARKET_ONLY,FLOW,2025,49,0.08737445896015002,0.008674354571141369,0.0004040064835270575,0.0006650734198260183,7
KOSDAQ_PLUS_KOSPI_EX_K200,MARKET_ONLY,FLOW,2026,19,0.3070744170011007,0.3298245614035088,0.009491683673215515,0.007682928487247044,5
KOSDAQ_PLUS_KOSPI_EX_K200,MARKET_ONLY,MARKET,2020,45,0.0877648441613767,0.13162055335968378,0.0052002032635950326,0.0018167292967790892,5
KOSDAQ_PLUS_KOSPI_EX_K200,MARKET_ONLY,MARKET,2021,49,-0.04786759185113111,0.004081632653061224,-0.0007984044771324132,-0.0006918126185558859,3
KOSDAQ_PLUS_KOSPI_EX_K200,MARKET_ONLY,MARKET,2022,50,0.028901919686162778,-0.005810324129651861,0.0037166921090227667,-0.0012386030284497094,28
KOSDAQ_PLUS_KOSPI_EX_K200,MARKET_ONLY,MARKET,2023,49,0.15699779511026135,0.1646938775510204,0.005736286196290408,0.004248276187393565,2
KOSDAQ_PLUS_KOSPI_EX_K200,MARKET_ONLY,MARKET,2024,47,0.1883637193913232,0.19229879740980574,0.0064598159971489925,0.002245179504263852,4
KOSDAQ_PLUS_KOSPI_EX_K200,MARKET_ONLY,MARKET,2025,49,0.017796493999674062,0.0070408163265306125,-0.0031465731582556674,-0.00515352183721796,5
KOSDAQ_PLUS_KOSPI_EX_K200,MARKET_ONLY,MARKET,2026,19,0.12863536626056582,0.16140350877192983,0.010484965844100271,-0.0009254651097221275,2
KOSDAQ_PLUS_KOSPI_EX_K200,MARKET_ONLY,MOMENTUM,2020,45,-0.021458025941716478,0.08257219019890548,0.0021032010182093176,0.005111876876664017,3
KOSDAQ_PLUS_KOSPI_EX_K200,MARKET_ONLY,MOMENTUM,2021,49,-0.1140701739692095,-0.15103582076810854,-0.004945815923901818,,0
KOSDAQ_PLUS_KOSPI_EX_K200,MARKET_ONLY,MOMENTUM,2022,50,0.15671703560592554,0.13795918367346938,0.004195978864849798,-0.0029157604185941176,4
KOSDAQ_PLUS_KOSPI_EX_K200,MARKET_ONLY,MOMENTUM,2023,49,-0.09796193213590922,-0.14285728904734932,-0.003243000741534943,,0
KOSDAQ_PLUS_KOSPI_EX_K200,MARKET_ONLY,MOMENTUM,2024,47,0.026676529866909084,0.000578502931466393,0.0007642175972821806,-0.022965550224032447,1
KOSDAQ_PLUS_KOSPI_EX_K200,MARKET_ONLY,MOMENTUM,2025,49,-0.032071181053114454,-0.024235312133195533,-0.0019188285238245176,-0.0146966460042789,1
KOSDAQ_PLUS_KOSPI_EX_K200,MARKET_ONLY,MOMENTUM,2026,19,-0.09803510209631738,-0.23524457340249894,-0.0016125348182867499,,0
KOSDAQ_PLUS_KOSPI_EX_K200,MARKET_ONLY,REVISION,2020,45,-0.09354942067448864,-0.20451921760634095,-0.0034849538447378195,-0.0004912614075264635,33
KOSDAQ_PLUS_KOSPI_EX_K200,MARKET_ONLY,REVISION,2021,49,0.16059696146514804,0.15836734693877547,0.0021025683743865677,0.002845214095981857,49
KOSDAQ_PLUS_KOSPI_EX_K200,MARKET_ONLY,REVISION,2022,50,-0.07983909181863472,-0.11611201991988734,-0.0013129807689339964,-8.273336704979675e-05,38
KOSDAQ_PLUS_KOSPI_EX_K200,MARKET_ONLY,REVISION,2023,49,0.09285365444525744,0.08990713384912405,0.0018096462933594973,0.002964375710150696,38
KOSDAQ_PLUS_KOSPI_EX_K200,MARKET_ONLY,REVISION,2024,47,0.07918202396906455,0.04151248843663275,0.004749786664260694,0.002254489174345362,42
KOSDAQ_PLUS_KOSPI_EX_K200,MARKET_ONLY,REVISION,2025,49,-0.12225286631385436,-0.1286353124402742,-0.0024433601332817722,0.0010713555778116939,38
KOSDAQ_PLUS_KOSPI_EX_K200,MARKET_ONLY,REVISION,2026,19,-0.22405963402605933,-0.04035087719298246,-0.009489183438411772,-0.008420984209164114,6
KOSDAQ_PLUS_KOSPI_EX_K200,MARKET_ONLY,VALUE,2020,45,-0.02071798416461035,0.025576801865564176,-0.004803169718936975,-0.011098817241994014,7
KOSDAQ_PLUS_KOSPI_EX_K200,MARKET_ONLY,VALUE,2021,49,0.013848691335623414,-0.023298613664374565,-0.000479536720487276,0.02400492349165945,1
KOSDAQ_PLUS_KOSPI_EX_K200,MARKET_ONLY,VALUE,2022,50,-0.11299241624525914,-0.2248884088519907,-0.005521486795675852,0.002417722424896425,2
KOSDAQ_PLUS_KOSPI_EX_K200,MARKET_ONLY,VALUE,2023,49,-0.18190522853842633,-0.11076813187614211,-0.006201106966069392,-0.005693449347122925,5
KOSDAQ_PLUS_KOSPI_EX_K200,MARKET_ONLY,VALUE,2024,47,-0.199795863769472,-0.19341966687608067,-0.011863277753155606,0.005719241377986701,1
KOSDAQ_PLUS_KOSPI_EX_K200,MARKET_ONLY,VALUE,2025,49,-0.09756460205352134,-0.14401633538507733,-0.0008956428871826176,-0.012000907343831132,5
KOSDAQ_PLUS_KOSPI_EX_K200,MARKET_ONLY,VALUE,2026,19,0.09238119375960044,0.04912280701754386,-0.004391465425396128,,0
KOSPI_ALL,FACTOR_ONLY,EW4,2020,45,0.1541546307936164,0.005423323124090408,-0.0005248167890489913,-0.0016438907354038503,25
KOSPI_ALL,FACTOR_ONLY,EW4,2021,49,-0.05191171100011971,-0.17920630232998586,-0.002400654832465036,-0.0012281021744308786,13
KOSPI_ALL,FACTOR_ONLY,EW4,2022,50,-0.17996628001255524,-0.21327400419710546,-0.0006721180645340599,-2.506024699814341e-05,25
KOSPI_ALL,FACTOR_ONLY,EW4,2023,49,-0.03384504725001288,0.06285594186200996,-0.00094746429002443,-0.0009242783881562653,23
KOSPI_ALL,FACTOR_ONLY,EW4,2024,48,0.24874874989267248,0.19894027362388716,0.0056083583586610235,0.002455846685217494,15
KOSPI_ALL,FACTOR_ONLY,EW4,2025,49,0.06261860683978475,0.11927601890683757,-0.00011711101758363749,0.00048602738618663225,14
KOSPI_ALL,FACTOR_ONLY,EW4,2026,21,-0.07144996084177385,-0.01960826196060008,-0.0029309909401063054,-0.003058715978903672,9
KOSPI_ALL,FACTOR_ONLY,FLOW,2020,45,0.17228936182195215,0.10378913248721724,0.006138454792039327,-0.0004460479687453774,11
KOSPI_ALL,FACTOR_ONLY,FLOW,2021,49,-0.07615684885257668,-0.21971629872549842,-0.002803757752777423,-0.0026541148443651875,14
KOSPI_ALL,FACTOR_ONLY,FLOW,2022,50,-0.08225421096412433,-0.034526639305013214,0.0002170882371110142,-0.0006852094233637364,32
KOSPI_ALL,FACTOR_ONLY,FLOW,2023,49,0.04351410334881673,0.06765306122448979,-0.001242723618171931,-0.002759958454798635,29
KOSPI_ALL,FACTOR_ONLY,FLOW,2024,48,0.2405354539216502,0.1889926183239253,0.008068454027166097,0.0025964860366444824,10
KOSPI_ALL,FACTOR_ONLY,FLOW,2025,49,0.2078840536598718,0.18883134779990876,0.003236588016413672,0.004116908738088661,12
KOSPI_ALL,FACTOR_ONLY,FLOW,2026,21,0.07893447821358038,0.15324675324675324,0.0008613027738910428,-0.004801531108363312,10
KOSPI_ALL,FACTOR_ONLY,MARKET,2020,45,0.1561401597308057,0.203030303030303,0.007645895296874092,-0.00047782685230141384,27
KOSPI_ALL,FACTOR_ONLY,MARKET,2021,49,0.13412580915557,0.13214285714285712,0.0020811873854764285,-0.0012701017227859444,29
KOSPI_ALL,FACTOR_ONLY,MARKET,2022,50,0.0936456133150284,0.14180072028811525,0.002864214427907047,-0.0020158896633624586,24
KOSPI_ALL,FACTOR_ONLY,MARKET,2023,49,-0.17364897892952377,-0.20785714285714285,-0.0065167226060230225,-0.0063130312804411896,20
KOSPI_ALL,FACTOR_ONLY,MARKET,2024,48,-0.052252697498752894,-0.0924880590534086,-0.0005556708743470005,-0.0015002531269004066,25
KOSPI_ALL,FACTOR_ONLY,MARKET,2025,49,-0.2633777320685496,-0.1473469387755102,-0.01045588349699919,0.00020199859089650325,22
KOSPI_ALL,FACTOR_ONLY,MARKET,2026,21,-0.20087968233961637,-0.21688311688311687,0.005034843630672578,0.0007920547979284626,10
KOSPI_ALL,FACTOR_ONLY,MOMENTUM,2020,45,0.23071323682629777,0.1787878787878788,0.011632013910499719,0.005996964027010919,9
KOSPI_ALL,FACTOR_ONLY,MOMENTUM,2021,49,0.05920374666007208,0.06265306122448978,0.00034295199639922894,-0.0031775646915450416,16
KOSPI_ALL,FACTOR_ONLY,MOMENTUM,2022,50,-0.13541588278078287,-0.13027611044417767,-0.003132734442633216,-0.002782982848219224,20
KOSPI_ALL,FACTOR_ONLY,MOMENTUM,2023,49,-0.2989107431108334,-0.3999906963010272,-0.007841794150768407,-0.0051236170106805385,17
KOSPI_ALL,FACTOR_ONLY,MOMENTUM,2024,48,-0.025386373924407422,-0.026490066381278713,-0.003838475503324245,0.003936881960366917,6
KOSPI_ALL,FACTOR_ONLY,MOMENTUM,2025,49,0.09426369367571524,0.2043877551020408,0.0036988827670071433,0.002759348428008324,10
KOSPI_ALL,FACTOR_ONLY,MOMENTUM,2026,21,-0.05685305878540059,0.03636363636363636,-0.0007938763247816545,-0.004270088974129534,4
KOSPI_ALL,FACTOR_ONLY,REVISION,2020,45,0.1564384904065267,0.1276679841897233,0.004347977787962557,0.0010466929858709347,40
KOSPI_ALL,FACTOR_ONLY,REVISION,2021,49,-0.035689389806521074,0.01653061224489796,-0.0016088899290337194,-6.670472264449375e-05,37
KOSPI_ALL,FACTOR_ONLY,REVISION,2022,50,0.0012323204206640297,-0.1191914438743739,0.0014604675848424056,0.000636573943853346,32
KOSPI_ALL,FACTOR_ONLY,REVISION,2023,49,-0.037807948683187126,-0.08971676740147624,-0.0007438709822212014,-0.0009705136217762212,36
KOSPI_ALL,FACTOR_ONLY,REVISION,2024,48,0.10547821600678087,-0.03143493247913701,0.0019671458067527683,0.00017771893819482166,23
KOSPI_ALL,FACTOR_ONLY,REVISION,2025,49,0.13286844969055386,0.16365494730476005,0.005282891016163181,0.004057953599825461,30
KOSPI_ALL,FACTOR_ONLY,REVISION,2026,21,-0.04905124897319042,-0.11688311688311687,0.002629955300862354,-0.0008986541492102633,13
KOSPI_ALL,FACTOR_ONLY,VALUE,2020,45,0.21028157882622417,0.2125444741077161,0.004576513327488026,-0.004093096407370956,32
KOSPI_ALL,FACTOR_ONLY,VALUE,2021,49,0.10029965300180041,0.002959485677212937,-0.00014242408161600838,0.0008707091696355519,14
KOSPI_ALL,FACTOR_ONLY,VALUE,2022,50,-0.10530087505222042,-0.09254190120964467,-0.003840140835781442,-0.0014976270245479159,18
KOSPI_ALL,FACTOR_ONLY,VALUE,2023,49,-0.2293938866846723,-0.2415422897350127,-0.00681646440750178,-0.0076062800117404315,15
KOSPI_ALL,FACTOR_ONLY,VALUE,2024,48,-0.21921680699544302,-0.20634944537392885,-0.009612853324750505,-0.0008153715858126812,25
KOSPI_ALL,FACTOR_ONLY,VALUE,2025,49,0.09365017420463552,0.13848351944751572,0.002917391725045274,0.001172104544975507,20
KOSPI_ALL,FACTOR_ONLY,VALUE,2026,21,0.25051789968830696,0.21498485387337868,0.016930440360504284,0.0016370977471047074,14
KOSPI_ALL,FULL,EW4,2020,45,0.1251258537844376,-0.05449778358842068,-0.0006472406896509511,-0.0009245381773474974,36
KOSPI_ALL,FULL,EW4,2021,49,-0.0806409970852254,-0.17808291953926056,-0.001533157158593513,-0.0009242960102900199,15
KOSPI_ALL,FULL,EW4,2022,50,-0.2126015157201928,-0.2276050865520312,-0.0015824900844832554,-0.0008810972696274947,26
KOSPI_ALL,FULL,EW4,2023,49,-0.021818343934133025,0.0975203251186759,-0.0014156463167930052,-0.00014806894516019076,24
KOSPI_ALL,FULL,EW4,2024,48,0.16629286162284312,0.15060171394991514,0.005400325438251082,0.00237466499433053,12
KOSPI_ALL,FULL,EW4,2025,49,0.034413258771478994,0.12174806074946633,-0.0016546745631661162,0.0008155686658111838,11
KOSPI_ALL,FULL,EW4,2026,21,-0.037141917679318646,0.04052374138524016,-0.0033420689244438415,-0.004942585849653393,7
KOSPI_ALL,FULL,FLOW,2020,45,0.1994163886713767,0.09574959333582643,0.004621194053006903,0.0007723939140240878,7
KOSPI_ALL,FULL,FLOW,2021,49,-0.10505123222362188,-0.24808654073464312,-0.0032838320657106995,-0.0015023131096870309,12
KOSPI_ALL,FULL,FLOW,2022,50,-0.14476036179220003,-0.06948546185584717,-0.0009289150133940873,-0.0005872022050749269,34
KOSPI_ALL,FULL,FLOW,2023,49,0.05233341876724498,0.07999999999999999,0.001322769536316046,-0.002172962515220549,28
KOSPI_ALL,FULL,FLOW,2024,48,0.1538148665400741,0.11778115501519756,0.007734225877366158,0.0038867291868536716,11
KOSPI_ALL,FULL,FLOW,2025,49,0.23224878308573532,0.2037296870481048,0.0031105429379122184,0.003207179017569827,12
KOSPI_ALL,FULL,FLOW,2026,21,0.1368534477510613,0.2025974025974026,0.003680843550047389,-0.002015436690837772,13
KOSPI_ALL,FULL,MARKET,2020,45,-0.07766345055625606,0.02898550724637681,-0.006938287265403903,0.001342968669564948,10
KOSPI_ALL,FULL,MARKET,2021,49,0.14734149167221133,0.1554081632653061,0.005847105711087467,-0.003323556182758988,31
KOSPI_ALL,FULL,MARKET,2022,50,0.04731650131150447,0.09493397358943578,0.005082239607510724,-0.002283762655138949,23
KOSPI_ALL,FULL,MARKET,2023,49,-0.18039735963826903,-0.2147959183673469,-0.004633003076828402,-0.003812850439066942,19
KOSPI_ALL,FULL,MARKET,2024,48,-0.019158017513583283,-0.00825010855405992,0.0037501578550884858,-0.0002412835660526859,21
KOSPI_ALL,FULL,MARKET,2025,49,-0.25824331412876006,-0.1540816326530612,-0.011176953413906064,7.322558577066753e-05,15
KOSPI_ALL,FULL,MARKET,2026,21,-0.22933407169056597,-0.28051948051948056,-0.020582370178056215,-0.0067361641295290865,8
KOSPI_ALL,FULL,MOMENTUM,2020,45,0.17970389167249073,0.1716732542819499,0.00801603980111186,0.00518964324725588,13
KOSPI_ALL,FULL,MOMENTUM,2021,49,-0.06345883670098677,-0.03051020408163265,0.00034295199639922894,-0.0039830647689058024,19
KOSPI_ALL,FULL,MOMENTUM,2022,50,-0.15064695734380065,-0.12691476590636253,-0.003132734442633216,-0.0021912852960828655,20
KOSPI_ALL,FULL,MOMENTUM,2023,49,-0.3080135172261772,-0.3915542314039711,-0.007501894348139661,-0.005369514090839335,18
KOSPI_ALL,FULL,MOMENTUM,2024,48,-0.01598333338507376,-0.0009770926124242148,-0.00295285750331905,0.003936881960366917,6
KOSPI_ALL,FULL,MOMENTUM,2025,49,0.07444179953681196,0.205,0.0031790779549715166,0.005207372976827348,8
KOSPI_ALL,FULL,MOMENTUM,2026,21,-0.13852217312906676,-0.12727272727272726,-0.0029222376821868494,-0.001615267565648021,5
KOSPI_ALL,FULL,REVISION,2020,45,0.16012125360553045,0.14071146245059288,0.005224802475901787,0.0005539370897339112,45
KOSPI_ALL,FULL,REVISION,2021,49,0.010550399469839086,0.07163265306122449,-0.0004617184303600506,8.520942977701163e-05,35
KOSPI_ALL,FULL,REVISION,2022,50,0.005596833939430047,-0.10955981204614167,0.0010189804697338387,0.0004889805631033918,30
KOSPI_ALL,FULL,REVISION,2023,49,-0.015591959645496168,-0.013472825138788242,0.0008031750817682586,-0.0010165554103461155,36
KOSPI_ALL,FULL,REVISION,2024,48,0.09405663444971579,-0.015690320356598612,0.004534125206652006,0.0026915757784225936,25
KOSPI_ALL,FULL,REVISION,2025,49,0.10145518131179881,0.15548751387719875,0.0022131239489337415,0.002891665944851639,33
KOSPI_ALL,FULL,REVISION,2026,21,-0.08665848779700946,-0.18441558441558442,-0.0029893752088654526,-0.001216116513446523,20
KOSPI_ALL,FULL,VALUE,2020,45,0.20277514035681377,0.2105679290912153,0.005379155354658028,-0.005744158716845317,33
KOSPI_ALL,FULL,VALUE,2021,49,0.0709794682186724,-0.06765996565490268,-0.0010821684272883077,0.0005317500166540363,17
KOSPI_ALL,FULL,VALUE,2022,50,-0.07953630236190828,-0.03510541244641943,-0.0020230676193500443,-0.0006962692886595328,20
KOSPI_ALL,FULL,VALUE,2023,49,-0.2343714398072874,-0.24138909166541334,-0.006406507563849617,-0.007427722827222997,19
KOSPI_ALL,FULL,VALUE,2024,48,-0.1983270855486147,-0.18612763460493478,-0.0073599876157990985,-0.0026541908298241047,21
KOSPI_ALL,FULL,VALUE,2025,49,0.09496435621091498,0.06092458445848702,-0.0020789460511312667,-0.0022480917656771673,14
KOSPI_ALL,FULL,VALUE,2026,21,0.17789961602665016,0.17785110638615875,0.017649338527993455,0.0136301337391538,5
KOSPI_ALL,MARKET_ONLY,EW4,2020,45,-0.006094816093964091,0.028836205879309976,0.0005209078487535301,0.0005692511915158923,21
KOSPI_ALL,MARKET_ONLY,EW4,2021,49,0.04287730561789317,-0.18246946186494978,-0.001646661631054132,-0.0032050108081203912,3
KOSPI_ALL,MARKET_ONLY,EW4,2022,50,-0.21076532561183028,-0.13844565905976247,-0.0020929785893701214,-0.001104155621455274,8
KOSPI_ALL,MARKET_ONLY,EW4,2023,49,-0.014119377892583529,0.09810876372334151,0.0003557437757651231,-0.012333144587227451,1
KOSPI_ALL,MARKET_ONLY,EW4,2024,48,0.04036867152536121,-0.05718772391634678,0.0031412707376882484,-0.002861316098405923,2
KOSPI_ALL,MARKET_ONLY,EW4,2025,49,-0.04310347907789584,0.13204823509375282,-0.00016874252015460086,0.0008592233769273721,14
KOSPI_ALL,MARKET_ONLY,EW4,2026,21,0.05974089930491355,0.07058974305816029,0.003776328264366427,0.0012877393106562993,6
KOSPI_ALL,MARKET_ONLY,FLOW,2020,45,0.07952361499348692,0.1686326285935168,0.0009391938974913733,-0.0010532430110781496,10
KOSPI_ALL,MARKET_ONLY,FLOW,2021,49,-0.08544820902503543,-0.10031635933449369,-0.0017487225313587594,0.0006364981257322532,10
KOSPI_ALL,MARKET_ONLY,FLOW,2022,50,-0.17353931005297377,-0.09051837981912367,-0.0029410085049893214,-0.0006618134914281674,26
KOSPI_ALL,MARKET_ONLY,FLOW,2023,49,-0.0473868581028008,-0.041020408163265305,-0.00101075349370112,,0
KOSPI_ALL,MARKET_ONLY,FLOW,2024,48,-0.0391527297275573,-0.0729483282674772,-0.005664624499295564,0.007268195971421995,2
KOSPI_ALL,MARKET_ONLY,FLOW,2025,49,0.2116415802238271,0.2995484579662968,0.003448020729435439,0.0034617600584201987,6
KOSPI_ALL,MARKET_ONLY,FLOW,2026,21,0.12253411236298628,0.13506493506493505,0.004443465865867858,0.0018391080386615814,7
KOSPI_ALL,MARKET_ONLY,MARKET,2020,45,-0.18625813701525984,-0.13241106719367587,-0.006094237476506879,-0.004729184429091157,7
KOSPI_ALL,MARKET_ONLY,MARKET,2021,49,0.09755004479401903,0.17214285714285713,0.00292413401073961,-0.003036522290896044,33
KOSPI_ALL,MARKET_ONLY,MARKET,2022,50,0.008195723466743595,0.06458583433373348,0.0045196996172174615,-0.0007555323493742675,16
KOSPI_ALL,MARKET_ONLY,MARKET,2023,49,0.049788292789798794,0.06051020408163265,-0.0011572057690676949,-0.0023994846197629783,22
KOSPI_ALL,MARKET_ONLY,MARKET,2024,48,0.022871404041844838,0.08380373425966132,0.00205229685820021,-0.008968308295644831,8
KOSPI_ALL,MARKET_ONLY,MARKET,2025,49,-0.23740384847775572,-0.21295918367346936,-0.012258014508969043,-0.00435080889506485,2
KOSPI_ALL,MARKET_ONLY,MARKET,2026,21,-0.18161446916360857,-0.24025974025974026,-0.016016919877181266,0.02134992553452411,1
KOSPI_ALL,MARKET_ONLY,MOMENTUM,2020,45,-0.023084389743977172,-0.01976284584980237,-0.005678852783823706,0.024557585993638692,1
KOSPI_ALL,MARKET_ONLY,MOMENTUM,2021,49,-0.3889772336087735,-0.20510204081632652,-0.007808784032869858,-0.0069286881109818415,12
KOSPI_ALL,MARKET_ONLY,MOMENTUM,2022,50,-0.13575832607562507,-0.22016806722689078,-0.003906795684826533,,0
KOSPI_ALL,MARKET_ONLY,MOMENTUM,2023,49,-0.18025582779959662,-0.21939921741374252,-0.004861350439503985,,0
KOSPI_ALL,MARKET_ONLY,MOMENTUM,2024,48,-0.1564701502226355,-0.07816740899393719,-0.009843167725438053,,0
KOSPI_ALL,MARKET_ONLY,MOMENTUM,2025,49,-0.09845832197036497,-0.10765306122448977,-0.004501074643408791,,0
KOSPI_ALL,MARKET_ONLY,MOMENTUM,2026,21,-0.20319033070862225,-0.1987012987012987,-0.003266050280791162,,0
KOSPI_ALL,MARKET_ONLY,REVISION,2020,45,0.14688528875658732,0.10131752305665347,0.003151480641911136,0.0005539370897339112,45
KOSPI_ALL,MARKET_ONLY,REVISION,2021,49,0.26927391723392585,0.2727551020408163,0.0037978442771566495,0.0012232732230485447,40
KOSPI_ALL,MARKET_ONLY,REVISION,2022,50,0.04006982963123846,0.01112453476160823,0.0012194888689559256,0.0010851657366523404,30
KOSPI_ALL,MARKET_ONLY,REVISION,2023,49,0.24573102029858976,0.22398571793235453,0.0057932759391064875,-0.00027601693937971683,38
KOSPI_ALL,MARKET_ONLY,REVISION,2024,48,0.2776335679789287,0.27737663218637476,0.010182090624737418,0.002666716706745174,33
KOSPI_ALL,MARKET_ONLY,REVISION,2025,49,-0.032588764841462926,0.05584482606095057,0.0007986130721997307,0.0020211351684298966,28
KOSPI_ALL,MARKET_ONLY,REVISION,2026,21,0.3046075513382897,0.3207792207792208,0.012208554190748924,0.00013878476944065537,19
KOSPI_ALL,MARKET_ONLY,VALUE,2020,45,0.0291326617863932,0.07194623860062802,0.0007748320485692376,-0.003888331491816938,30
KOSPI_ALL,MARKET_ONLY,VALUE,2021,49,-0.16777272773950738,-0.24441269644568914,-0.0037599562230649546,-0.0016214151211644207,26
KOSPI_ALL,MARKET_ONLY,VALUE,2022,50,0.06568648404185644,0.14191038820679813,0.0046474971477446295,0.005037338066412829,12
KOSPI_ALL,MARKET_ONLY,VALUE,2023,49,-0.1436788192160427,-0.11122179852914539,-0.005357357975625147,-0.0028661623024001976,22
KOSPI_ALL,MARKET_ONLY,VALUE,2024,48,-0.020965449342373654,0.03783435563231151,-0.001919725644166267,0.0018736591882912701,7
KOSPI_ALL,MARKET_ONLY,VALUE,2025,49,-0.18431256361802056,-0.09266251706583954,-0.00025083637377355827,0.008017257095628663,5
KOSPI_ALL,MARKET_ONLY,VALUE,2026,21,-0.0795202905348107,-0.03192199345392593,0.004187525204162899,,0
KOSPI_EX_K200,FACTOR_ONLY,EW4,2020,35,-0.08226420379990912,-0.15620689039535035,-0.0017110026776051995,-0.0013434022758891107,20
KOSPI_EX_K200,FACTOR_ONLY,EW4,2021,49,0.21511334353966097,0.29903064920135514,0.0019600377322245626,-0.000662138191167238,17
KOSPI_EX_K200,FACTOR_ONLY,EW4,2022,33,0.17682660654169782,0.09943861542906002,0.002038828722312123,0.0003649810698239495,14
KOSPI_EX_K200,FACTOR_ONLY,EW4,2023,48,0.008926517463168344,-0.10624527818501177,0.0005025636487151497,-0.0025054756964458325,24
KOSPI_EX_K200,FACTOR_ONLY,EW4,2024,43,0.208386422399336,0.20945849165116673,0.0040452088312749905,0.002439288970120998,16
KOSPI_EX_K200,FACTOR_ONLY,EW4,2025,49,0.17112425660027952,0.13241556332133597,0.003996611301256113,0.002935739149572424,13
KOSPI_EX_K200,FACTOR_ONLY,EW4,2026,15,0.2559819662207788,0.28829998806257884,0.010988650362946616,0.0018508148320617822,9
KOSPI_EX_K200,FACTOR_ONLY,FLOW,2020,35,0.0919546998479707,0.013735111991999742,0.0012571654471034378,0.0006163187848101456,13
KOSPI_EX_K200,FACTOR_ONLY,FLOW,2021,49,0.2158832888494737,0.2204306573372395,0.003790019170951325,0.0003392834510449923,13
KOSPI_EX_K200,FACTOR_ONLY,FLOW,2022,33,0.14342673902358724,0.1895687167134258,0.004213204213693785,-2.116349887138341e-05,15
KOSPI_EX_K200,FACTOR_ONLY,FLOW,2023,48,-0.10389744365473208,-0.059706353320764044,-0.001100328412326527,-0.0020109407711776947,14
KOSPI_EX_K200,FACTOR_ONLY,FLOW,2024,43,0.2793195757687535,0.24739465619733805,0.004241572371898134,0.0021180003252324,13
KOSPI_EX_K200,FACTOR_ONLY,FLOW,2025,49,0.2438370980924184,0.2735069269054599,0.006287088187927988,0.0029424480595373298,14
KOSPI_EX_K200,FACTOR_ONLY,FLOW,2026,15,0.04924091480943071,-0.13214285714285715,-0.0028955176295418147,-0.0034863797499782947,8
KOSPI_EX_K200,FACTOR_ONLY,MARKET,2020,35,0.3680083317382278,0.35742296918767513,0.012541395068669664,0.007232484971170306,10
KOSPI_EX_K200,FACTOR_ONLY,MARKET,2021,49,0.08415216761100375,0.08653061224489796,0.006136525679600453,0.0021019109581519244,16
KOSPI_EX_K200,FACTOR_ONLY,MARKET,2022,33,0.0995080600138252,0.13001336898395724,0.0029269429803795025,-0.0029930541027697022,14
KOSPI_EX_K200,FACTOR_ONLY,MARKET,2023,48,0.1476053983625439,0.13308727746417717,0.003282033802034453,-0.0006819707791788817,25
KOSPI_EX_K200,FACTOR_ONLY,MARKET,2024,43,0.18918573413970863,0.12126245847176079,0.005459343958705254,0.002730354440957197,13
KOSPI_EX_K200,FACTOR_ONLY,MARKET,2025,49,0.07108523720272183,0.07877551020408162,0.00419379558381034,0.0009365759060089268,16
KOSPI_EX_K200,FACTOR_ONLY,MARKET,2026,15,0.1652938903160754,0.2928571428571428,0.01637614832448941,0.0033546808893159205,7
KOSPI_EX_K200,FACTOR_ONLY,MOMENTUM,2020,35,-0.028420368972010595,0.09943977591036417,-0.0035160664028969233,-0.00758126806521002,13
KOSPI_EX_K200,FACTOR_ONLY,MOMENTUM,2021,49,0.3904456818036104,0.36979591836734693,0.011801427833599998,-0.0032929737655478727,13
KOSPI_EX_K200,FACTOR_ONLY,MOMENTUM,2022,33,0.07015925754503217,0.03977272727272728,7.211480620886805e-05,,0
KOSPI_EX_K200,FACTOR_ONLY,MOMENTUM,2023,48,-0.028848324030612087,-0.1307026352694544,-0.0029030734985813923,-0.005254932483296595,18
KOSPI_EX_K200,FACTOR_ONLY,MOMENTUM,2024,43,0.0609110011362395,0.12587306989753952,0.0038925541105466668,-0.005372502850809678,9
KOSPI_EX_K200,FACTOR_ONLY,MOMENTUM,2025,49,-0.10611265851529389,-0.19219878064367907,-0.004403158327634861,-0.006558534257299843,5
KOSPI_EX_K200,FACTOR_ONLY,MOMENTUM,2026,15,0.03244741061460621,0.125,0.008001595049815107,0.0013991397044011255,5
KOSPI_EX_K200,FACTOR_ONLY,REVISION,2020,35,-0.016533751564374685,-0.0331956020143142,0.0012501811105116315,-0.0017279015357921236,30
KOSPI_EX_K200,FACTOR_ONLY,REVISION,2021,49,0.09832046156849185,0.02178627006499893,0.0021843710693745175,0.0043892124952366034,36
KOSPI_EX_K200,FACTOR_ONLY,REVISION,2022,33,0.2358983254992021,0.15480359110257744,0.004806824804623846,0.00021391414985196552,26
KOSPI_EX_K200,FACTOR_ONLY,REVISION,2023,48,-0.12795102766506708,-0.2019396234998865,-0.003887866456347507,-0.0011620982044789226,39
KOSPI_EX_K200,FACTOR_ONLY,REVISION,2024,43,-0.08129585964590164,-0.06298142346415748,-0.005107318956724955,-0.001691981655948449,26
KOSPI_EX_K200,FACTOR_ONLY,REVISION,2025,49,-0.008991106596882669,-0.06408785911573804,-0.00231045483118454,0.0024470906006608373,31
KOSPI_EX_K200,FACTOR_ONLY,REVISION,2026,15,-0.08274146671726718,-0.04642857142857142,-0.010410857625623616,-0.0007904627876146965,10
KOSPI_EX_K200,FACTOR_ONLY,VALUE,2020,35,-0.16453370039883347,-0.04352417489894041,-0.0033604389292993695,-0.002015862450023089,13
KOSPI_EX_K200,FACTOR_ONLY,VALUE,2021,49,0.0817600839352371,0.08474705990155322,0.0009208008679679092,-0.0012724161264564254,19
KOSPI_EX_K200,FACTOR_ONLY,VALUE,2022,33,-0.0699364331945463,-0.09893048128342247,-0.003060568676049601,-0.00020977823953895,19
KOSPI_EX_K200,FACTOR_ONLY,VALUE,2023,48,-0.24277420076486195,-0.28065606397700477,-0.012424687076592346,-0.008413518439704138,18
KOSPI_EX_K200,FACTOR_ONLY,VALUE,2024,43,-0.15205834568742896,-0.19721933996703964,-0.009309821734472349,-0.000402521796680386,11
KOSPI_EX_K200,FACTOR_ONLY,VALUE,2025,49,0.001198816251866953,-0.11760504098319094,-0.005223946306904335,-0.0032666479279260126,29
KOSPI_EX_K200,FACTOR_ONLY,VALUE,2026,15,0.44306938531518975,0.4107142857142856,0.028002546403456032,0.0016288565990340198,11
KOSPI_EX_K200,FULL,EW4,2020,35,-0.09439344847916217,-0.20258525676045436,-0.000864712957845908,-0.003093069405933043,14
KOSPI_EX_K200,FULL,EW4,2021,49,0.21312270372276368,0.29661232819867184,0.002144195139331173,-0.0008882357823721166,13
KOSPI_EX_K200,FULL,EW4,2022,33,0.17035309605109486,0.11306034357002714,0.0013825535797868569,-0.0002359901679959927,16
KOSPI_EX_K200,FULL,EW4,2023,48,0.0064010829136888405,-0.1280916524083744,-0.0018702691482340844,-0.0014255138297652745,22
KOSPI_EX_K200,FULL,EW4,2024,43,0.26924690910022586,0.320565233737589,0.006193238919132757,0.0033660387705084127,14
KOSPI_EX_K200,FULL,EW4,2025,49,0.10218506143612363,0.07754437601851497,0.0028530700624974895,0.002782282589452265,14
KOSPI_EX_K200,FULL,EW4,2026,15,0.2853491852102255,0.21081936627076078,0.010988650362946616,0.0018508148320617822,9
KOSPI_EX_K200,FULL,FLOW,2020,35,0.12023626252305428,0.08997899896799831,0.01115657433605249,0.0010720030584882771,10
KOSPI_EX_K200,FULL,FLOW,2021,49,0.2550148907074392,0.24686192597165846,0.004213493089133285,0.0011722790874763617,13
KOSPI_EX_K200,FULL,FLOW,2022,33,0.11631995940262814,0.13340020805759595,0.003412177070761171,4.42546361420865e-05,17
KOSPI_EX_K200,FULL,FLOW,2023,48,-0.05905517676570523,-0.0664911661981236,-0.001947849310406346,-0.00016636029023070617,12
KOSPI_EX_K200,FULL,FLOW,2024,43,0.23262380829231533,0.23682223499232355,0.0060672834873795305,0.0026300813070944066,11
KOSPI_EX_K200,FULL,FLOW,2025,49,0.20102231505971388,0.21204699036306093,0.006020644343753753,0.004284058318492199,11
KOSPI_EX_K200,FULL,FLOW,2026,15,0.08007330764693324,-0.1714285714285714,-0.0028955176295418147,-0.001430751178553925,7
KOSPI_EX_K200,FULL,MARKET,2020,35,0.40285803731889935,0.4448179271708684,0.01843769740825536,0.015962887460855207,9
KOSPI_EX_K200,FULL,MARKET,2021,49,0.17084881278771555,0.18459183673469387,0.008079292485936702,0.007796073138560029,13
KOSPI_EX_K200,FULL,MARKET,2022,33,0.027801726259692256,0.021056149732620322,0.0017747392566473032,-0.0021280931915808026,21
KOSPI_EX_K200,FULL,MARKET,2023,48,0.04010177906727609,0.0383195831524099,0.0013685746377889506,-0.002457869024088077,26
KOSPI_EX_K200,FULL,MARKET,2024,43,0.19696950758290022,0.09151313802476593,0.00014569520452633846,0.0010222038276472233,13
KOSPI_EX_K200,FULL,MARKET,2025,49,-0.021294618467374588,-0.0136734693877551,0.0007618072631997959,-0.0025835772599436353,14
KOSPI_EX_K200,FULL,MARKET,2026,15,0.24288489165011773,0.20357142857142854,0.009023751371931187,-0.0043510667561047255,4
KOSPI_EX_K200,FULL,MOMENTUM,2020,35,-0.0622776328260821,0.09971988795518208,0.0009036697337992689,-0.0038198808730782025,15
KOSPI_EX_K200,FULL,MOMENTUM,2021,49,0.3248578544913993,0.31326530612244896,0.008979736366018266,-0.0025632330492498245,13
KOSPI_EX_K200,FULL,MOMENTUM,2022,33,0.1076330812383657,0.10695187165775402,0.003640886756196732,-0.0001228343487352998,2
KOSPI_EX_K200,FULL,MOMENTUM,2023,48,0.0046375812518019205,-0.12028116268983012,-0.0019734218941093347,-0.005696456380087828,16
KOSPI_EX_K200,FULL,MOMENTUM,2024,43,-0.0033366777615432925,0.07475365278858076,-0.0015994319627114365,-0.0022179834828719314,11
KOSPI_EX_K200,FULL,MOMENTUM,2025,49,-0.10602159210988046,-0.17352483487368,-0.002454395286455897,-0.0018850514145591706,7
KOSPI_EX_K200,FULL,MOMENTUM,2026,15,0.10104101671828886,0.25,-0.00037013517302744996,0.00534168712462732,4
KOSPI_EX_K200,FULL,REVISION,2020,35,-0.04986419514013699,-0.05826738581415487,-0.0002649433782371962,0.0007682080845348751,30
KOSPI_EX_K200,FULL,REVISION,2021,49,0.15253584301724163,0.06750172200466882,0.002789794953296183,0.004765159621294598,32
KOSPI_EX_K200,FULL,REVISION,2022,33,0.27338773059909177,0.15480359110257744,0.004806824804623846,0.0004398602019282965,27
KOSPI_EX_K200,FULL,REVISION,2023,48,-0.041657880986031466,-0.10702745716835525,0.00014664904884695773,-0.0005284505716578788,40
KOSPI_EX_K200,FULL,REVISION,2024,43,-0.0948210845863269,-0.11554146031194357,-0.005823447531607841,0.001575231814040866,29
KOSPI_EX_K200,FULL,REVISION,2025,49,-0.03135281181417331,-0.02522661546069689,0.0009830479306216881,0.0016046552893388844,31
KOSPI_EX_K200,FULL,REVISION,2026,15,-0.05021267050864873,-0.021428571428571425,-0.008947883034920594,0.0015421628892344635,12
KOSPI_EX_K200,FULL,VALUE,2020,35,-0.16939818750100688,-0.06374185614231918,-0.007054673088130503,-0.008851184530197531,7
KOSPI_EX_K200,FULL,VALUE,2021,49,0.07233225484427706,0.10280874515450315,0.0033195039497408542,-0.0018559004496995126,19
KOSPI_EX_K200,FULL,VALUE,2022,33,-0.06979606524904663,-0.14772727272727273,-0.005409718067435669,-0.0004636493365495575,21
KOSPI_EX_K200,FULL,VALUE,2023,48,-0.2696539840271032,-0.3409362944364621,-0.014050020962093355,-0.009058567906493446,21
KOSPI_EX_K200,FULL,VALUE,2024,43,-0.015455102632926751,0.05380083143928439,0.0003218665690866802,0.0035916499698070313,16
KOSPI_EX_K200,FULL,VALUE,2025,49,-0.05001448160950747,-0.07816525934327487,-0.003374477486676844,-0.0038545770807344743,24
KOSPI_EX_K200,FULL,VALUE,2026,15,0.5183492039736652,0.48571428571428565,0.023725812855081373,0.006365309397667743,7
KOSPI_EX_K200,MARKET_ONLY,EW4,2020,35,-0.054854182090374,-0.11893347939026674,0.0007190405913691219,-0.00780570984661965,2
KOSPI_EX_K200,MARKET_ONLY,EW4,2021,49,0.1687462356143039,0.21491513606454635,-0.0005833732285944941,-0.007451014094329526,1
KOSPI_EX_K200,MARKET_ONLY,EW4,2022,33,-0.0590082407813294,0.03337323394536946,-0.0006317337306456826,1.4884338442655576e-05,19
KOSPI_EX_K200,MARKET_ONLY,EW4,2023,48,-0.17565914416340617,-0.22211402248360604,-0.003150172123362342,,0
KOSPI_EX_K200,MARKET_ONLY,EW4,2024,43,0.2838246239033963,0.325943845041911,0.005819618983495907,0.008182787332762675,1
KOSPI_EX_K200,MARKET_ONLY,EW4,2025,49,0.06458750230989381,0.09835401497675464,0.0012117552076823484,0.002834107422040039,8
KOSPI_EX_K200,MARKET_ONLY,EW4,2026,15,0.1846858666273348,0.06486749731408024,-0.0012994165544665827,0.003932728110430561,3
KOSPI_EX_K200,MARKET_ONLY,FLOW,2020,35,0.12716968142353383,0.20812899293999612,0.0035233756965673602,,0
KOSPI_EX_K200,MARKET_ONLY,FLOW,2021,49,0.19509272084150062,0.13766710960552594,0.0022943306668810207,,0
KOSPI_EX_K200,MARKET_ONLY,FLOW,2022,33,0.05726087211725,-0.00367769997151267,0.0007580542043332883,-0.0007844227726827279,13
KOSPI_EX_K200,MARKET_ONLY,FLOW,2023,48,-0.09272573385519478,-0.1099682471162436,-0.00552291456412468,,0
KOSPI_EX_K200,MARKET_ONLY,FLOW,2024,43,0.11347202956070507,0.10209938192271094,0.005952944276372224,,0
KOSPI_EX_K200,MARKET_ONLY,FLOW,2025,49,0.19002722765153757,0.14874938129946066,0.0037492565068777957,0.0,2
KOSPI_EX_K200,MARKET_ONLY,FLOW,2026,15,0.21711249117863798,0.014285714285714282,0.007307958073977881,,0
KOSPI_EX_K200,MARKET_ONLY,MARKET,2020,35,0.22659353387255549,0.28571428571428575,0.015826627193858314,,0
KOSPI_EX_K200,MARKET_ONLY,MARKET,2021,49,0.19291106436255961,0.20397959183673467,0.007165909212390284,-0.002471908363392254,8
KOSPI_EX_K200,MARKET_ONLY,MARKET,2022,33,-0.22440824479572033,-0.21925133689839574,-0.002374188820042443,-0.003125662359460411,19
KOSPI_EX_K200,MARKET_ONLY,MARKET,2023,48,-0.26820900887073035,-0.2737733391228832,-0.01034089873054545,-0.004387945279801656,3
KOSPI_EX_K200,MARKET_ONLY,MARKET,2024,43,0.025811787680061715,0.05013591060102687,0.003563614949327708,,0
KOSPI_EX_K200,MARKET_ONLY,MARKET,2025,49,-0.2991814694423456,-0.30520408163265306,-0.005720856200286669,,0
KOSPI_EX_K200,MARKET_ONLY,MARKET,2026,15,0.2515058200536045,-0.06785714285714285,0.003625209858289383,,0
KOSPI_EX_K200,MARKET_ONLY,MOMENTUM,2020,35,-0.008287632878062062,0.11456582633053221,0.005111600343488222,-0.014536654667377705,3
KOSPI_EX_K200,MARKET_ONLY,MOMENTUM,2021,49,0.20807437540897877,0.17785714285714285,0.008375280236003618,-0.008114567445104625,1
KOSPI_EX_K200,MARKET_ONLY,MOMENTUM,2022,33,-0.0015001401121363515,-0.18883689839572196,-0.00225139824898851,-0.007570584557269175,1
KOSPI_EX_K200,MARKET_ONLY,MOMENTUM,2023,48,-0.11273444983958207,-0.15458517659776003,-0.004286682663221903,,0
KOSPI_EX_K200,MARKET_ONLY,MOMENTUM,2024,43,-0.12414673183921003,-0.24117491616841105,-0.007535596135221421,,0
KOSPI_EX_K200,MARKET_ONLY,MOMENTUM,2025,49,-0.09057269216641756,0.0024490420681966014,-0.0026174598359001025,,0
KOSPI_EX_K200,MARKET_ONLY,MOMENTUM,2026,15,0.20175307957038915,0.3107142857142856,0.005707509746795108,,0
KOSPI_EX_K200,MARKET_ONLY,REVISION,2020,35,0.037339672078510966,-0.028153232088089255,0.0035893110670222692,0.0013365109185810285,32
KOSPI_EX_K200,MARKET_ONLY,REVISION,2021,49,0.23783279807735533,0.1603102120473692,0.0027779380306597714,0.003471669358170796,45
KOSPI_EX_K200,MARKET_ONLY,REVISION,2022,33,0.23108589175804803,0.1796527575702363,0.004049466249131347,0.000986010921265493,26
KOSPI_EX_K200,MARKET_ONLY,REVISION,2023,48,0.2195491341302038,0.18450012413387532,0.0061638078308758025,-0.0020144552894910414,39
KOSPI_EX_K200,MARKET_ONLY,REVISION,2024,43,0.07726323194043468,0.11478628736872826,0.005636176646305712,0.0038981060286092705,33
KOSPI_EX_K200,MARKET_ONLY,REVISION,2025,49,0.00958276966434649,0.03349931121906308,0.0008243279372777211,0.0016427084745653418,38
KOSPI_EX_K200,MARKET_ONLY,REVISION,2026,15,-0.14983382838104628,0.0035714285714285704,-0.007818919221410174,0.0009446051050745909,15
KOSPI_EX_K200,MARKET_ONLY,VALUE,2020,35,-0.028943004232927557,-0.06725187024707242,-0.004207920034141194,,0
KOSPI_EX_K200,MARKET_ONLY,VALUE,2021,49,-0.14130177980469427,-0.10796193783966683,-0.002583249362329755,-0.0036092584230913694,6
KOSPI_EX_K200,MARKET_ONLY,VALUE,2022,33,-0.17626217777146047,-0.20153743315508021,-0.002251016763715076,0.0016777204898356514,16
KOSPI_EX_K200,MARKET_ONLY,VALUE,2023,48,-0.2575662146714685,-0.27674599497422914,-0.010738498397545978,-0.007406120430081425,15
KOSPI_EX_K200,MARKET_ONLY,VALUE,2024,43,0.2355836055010123,0.23031591885806008,0.00709766956088252,-0.0017581842416939438,4
KOSPI_EX_K200,MARKET_ONLY,VALUE,2025,49,-0.24917579569883852,-0.25056761660236476,-0.012830428036088705,-0.008615391909560934,8
KOSPI_EX_K200,MARKET_ONLY,VALUE,2026,15,0.30647080037248936,0.5428571428571428,0.033819531553779175,0.0007449077885634063,3
KOSPI_KOSDAQ_ALL,FACTOR_ONLY,EW4,2020,45,0.19666581651184906,0.058870216673891806,0.0029795066419688308,-0.002101211595078793,14
KOSPI_KOSDAQ_ALL,FACTOR_ONLY,EW4,2021,49,0.17158545968246533,0.1514514844771487,0.0033816691007596002,0.002136194876680514,18
KOSPI_KOSDAQ_ALL,FACTOR_ONLY,EW4,2022,50,-0.06553152207603094,0.002332167662211674,-0.0030381991384166953,-0.0003127925462683067,30
KOSPI_KOSDAQ_ALL,FACTOR_ONLY,EW4,2023,49,-0.10197190037447755,-0.13232451315917032,-0.0008644383945766853,-0.0016427300743518446,14
KOSPI_KOSDAQ_ALL,FACTOR_ONLY,EW4,2024,47,-0.07365714697189137,-0.2003870613772978,-0.002605733766375492,-0.001051233424746501,14
KOSPI_KOSDAQ_ALL,FACTOR_ONLY,EW4,2025,49,-0.23214653118492823,-0.20045258884055195,-0.0052265661736168,-0.0017859652309986699,8
KOSPI_KOSDAQ_ALL,FACTOR_ONLY,EW4,2026,21,-0.3544367509206791,-0.20654035931832085,-0.002610364406667504,-0.0004007576330485428,13
KOSPI_KOSDAQ_ALL,FACTOR_ONLY,FLOW,2020,45,0.16043296321328407,0.13249838079841236,0.00516574613960543,-0.0010601102881791318,3
KOSPI_KOSDAQ_ALL,FACTOR_ONLY,FLOW,2021,49,0.024880724344424645,-0.07449425158477659,-0.0004270911410004653,0.001703579795342377,11
KOSPI_KOSDAQ_ALL,FACTOR_ONLY,FLOW,2022,50,-0.12621250686781557,-0.10857142857142857,-0.0024715709535178183,-0.0010246989868148433,37
KOSPI_KOSDAQ_ALL,FACTOR_ONLY,FLOW,2023,49,0.023390099597118116,0.03612244897959184,0.001469843416739929,-0.0010438668199312456,16
KOSPI_KOSDAQ_ALL,FACTOR_ONLY,FLOW,2024,47,-0.10333300465386869,-0.06995837187789085,-0.006762114839367004,-0.004213020844327387,13
KOSPI_KOSDAQ_ALL,FACTOR_ONLY,FLOW,2025,49,-0.0217712911943461,-0.024694507520982397,0.00016272221742423808,-0.0015224403642001205,6
KOSPI_KOSDAQ_ALL,FACTOR_ONLY,FLOW,2026,21,-0.1592059005938093,-0.12467532467532469,-0.007000650481317946,0.00032510714076799876,9
KOSPI_KOSDAQ_ALL,FACTOR_ONLY,MARKET,2020,45,0.2791888327744327,0.2682476943346508,0.013025730415166827,0.0012112923118188733,21
KOSPI_KOSDAQ_ALL,FACTOR_ONLY,MARKET,2021,49,-0.20873411783070073,-0.14785714285714285,-0.004422865336461966,-0.004934135190164638,33
KOSPI_KOSDAQ_ALL,FACTOR_ONLY,MARKET,2022,50,-0.33114270148498076,-0.3738295318127251,-0.010874348689704952,-0.0023893608589964166,32
KOSPI_KOSDAQ_ALL,FACTOR_ONLY,MARKET,2023,49,-0.23468336191324685,-0.11020408163265306,-0.005178315990547615,-0.00537274125591265,10
KOSPI_KOSDAQ_ALL,FACTOR_ONLY,MARKET,2024,47,-0.25665471841978393,-0.24306197964847362,-0.007341624355745229,7.779261740828638e-05,24
KOSPI_KOSDAQ_ALL,FACTOR_ONLY,MARKET,2025,49,-0.34319315368042863,-0.3816326530612244,-0.008854415401100728,-0.003989680187402045,13
KOSPI_KOSDAQ_ALL,FACTOR_ONLY,MARKET,2026,21,0.09977297323239953,0.0987012987012987,-0.005928413351420783,0.01477181627226953,15
KOSPI_KOSDAQ_ALL,FACTOR_ONLY,MOMENTUM,2020,45,0.16822615664061016,0.12028985507246374,0.0055381499709266,0.008498966581613015,4
KOSPI_KOSDAQ_ALL,FACTOR_ONLY,MOMENTUM,2021,49,0.16908256938244168,0.16999999999999996,0.004658939066483236,0.0007540322074635654,8
KOSPI_KOSDAQ_ALL,FACTOR_ONLY,MOMENTUM,2022,50,-0.10698172540890429,-0.14343337334933973,-0.0009500804478224365,-0.002381469855668241,16
KOSPI_KOSDAQ_ALL,FACTOR_ONLY,MOMENTUM,2023,49,0.12192208296704114,-0.018588032444724022,0.002467088541030165,-0.00010460595487434288,9
KOSPI_KOSDAQ_ALL,FACTOR_ONLY,MOMENTUM,2024,47,-0.21439102876385244,-0.1493694569046227,-0.006593249828893002,-0.004412647160102447,10
KOSPI_KOSDAQ_ALL,FACTOR_ONLY,MOMENTUM,2025,49,-0.06394721759335051,-0.049591836734693875,-0.003755322129139413,-0.0020276997214356512,14
KOSPI_KOSDAQ_ALL,FACTOR_ONLY,MOMENTUM,2026,21,-0.14996375186360955,-0.3276985865644886,-0.011421421937825454,-0.006132088010769412,5
KOSPI_KOSDAQ_ALL,FACTOR_ONLY,REVISION,2020,45,0.025555651403278704,-0.009756099680679118,0.0011341992409685323,-0.0012600609125691812,37
KOSPI_KOSDAQ_ALL,FACTOR_ONLY,REVISION,2021,49,0.2749785578213015,0.24822061795367634,0.0062808244528702855,0.004656091455295996,25
KOSPI_KOSDAQ_ALL,FACTOR_ONLY,REVISION,2022,50,0.050179210785749516,0.12218119454627077,0.0019802076852328794,0.000523823374755446,41
KOSPI_KOSDAQ_ALL,FACTOR_ONLY,REVISION,2023,49,-0.14360218937507913,-0.03520408163265306,-0.0015174320424974456,0.0007464132867126557,38
KOSPI_KOSDAQ_ALL,FACTOR_ONLY,REVISION,2024,47,0.25227837755285487,0.18154486586493987,0.004052665043411621,0.0024362654884333757,30
KOSPI_KOSDAQ_ALL,FACTOR_ONLY,REVISION,2025,49,-0.29310060130851645,-0.2981906865432175,-0.004023845405630695,0.001034476310005252,31
KOSPI_KOSDAQ_ALL,FACTOR_ONLY,REVISION,2026,21,-0.3909425724440085,-0.3064935064935065,-0.007155638804930047,0.0007108527224841052,19
KOSPI_KOSDAQ_ALL,FACTOR_ONLY,VALUE,2020,45,0.19374486393918872,0.19775877731106323,0.009850125001027247,-0.004942987739388956,34
KOSPI_KOSDAQ_ALL,FACTOR_ONLY,VALUE,2021,49,0.35787674413235704,0.37038186626808606,0.008125688842306834,0.005628140416434131,17
KOSPI_KOSDAQ_ALL,FACTOR_ONLY,VALUE,2022,50,-0.20941999663348143,-0.15810715252420868,-0.006841766821794798,0.0009738429456509645,17
KOSPI_KOSDAQ_ALL,FACTOR_ONLY,VALUE,2023,49,-0.164421797714113,0.017198265423377414,0.0008517039416931775,-0.0001877230888250143,21
KOSPI_KOSDAQ_ALL,FACTOR_ONLY,VALUE,2024,47,-0.2501824393274599,-0.04943850896653491,-0.004843551170490361,0.0027430449408338076,21
KOSPI_KOSDAQ_ALL,FACTOR_ONLY,VALUE,2025,49,0.10828544899431954,0.09460149044056529,0.002762105533567426,-0.0006166349681580249,23
KOSPI_KOSDAQ_ALL,FACTOR_ONLY,VALUE,2026,21,0.28894013307888045,0.2613786345216754,0.026189988396277453,0.006099059791355569,14
KOSPI_KOSDAQ_ALL,FULL,EW4,2020,45,0.18091683671912112,0.03207502836716526,0.004438402748749655,-0.001722019764047257,12
KOSPI_KOSDAQ_ALL,FULL,EW4,2021,49,0.1528378072593948,0.20773765214243453,0.003613785698448147,0.0002775157736009812,15
KOSPI_KOSDAQ_ALL,FULL,EW4,2022,50,-0.10515878976982629,-0.03862297177174943,-0.0017770318443988686,-0.0003837246921781107,30
KOSPI_KOSDAQ_ALL,FULL,EW4,2023,49,-0.13388075306260486,-0.16131090895706676,-0.0005308893909150634,-0.001568189484773964,17
KOSPI_KOSDAQ_ALL,FULL,EW4,2024,47,-0.07344683874805638,-0.12418182461410535,-0.0010505995109105436,-0.0010526668099417715,11
KOSPI_KOSDAQ_ALL,FULL,EW4,2025,49,-0.2523149627729634,-0.20174316692991937,-0.004711148956443475,-0.0027301455540506606,5
KOSPI_KOSDAQ_ALL,FULL,EW4,2026,21,-0.2916847237196401,-0.11634235429956048,-0.0037285233107924656,0.00047909563269093113,10
KOSPI_KOSDAQ_ALL,FULL,FLOW,2020,45,0.14379223206509503,0.1767963469160905,0.008153428518184827,-0.00039496819237139837,3
KOSPI_KOSDAQ_ALL,FULL,FLOW,2021,49,-0.009132549678100633,-0.11138372322003631,-0.0023837865586331278,0.001703579795342377,11
KOSPI_KOSDAQ_ALL,FULL,FLOW,2022,50,-0.16480672850173614,-0.13891956782713086,-0.002232707623348496,-0.0010586160393662532,38
KOSPI_KOSDAQ_ALL,FULL,FLOW,2023,49,0.07103912898369837,0.09377551020408162,0.000557756535810416,-0.0015035059565766953,15
KOSPI_KOSDAQ_ALL,FULL,FLOW,2024,47,-0.11113892917071727,-0.07643385753931546,-0.00458840441388093,-0.002130637665252447,7
KOSPI_KOSDAQ_ALL,FULL,FLOW,2025,49,0.011074430977407032,0.032755937662129544,0.0004987811622412005,0.0015417763075567675,6
KOSPI_KOSDAQ_ALL,FULL,FLOW,2026,21,0.10629245959192107,0.11428571428571428,0.0028742624754160215,-0.00290153200208392,13
KOSPI_KOSDAQ_ALL,FULL,MARKET,2020,45,0.24728583995196426,0.1907773386034255,0.008924175137669374,0.008139207924377431,12
KOSPI_KOSDAQ_ALL,FULL,MARKET,2021,49,-0.08092033905529565,-0.07540816326530612,-0.0004885422325804712,-0.0017507507076192073,34
KOSPI_KOSDAQ_ALL,FULL,MARKET,2022,50,-0.2901201444286158,-0.32110444177671066,-0.010821803923567366,-0.003567473449323818,19
KOSPI_KOSDAQ_ALL,FULL,MARKET,2023,49,-0.2918550988229376,-0.17020408163265308,-0.00632092249231121,-0.005550028388494058,17
KOSPI_KOSDAQ_ALL,FULL,MARKET,2024,47,-0.12406389897340543,-0.13945420906567993,-0.002210224370921671,-0.0027079808869378166,20
KOSPI_KOSDAQ_ALL,FULL,MARKET,2025,49,-0.35554698008225455,-0.383469387755102,-0.012594791528935712,-0.005527000448673789,6
KOSPI_KOSDAQ_ALL,FULL,MARKET,2026,21,-0.06834934151464277,-0.1948051948051948,-0.021527941043031528,0.008345856604458865,10
KOSPI_KOSDAQ_ALL,FULL,MOMENTUM,2020,45,0.17193454943335645,0.16719367588932801,0.00828119246697583,0.0026853190247556717,5
KOSPI_KOSDAQ_ALL,FULL,MOMENTUM,2021,49,0.05382127388554876,0.07795918367346939,0.00026221791662776363,-0.004604663374216097,11
KOSPI_KOSDAQ_ALL,FULL,MOMENTUM,2022,50,-0.11552859730425502,-0.1510204081632653,-0.002155282886430364,-0.0041367241107830395,15
KOSPI_KOSDAQ_ALL,FULL,MOMENTUM,2023,49,0.160058416632221,0.09625945373160655,0.003836142395421118,0.0036014217061432364,9
KOSPI_KOSDAQ_ALL,FULL,MOMENTUM,2024,47,-0.20139138030630127,-0.07971770395606895,-0.005576273698436397,-0.006809619945435431,8
KOSPI_KOSDAQ_ALL,FULL,MOMENTUM,2025,49,-0.05764521042249789,-0.0523469387755102,-0.0024449403693207433,-0.000299475950666896,11
KOSPI_KOSDAQ_ALL,FULL,MOMENTUM,2026,21,-0.13939448975662766,-0.3628091494106839,-0.002476926403137523,-0.005699921035105637,3
KOSPI_KOSDAQ_ALL,FULL,REVISION,2020,45,-0.021904904517908955,-0.043375091823559864,0.00026437525014521196,-0.00223683529130669,31
KOSPI_KOSDAQ_ALL,FULL,REVISION,2021,49,0.22624660250344103,0.20311742653105563,0.004465481034728726,0.004076087396913649,27
KOSPI_KOSDAQ_ALL,FULL,REVISION,2022,50,-0.0015804320415542508,0.03111028448305281,-0.0011327135009554675,-0.00019074311638510435,25
KOSPI_KOSDAQ_ALL,FULL,REVISION,2023,49,-0.10344070845449276,-0.016632653061224488,-0.0034175884303957412,0.0012115348728849163,35
KOSPI_KOSDAQ_ALL,FULL,REVISION,2024,47,0.26632425766605855,0.1663968547641073,0.004983510589769421,0.0029975819534266653,23
KOSPI_KOSDAQ_ALL,FULL,REVISION,2025,49,-0.23204851466243617,-0.2751310158245976,-0.004731604242216908,0.0004270871419974185,24
KOSPI_KOSDAQ_ALL,FULL,REVISION,2026,21,-0.4595756895710483,-0.4168831168831169,-0.019714517150271952,0.0008661608391517268,20
KOSPI_KOSDAQ_ALL,FULL,VALUE,2020,45,0.2487800262132848,0.25735008887413025,0.012657853443794304,-0.0051214943590575735,36
KOSPI_KOSDAQ_ALL,FULL,VALUE,2021,49,0.26405575478136967,0.2499171175397785,0.004923631704952187,0.0024401876108039833,21
KOSPI_KOSDAQ_ALL,FULL,VALUE,2022,50,-0.1491119456270361,-0.11852031153972134,-0.005284290079208401,0.0013116037561570907,18
KOSPI_KOSDAQ_ALL,FULL,VALUE,2023,49,-0.23900085874035104,-0.1356978865304467,-0.008442112868600249,-0.0062460764514886665,25
KOSPI_KOSDAQ_ALL,FULL,VALUE,2024,47,-0.2665350466225544,-0.1103216551438893,-0.005729375406027021,0.0013961794395707992,21
KOSPI_KOSDAQ_ALL,FULL,VALUE,2025,49,0.10971193871109008,0.13307480424433346,0.004618665713220905,0.0014720772790572697,18
KOSPI_KOSDAQ_ALL,FULL,VALUE,2026,21,0.2581227534513633,0.24837472235641797,0.018800989091166627,0.0063280482024378,8
KOSPI_KOSDAQ_ALL,MARKET_ONLY,EW4,2020,45,-0.01345828278293125,-0.16380703787511153,0.0015682395959146164,-0.005541368711675577,7
KOSPI_KOSDAQ_ALL,MARKET_ONLY,EW4,2021,49,0.11617862086908987,0.07265084974574855,-5.5785580733732406e-05,0.000627900262575587,2
KOSPI_KOSDAQ_ALL,MARKET_ONLY,EW4,2022,50,-0.16234935223279637,-0.1659251968456452,-0.0022667601587507235,-0.0016457444402160932,18
KOSPI_KOSDAQ_ALL,MARKET_ONLY,EW4,2023,49,-0.11710711399377675,-0.17456491149662537,-0.0022132455861040828,-0.009309767907054109,3
KOSPI_KOSDAQ_ALL,MARKET_ONLY,EW4,2024,47,0.034739906433672266,0.1857275484228522,-0.0006670279606406444,0.00686840850527044,3
KOSPI_KOSDAQ_ALL,MARKET_ONLY,EW4,2025,49,-0.15861263691056,-0.08517815389825154,-0.002123105987055365,0.0006234709999340845,5
KOSPI_KOSDAQ_ALL,MARKET_ONLY,EW4,2026,21,0.03098330439718648,0.13202896386804056,-0.0001786176123770792,,0
KOSPI_KOSDAQ_ALL,MARKET_ONLY,FLOW,2020,45,0.09932577680082386,0.20092291774804022,0.006792208552716622,0.00040151235606833966,9
KOSPI_KOSDAQ_ALL,MARKET_ONLY,FLOW,2021,49,0.01882244411241068,-0.12660957162350917,-7.05773669351376e-05,0.0011298731746205806,5
KOSPI_KOSDAQ_ALL,MARKET_ONLY,FLOW,2022,50,-0.004929675779719578,0.004849939975990396,-0.0010455728654284108,-0.0014418181835773342,17
KOSPI_KOSDAQ_ALL,MARKET_ONLY,FLOW,2023,49,-0.07216015344156838,-0.05826530612244897,-0.0009757832870765335,,0
KOSPI_KOSDAQ_ALL,MARKET_ONLY,FLOW,2024,47,0.2064989798253155,0.1746068455134135,0.0029177227707882993,0.007609821774803835,5
KOSPI_KOSDAQ_ALL,MARKET_ONLY,FLOW,2025,49,0.12725528286045176,0.24092451345884067,0.002087938728084912,0.004579257327368121,6
KOSPI_KOSDAQ_ALL,MARKET_ONLY,FLOW,2026,21,0.42509410166065836,0.49870129870129876,0.020172733000233624,0.0030969925445002524,9
KOSPI_KOSDAQ_ALL,MARKET_ONLY,MARKET,2020,45,0.03674432489748608,-0.08972332015810276,-0.00967030479769232,0.008064651441123272,2
KOSPI_KOSDAQ_ALL,MARKET_ONLY,MARKET,2021,49,0.05535350247540577,0.03418367346938775,0.0007117334125617287,-0.0023880212106633784,24
KOSPI_KOSDAQ_ALL,MARKET_ONLY,MARKET,2022,50,-0.07043698839531273,-0.07630252100840335,-0.0029389147715751765,-0.00242153130736063,8
KOSPI_KOSDAQ_ALL,MARKET_ONLY,MARKET,2023,49,-0.08011768031456058,-0.058163265306122446,-0.006408820636815019,-0.0002214279833148674,22
KOSPI_KOSDAQ_ALL,MARKET_ONLY,MARKET,2024,47,0.22954882836239915,0.17911655874190563,0.0037692435455604022,0.008846354647196368,7
KOSPI_KOSDAQ_ALL,MARKET_ONLY,MARKET,2025,49,-0.3034445212936448,-0.28581632653061223,-0.010895397441640402,-0.010336396608202975,2
KOSPI_KOSDAQ_ALL,MARKET_ONLY,MARKET,2026,21,-0.223975400710446,-0.22857142857142856,-0.015780414494853328,,0
KOSPI_KOSDAQ_ALL,MARKET_ONLY,MOMENTUM,2020,45,-0.033209062453952984,-0.01212121212121212,-0.0015487349545191494,-0.015836790082123617,5
KOSPI_KOSDAQ_ALL,MARKET_ONLY,MOMENTUM,2021,49,-0.04373686043438114,0.11061224489795918,-0.0005673000036532981,-0.003031178215282225,1
KOSPI_KOSDAQ_ALL,MARKET_ONLY,MOMENTUM,2022,50,0.10341859426536984,0.060264105642256906,0.0012379284305032595,-0.005326604823580536,2
KOSPI_KOSDAQ_ALL,MARKET_ONLY,MOMENTUM,2023,49,-0.18905859077516246,-0.1076982429283598,-0.0054983203969540964,,0
KOSPI_KOSDAQ_ALL,MARKET_ONLY,MOMENTUM,2024,47,-0.10281787084506631,-0.09452737900160861,-0.008914827558523679,,0
KOSPI_KOSDAQ_ALL,MARKET_ONLY,MOMENTUM,2025,49,-0.07143913350955271,0.0009183673469387755,-0.0012138162246300523,,0
KOSPI_KOSDAQ_ALL,MARKET_ONLY,MOMENTUM,2026,21,0.0425055835336246,-0.1586477284161413,0.004134286924597528,,0
KOSPI_KOSDAQ_ALL,MARKET_ONLY,REVISION,2020,45,-0.03383373034678654,-0.11179962877318775,-0.002030786548952959,-0.0012981544362510981,45
KOSPI_KOSDAQ_ALL,MARKET_ONLY,REVISION,2021,49,0.14916989392020136,0.1280134697730265,0.001031567533028817,0.002305358028250334,36
KOSPI_KOSDAQ_ALL,MARKET_ONLY,REVISION,2022,50,0.06117283585169085,0.1350676802363143,0.001281716702304165,0.0016650475469858815,36
KOSPI_KOSDAQ_ALL,MARKET_ONLY,REVISION,2023,49,0.23777295882231125,0.13693877551020409,0.0064594334390670844,0.002488235633082991,44
KOSPI_KOSDAQ_ALL,MARKET_ONLY,REVISION,2024,47,0.21394916315024326,0.22722016651248844,0.004408408017358239,0.004421485934329082,37
KOSPI_KOSDAQ_ALL,MARKET_ONLY,REVISION,2025,49,-0.047711549574598604,-0.08753471456824218,-0.0007665097536204185,0.00362357418731138,26
KOSPI_KOSDAQ_ALL,MARKET_ONLY,REVISION,2026,21,0.05163674248856168,-0.059740259740259746,-0.00834105891593675,0.004021339192149706,20
KOSPI_KOSDAQ_ALL,MARKET_ONLY,VALUE,2020,45,0.20486470360472447,0.17508243751272798,0.013808819462805192,-0.0028346360254340257,32
KOSPI_KOSDAQ_ALL,MARKET_ONLY,VALUE,2021,49,-0.20508410101885016,-0.14145288426342184,-0.0030466274788445,-0.00011963333960695303,22
KOSPI_KOSDAQ_ALL,MARKET_ONLY,VALUE,2022,50,-0.02315724568753093,-0.11006486977604442,0.001812732822246559,0.0019878762747775752,10
KOSPI_KOSDAQ_ALL,MARKET_ONLY,VALUE,2023,49,-0.28573093032531155,-0.26323042449193085,-0.010300387018925349,-0.006078974736322799,31
KOSPI_KOSDAQ_ALL,MARKET_ONLY,VALUE,2024,47,-0.40330168993213183,-0.2661313861054012,-0.015469347705678147,0.0007429670865916128,8
KOSPI_KOSDAQ_ALL,MARKET_ONLY,VALUE,2025,49,-0.15402278953520837,-0.1573629970435293,-0.006970087377577016,-0.0028811632291766793,9
KOSPI_KOSDAQ_ALL,MARKET_ONLY,VALUE,2026,21,0.20104389337465906,0.25877785208862397,0.016782857850066224,,0
