era,universe,mean_gross__EW,mean_gross__RAW_TOP2,mean_gross__SECTOR_CONFIRMED_TOP2,mean_net_10bp__EW,mean_net_10bp__RAW_TOP2,mean_net_10bp__SECTOR_CONFIRMED_TOP2,sharpe_gross__EW,sharpe_gross__RAW_TOP2,sharpe_gross__SECTOR_CONFIRMED_TOP2,sharpe_net_10bp__EW,sharpe_net_10bp__RAW_TOP2,sharpe_net_10bp__SECTOR_CONFIRMED_TOP2,d_mean_vs_rawtop2,d_sharpe_vs_rawtop2,alpha_vs_ew,d_mean_net10_vs_rawtop2,d_sharpe_net10_vs_rawtop2
2016-19,K200,0.0003383315187109117,0.0005592170474146018,0.0008091768746140115,0.0003383315187109117,0.0001607795474146016,0.0003999971871140114,0.2986024651737459,0.251108161823518,0.37000561664188764,0.2986024651737459,0.07214172800254694,0.18289258122096932,0.0002499598271994097,0.11889745481836966,0.0004708453559030998,0.00023921763969940977,0.11075085321842239
2016-19,KOSDAQ,0.0009965558128637551,0.0024149885715506123,0.0020576030994331677,0.0009965558128637551,0.002045196904883945,0.0016367046619331672,0.6259454903500848,0.79755457984171,0.6910502932141849,0.6259454903500848,0.6760552928816744,0.5490180073741701,-0.0003573854721174445,-0.10650428662752509,0.0010610472865694126,-0.00040849224295077787,-0.12703728550750437
2016-19,KOSDAQ_PLUS_KOSPI_EX_K200,0.0011099942392065942,0.003055961275021494,0.003107539342457761,0.0011099942392065942,0.002691377941688161,0.002735143509124427,0.8785332316755158,1.3316502768214484,1.3163484262602998,0.8785332316755158,1.1732958094691814,1.1581694219832732,5.157806743626668e-05,-0.015301850561148633,0.0019975451032511666,4.3765567436265806e-05,-0.015126387485908221
2016-19,KOSPI_ALL,0.0007079928249439281,0.0015949706658818922,0.0014371698899587825,0.0007079928249439281,0.0012329914992152255,0.0010797480149587824,0.6883460501607753,0.7949859861452064,0.7112119164119316,0.6883460501607753,0.6160292307528852,0.5359289151685185,-0.00015780077592310966,-0.08377406973327484,0.0007291770650148544,-0.00015324348425644306,-0.0801003155843667
2016-19,KOSPI_EX_K200,0.0014195331354938852,0.0026797303902712268,0.002618893155099073,0.0014195331354938852,0.0023047303902712264,0.0022289191967657398,1.17778861782761,1.237989326710511,1.213058655810367,1.17778861782761,1.0658511386664498,1.0321026676365,-6.083723517215367e-05,-0.024930670900144003,0.001199360019605188,-7.581119350548665e-05,-0.03374847102994982
2016-19,KOSPI_KOSDAQ_ALL,0.0007830358924774788,0.0019259775650497617,0.002047198048718456,0.0007830358924774788,0.0015509775650497614,0.001670570444551789,0.7355017833373603,0.8341216940812012,0.9045140061909258,0.7355017833373603,0.6725731652313222,0.7386264052166065,0.0001212204836686943,0.07039231210972463,0.0012641621562409773,0.00011959287950202759,0.06605323998528434
2020-22,K200,0.001521390738037412,0.001824619285755248,0.002763698303158187,0.001521390738037412,0.001452136064278738,0.002402121121950133,0.9627735396126619,0.5604162119596913,0.8443384161963938,0.9627735396126619,0.44534738146714853,0.7331433110667687,0.0009390790174029391,0.28392220423670256,0.001242307565120775,0.0009499850576713948,0.28779592959962014
2020-22,KOSDAQ,0.0007333724053192998,0.002462491349585558,0.0014754140779543344,0.0007333724053192998,0.0020967195375050205,0.0010991556886925892,0.5700318500118992,0.8285169410782313,0.5017867282771903,0.5700318500118992,0.7068675996022223,0.37457021638009064,-0.0009870772716312234,-0.326730212801041,0.0007420416726350346,-0.0009975638488124313,-0.3322973832221317
2020-22,KOSDAQ_PLUS_KOSPI_EX_K200,0.0011209050618022553,0.0029617546029087,0.003176694921987124,0.0011209050618022553,0.0025959827908281627,0.0028277016333965194,0.8868040925128168,0.9031501902638713,0.9896683636978245,0.8868040925128168,0.7919612701369797,0.8815446212435262,0.0002149403190784241,0.08651817343395318,0.002055789860184869,0.00023171884256835678,0.08958335110654647
2020-22,KOSPI_ALL,0.0014451257684886276,0.0015273966472860953,0.0014430350803499707,0.0014451257684886276,0.0011280677882256921,0.0010407699796788294,1.046038394119605,0.49292046878491935,0.46850595826345404,1.046038394119605,0.3633895690456497,0.33720082836828963,-8.43615669361246e-05,-0.024414510521465316,-2.0906881386568987e-06,-8.729780854686278e-05,-0.026188740677360045
2020-22,KOSPI_EX_K200,0.0014396565550015513,0.002744561780279358,0.0034465180077422283,0.0014396565550015513,0.0023452329212189553,0.003035024719151624,0.8886328727087501,0.7632636526940014,0.9660970619682522,0.8886328727087501,0.651413299996795,0.8502917152840574,0.0007019562274628703,0.20283340927425075,0.002006861452740677,0.0006897917979326687,0.19887841528726247
2020-22,KOSPI_KOSDAQ_ALL,0.001482723482110964,0.0029065309480760526,0.003385788445325505,0.001482723482110964,0.0025676047735794087,0.0030619629419698,1.190224481193796,0.8764682188030837,1.0542914359614033,1.190224481193796,0.7739841276928706,0.9533156900368761,0.0004792574972494524,0.1778232171583196,0.001903064963214541,0.0004943581683903913,0.1793315623440055
2023-24,K200,0.0018865895404566598,0.0009211810941173415,0.001705022638583184,0.0018865895404566598,0.000503655320921465,0.0012842752159027717,1.1759386217633532,0.2764638780924457,0.5167541253739171,1.1759386217633532,0.15122613802589074,0.3892164459476383,0.0007838415444658425,0.24029024728147136,-0.00018156690187347583,0.0007806198949813067,0.23799030792174758
2023-24,KOSDAQ,0.0009713213969256288,0.0014898623008405586,0.0014856728666491849,0.0009713213969256288,0.0010878004451704553,0.0010662141037625864,0.6954019504903407,0.39340260369201807,0.40183420477958964,0.6954019504903407,0.28714702494366157,0.2882597249531256,-4.189434191373756e-06,0.008431601087571572,0.0005143514697235561,-2.158634140786886e-05,0.0011127000094640072
2023-24,KOSDAQ_PLUS_KOSPI_EX_K200,0.0011755891455593765,0.0012360217066881853,0.0013501496926290291,0.0011755891455593765,0.000849423768543855,0.0009500208266496475,0.7801741820792604,0.30221178413117084,0.3312448728798896,0.7801741820792604,0.20776333241862616,0.2331125156765131,0.00011412798594084383,0.02903308874871874,0.00017456054706965264,0.00010059705810579243,0.02534918325788693
2023-24,KOSPI_ALL,0.0015707863697246437,0.0030092851174083625,0.003619884351153296,0.0015707863697246437,0.002669078931841352,0.0032854771346584504,1.0636669220664736,0.9093989023722578,1.1026212533923812,1.0636669220664736,0.8057826729711203,0.9996204198395383,0.0006105992337449334,0.1932223510201233,0.0020490979814286525,0.0006163982028170984,0.19383774686841804
2023-24,KOSPI_EX_K200,0.0009762460735295423,0.00136714252541053,0.0008606596676022892,0.0009762460735295423,0.0009650806697404269,0.00047277306966414485,0.566326501931907,0.37972460181485396,0.2399453565989182,0.566326501931907,0.26864560382990166,0.13207879085992974,-0.0005064828578082408,-0.13977924521593577,-0.00011558640592725317,-0.0004923076000762821,-0.13656681296997192
2023-24,KOSPI_KOSDAQ_ALL,0.0017426278911385638,0.0022012538129734982,0.0018477354200829425,0.0017426278911385638,0.001814655874829168,0.0014527611932788184,1.2254616040108373,0.5945025329288068,0.5005756977624745,1.2254616040108373,0.49007586085491706,0.39361995823519164,-0.00035351839289055574,-0.09392683516633238,0.00010510752894437865,-0.00036189468155034955,-0.09645590261972542
2025,K200,0.0041269521933097325,0.002624759464913686,0.001898059833259062,0.0041269521933097325,0.0022982288526687883,0.0015536720781570209,2.364746713484994,0.7072108362802324,0.5115281009848149,2.364746713484994,0.6195538669269285,0.41870231738269736,-0.0007266996316546241,-0.19568273529541746,-0.0022288923600506704,-0.0007445567745117674,-0.20085154954423112
2025,KOSDAQ,0.0021262950027983733,0.006434770198105119,0.00627663053467602,0.0021262950027983733,0.006047015096064303,0.005911834616308673,1.2736249866988583,2.440101371700572,2.4086347713818568,1.2736249866988583,2.286685297935458,2.262249937639316,-0.0001581396634290997,-0.03146660031871518,0.004150335531877646,-0.00013518047975563056,-0.024435360296141795
2025,KOSDAQ_PLUS_KOSPI_EX_K200,0.0021122673341542543,0.0067561590309525065,0.006658872659255559,0.0021122673341542543,0.006429628418707608,0.0063323420470106605,1.367109355343146,2.643115075044077,2.5998058297214497,1.367109355343146,2.4991367950431065,2.455778785616281,-9.728637169694777e-05,-0.043309245322627365,0.004546605325101304,-9.728637169694777e-05,-0.04335800942682555
2025,KOSPI_ALL,0.003398986492461941,0.0017630010310647223,0.0025310759937528815,0.003398986492461941,0.001375245929023906,0.0021675555855896157,2.460742305317548,0.7112491004344138,1.02066391552776,2.460742305317548,0.5559401961760202,0.874716710765389,0.0007680749626881591,0.3094148150933461,-0.0008679104987090597,0.0007923096565657097,0.31877651458936884
2025,KOSPI_EX_K200,0.0019090896541504785,0.00044753934205735233,-0.0008743776252913015,0.0019090896541504785,4.958015838388254e-05,-0.001308051094679057,1.2201600299193016,0.1522353196874238,-0.30780403497952424,1.2201600299193016,0.016879664885852255,-0.46025268099876004,-0.0013219169673486537,-0.460039354666948,-0.00278346727944178,-0.0013576312530629397,-0.4771323458846123
2025,KOSPI_KOSDAQ_ALL,0.003008743844230327,0.003848209233398139,0.004535272380591372,0.003008743844230327,0.0034502500497246695,0.004147517278550555,2.121500469102526,1.5091340858981876,1.7915455951621362,2.121500469102526,1.3500327033806172,1.635122928070801,0.0006870631471932328,0.28241150926394853,0.0015265285363610446,0.0006972672288258854,0.28509022469018386
2026,K200,0.006634305350255982,0.0073478011287288125,0.007999531894389707,0.006634305350255982,0.006972801128728812,0.007624531894389706,3.7753142789317793,1.2858154776534658,1.4206153471644163,3.7753142789317793,1.2236799400286746,1.3576854292201619,0.0006517307656608946,0.13479986951095047,0.0013652265441337248,0.0006517307656608937,0.13400548919148725
2026,KOSDAQ,0.005420023105726729,0.013776119099844423,0.013869232390107289,0.005420023105726729,0.013490404814130136,0.013583518104393002,2.407849826675962,2.698543257186647,2.7179893639939476,2.407849826675962,2.6451587192535726,2.664643363914674,9.31132902628664e-05,0.019446106807300634,0.00844920928438056,9.31132902628664e-05,0.019484644661101225
2026,KOSDAQ_PLUS_KOSPI_EX_K200,0.00403651634496433,0.008130672733302372,0.004018876611919597,0.00403651634496433,0.00773781559044523,0.0036795908976338817,2.231310591370084,1.4477222841004607,0.7312337337937838,2.231310591370084,1.3767650924464805,0.6689021545582776,-0.004111796121382775,-0.7164885503066769,-1.763973304473327e-05,-0.004058224692811349,-0.7078629378882029
2026,KOSPI_ALL,0.00454715031820106,0.007495820378171615,0.005930279396046013,0.00454715031820106,0.0071743918067430435,0.005590993681760298,3.2941973196632683,1.6132295363870424,1.2648219086043806,3.2941973196632683,1.5465228504742612,1.195121697340882,-0.001565540982125602,-0.34840762778266177,0.001383129077844953,-0.0015833981249827453,-0.35140115313337916
2026,KOSPI_EX_K200,0.002190474350278536,0.004288820475807323,0.006038891182402596,0.002190474350278536,0.003931677618664466,0.005681748325259738,1.3010193652712017,0.8769062833409277,1.2961027761821091,1.3010193652712017,0.8038690917473791,1.2188443326040248,0.001750070706595273,0.41919649284118143,0.0038484168321240597,0.0017500707065952721,0.4149752408566457
2026,KOSPI_KOSDAQ_ALL,0.0049347140771513415,0.004357006381806583,0.003315239796822883,0.0049347140771513415,0.003999863524663726,0.0029759540825371683,3.313826691094037,0.8675366067262592,0.6459714434883572,3.313826691094037,0.7967161068993251,0.5805039627740435,-0.0010417665849837,-0.22156516323790199,-0.0016194742803284585,-0.0010239094421265575,-0.21621214412528167
