universe,period,threshold_pct,median_cagr,median_mdd,median_sharpe,median_excess_cagr,median_turnover,positive_cagr_phases,positive_excess_phases
K200,BULL_2025,-10.0,0.5306127500822232,-0.1882053687817216,1.5567298318996612,-0.1715015384496179,10.800814040737704,10,0
K200,BULL_2025,-5.0,0.5084808787836249,-0.1902400702561181,1.5151800471914156,-0.1834811990928056,11.393312361146965,10,0
K200,BULL_2025,0.0,0.4784973999295084,-0.2023692096512334,1.4514934161985955,-0.1997108209231661,11.965007937828716,10,0
K200,BULL_2025,5.0,0.4191688311302842,-0.2019816693673354,1.3341574483026704,-0.2318245139350017,12.61800833843992,10,0
K200,BULL_2025,10.0,0.4784668120930043,-0.1867298277283333,1.4671132919775984,-0.199727377675019,11.75315607088782,10,0
KOSDAQ,BULL_2025,-10.0,0.6348020692679699,-0.2247058353199753,1.5759637164461684,0.1675426841776409,12.673465293378008,10,9
KOSDAQ,BULL_2025,-5.0,0.6261786953565098,-0.2201624416257481,1.596246305806642,0.1613840443566353,13.130961436333894,10,9
KOSDAQ,BULL_2025,0.0,0.6106746647742693,-0.2162137702306418,1.5686594709117188,0.1503113782389172,13.289580144389696,10,10
KOSDAQ,BULL_2025,5.0,0.6195520256080655,-0.2146842194995528,1.5610386873400313,0.1566514104000872,13.595144979212424,10,9
KOSDAQ,BULL_2025,10.0,0.6464897045515913,-0.2012761512303508,1.6049394629357077,0.1758897577024729,14.073678370564174,10,9
KOSDAQ_PLUS_KOSPI_EX_K200,BULL_2025,-10.0,0.4184059825744819,-0.2287504861103176,1.2047252715118069,0.0248401434608656,13.473346087435049,10,6
KOSDAQ_PLUS_KOSPI_EX_K200,BULL_2025,-5.0,0.4284572859278189,-0.2215946698483706,1.2082979588595348,0.0321025064917277,13.704685151895518,10,6
KOSDAQ_PLUS_KOSPI_EX_K200,BULL_2025,0.0,0.4339317885154256,-0.2162499334210824,1.2306434743027652,0.0360579960244749,13.892679523252202,10,6
KOSDAQ_PLUS_KOSPI_EX_K200,BULL_2025,5.0,0.4592600090563432,-0.2169721270962084,1.2820864441970503,0.0543583821562707,14.112869341707484,10,7
KOSDAQ_PLUS_KOSPI_EX_K200,BULL_2025,10.0,0.4421559009897381,-0.2243907537490923,1.2546231607255531,0.0420001597713566,14.585251080317637,10,6
KOSPI_ALL,BULL_2025,-10.0,0.3046726092381955,-0.2225502335656975,0.9573906963190084,-0.2763103932383514,11.470742820342746,10,0
KOSPI_ALL,BULL_2025,-5.0,0.2842357056938012,-0.2224372397549844,0.9149000300015232,-0.2876465511255815,11.88826090098971,10,0
KOSPI_ALL,BULL_2025,0.0,0.3007922658431413,-0.2196236212682297,0.9451536321088112,-0.2784627831680424,12.4256301698075,9,0
KOSPI_ALL,BULL_2025,5.0,0.2887045658792938,-0.2129501290903738,0.9426281127970784,-0.2851677164758681,13.15934092890285,10,0
KOSPI_ALL,BULL_2025,10.0,0.2345858331748265,-0.212836014110114,0.8195682103551045,-0.3151868677265437,13.802036310375176,10,0
KOSPI_EX_K200,BULL_2025,-10.0,0.1952908788255458,-0.2153441951258047,0.7243474652545572,-0.1109233004367468,11.23109103520052,10,0
KOSPI_EX_K200,BULL_2025,-5.0,0.1899331140494503,-0.2157963512519883,0.717979305678518,-0.1149084925841572,11.470825788999964,10,0
KOSPI_EX_K200,BULL_2025,0.0,0.1585918183007235,-0.2215180519533125,0.6328375662679497,-0.1382206555713747,12.085787549559935,10,0
KOSPI_EX_K200,BULL_2025,5.0,0.1469017456797678,-0.2307160081962377,0.6031762285782096,-0.1469159207721816,12.6141432400081,10,0
KOSPI_EX_K200,BULL_2025,10.0,0.170049000550057,-0.2281553845442098,0.6653417915065776,-0.1296986179979418,12.275012733404004,9,0
KOSPI_KOSDAQ_ALL,BULL_2025,-10.0,0.5757615230032445,-0.2095496168958163,1.50265804000942,-0.094292309039793,13.510149453786491,10,2
KOSPI_KOSDAQ_ALL,BULL_2025,-5.0,0.5759688968325265,-0.211808322931789,1.5037925186773062,-0.0941731158310855,13.745075378706977,10,2
KOSPI_KOSDAQ_ALL,BULL_2025,0.0,0.5955442869113244,-0.2121029261813185,1.539120562953291,-0.0829216789295652,13.900451685223617,10,2
KOSPI_KOSDAQ_ALL,BULL_2025,5.0,0.6058166439180394,-0.2178650216771925,1.568140810812254,-0.0770173890929044,14.162108615131874,10,2
KOSPI_KOSDAQ_ALL,BULL_2025,10.0,0.5729827042559039,-0.227055869359539,1.4989628308322964,-0.0958895034594505,14.537317045151418,10,1
K200,EARLY_2017_2019,-10.0,-0.116065138551736,-0.4266914342683851,-0.5678932274162695,-0.1349057632269995,12.32887351310637,0,0
K200,EARLY_2017_2019,-5.0,-0.1157449844476889,-0.4302355214624893,-0.5680754074099292,-0.1345932452636014,12.516232316486567,0,0
K200,EARLY_2017_2019,0.0,-0.0906887575355543,-0.4080596464779065,-0.4279789167454793,-0.1153835385096994,12.862476795711007,0,0
K200,EARLY_2017_2019,5.0,-0.101372563274197,-0.4229128504920858,-0.495546167951933,-0.1239576964860536,12.498934950826122,0,0
K200,EARLY_2017_2019,10.0,-0.0208367471302965,-0.3638277280211109,-0.02241089497497,-0.045357449402068,8.24036461522602,1,1
KOSDAQ,EARLY_2017_2019,-10.0,0.074523972808297,-0.5259307298598147,0.3836913947464376,0.0478708175694622,12.103351195166098,9,8
KOSDAQ,EARLY_2017_2019,-5.0,0.0811264635304118,-0.5292777717153592,0.4030342732977547,0.0543139859108898,12.508336235504624,9,9
KOSDAQ,EARLY_2017_2019,0.0,0.1071303560522854,-0.5064400155040205,0.4761032318500616,0.0808457138506819,12.77046012511822,10,10
KOSDAQ,EARLY_2017_2019,5.0,0.1147352134820972,-0.4981860658941325,0.4971287532991299,0.0854612892860205,13.011449519277512,10,10
KOSDAQ,EARLY_2017_2019,10.0,0.1104223763032538,-0.4836783342062372,0.4854320098065167,0.0801945886121785,11.912320828314291,10,10
KOSDAQ_PLUS_KOSPI_EX_K200,EARLY_2017_2019,-10.0,-0.0527210519847733,-0.5524758707213469,0.0215175780085801,-0.0631366758590049,12.620311330976904,0,0
KOSDAQ_PLUS_KOSPI_EX_K200,EARLY_2017_2019,-5.0,-0.0487233328899971,-0.555789711909441,0.0173109087636814,-0.057351225843317,13.103168778384871,0,0
KOSDAQ_PLUS_KOSPI_EX_K200,EARLY_2017_2019,0.0,-0.0446349480616792,-0.5473241627537251,0.0346001902543954,-0.0528928762591113,13.488388514143828,0,0
KOSDAQ_PLUS_KOSPI_EX_K200,EARLY_2017_2019,5.0,-0.0430234601404829,-0.5617956885254746,0.032905833059879,-0.0531436219314553,14.034795268028876,1,0
KOSDAQ_PLUS_KOSPI_EX_K200,EARLY_2017_2019,10.0,-0.0300054081923472,-0.5719817422272178,0.0861375791924336,-0.0412167567835341,14.09090591904555,1,1
KOSPI_ALL,EARLY_2017_2019,-10.0,-0.2579086161468463,-0.5996179295617111,-1.077314974286963,-0.2719283433130846,13.587036025799389,0,0
KOSPI_ALL,EARLY_2017_2019,-5.0,-0.2471632008661548,-0.5918534177828374,-0.9927016258132514,-0.2624528721786706,13.887421868574808,0,0
KOSPI_ALL,EARLY_2017_2019,0.0,-0.2345741516282245,-0.5811174563398738,-0.9054858468314648,-0.250868691987246,14.106844532209074,0,0
KOSPI_ALL,EARLY_2017_2019,5.0,-0.2170985406028593,-0.5645347392777851,-0.8535576534240598,-0.2334001939757652,14.300778850359524,0,0
KOSPI_ALL,EARLY_2017_2019,10.0,-0.212802096897135,-0.5538167020815308,-0.7955290086423118,-0.2276057587689193,13.251612364608432,0,0
KOSPI_EX_K200,EARLY_2017_2019,-10.0,-0.232933058574098,-0.5975073206239938,-0.9721611685609242,-0.2211043563781622,12.114979341109612,0,0
KOSPI_EX_K200,EARLY_2017_2019,-5.0,-0.2171130320482248,-0.5921162279289475,-0.8707209622336088,-0.2054200480004346,12.479898092522376,0,0
KOSPI_EX_K200,EARLY_2017_2019,0.0,-0.208989730499018,-0.5846963829855449,-0.827055230084206,-0.195326705355841,12.568428369346556,0,0
KOSPI_EX_K200,EARLY_2017_2019,5.0,-0.1810558103614138,-0.5376520339255942,-0.653103758621822,-0.1674201908392312,11.650007785121346,0,0
KOSPI_EX_K200,EARLY_2017_2019,10.0,-0.1538671357674664,-0.505726370131848,-0.4961744994289937,-0.1392155838265339,8.24267679901573,0,0
KOSPI_KOSDAQ_ALL,EARLY_2017_2019,-10.0,-0.072506662928624,-0.5721501839375815,-0.0434164426957367,-0.0941394784036622,12.932085426894876,0,0
KOSPI_KOSDAQ_ALL,EARLY_2017_2019,-5.0,-0.0624660171202213,-0.5806755266699,-0.0267891999855847,-0.0844334611214334,13.337678460327655,0,0
KOSPI_KOSDAQ_ALL,EARLY_2017_2019,0.0,-0.0562744169851488,-0.566917420847571,0.0039055169261677,-0.0779628986811716,13.819277250081065,0,0
KOSPI_KOSDAQ_ALL,EARLY_2017_2019,5.0,-0.0699833785512767,-0.5602624380533121,-0.0521404841620666,-0.0918943480271156,14.318958998612056,0,0
KOSPI_KOSDAQ_ALL,EARLY_2017_2019,10.0,-0.0799618838214858,-0.579430026061339,-0.0597565767891569,-0.1016116553847862,14.696283552269854,0,0
K200,LATE_2020_2022,-10.0,-0.0812677093268975,-0.506018113612769,-0.1767216697779363,-0.0841180220635799,11.993205645318628,0,0
K200,LATE_2020_2022,-5.0,-0.0685207210732942,-0.5039676180896853,-0.1305630161073188,-0.0714105805891021,12.32763711876171,0,0
K200,LATE_2020_2022,0.0,-0.1018077398267533,-0.4998990468978477,-0.2553051260872493,-0.1045943283304481,12.614443243205251,0,0
K200,LATE_2020_2022,5.0,-0.0597812607775806,-0.4776455398687471,-0.0867808050338025,-0.062698233953423,11.856542249409614,1,0
K200,LATE_2020_2022,10.0,-0.0510674362227635,-0.4534602487371993,-0.0468504556428924,-0.0540114435252685,8.604741727258622,1,1
KOSDAQ,LATE_2020_2022,-10.0,-0.1464566253953501,-0.6330396488972397,-0.2193699252395424,-0.1557057625674109,12.895896139102849,0,0
KOSDAQ,LATE_2020_2022,-5.0,-0.1289932294442449,-0.6153767375176963,-0.1736647570071181,-0.138431602863048,13.196239208468633,0,0
KOSDAQ,LATE_2020_2022,0.0,-0.1046346308372139,-0.6000995325605554,-0.1027863651746006,-0.1143369580591143,13.5703153128813,0,0
KOSDAQ,LATE_2020_2022,5.0,-0.0955659991404405,-0.6186723309788367,-0.0767690539393241,-0.1053665955552395,13.812509197437414,0,0
KOSDAQ,LATE_2020_2022,10.0,-0.0561961953732733,-0.5748516794676213,0.0442218746791126,-0.066423409492941,13.644475382498683,2,1
KOSDAQ_PLUS_KOSPI_EX_K200,LATE_2020_2022,-10.0,-0.0823554053990586,-0.5572523662199357,-0.0266822391310557,-0.0950227959608961,13.347124574739237,0,0
KOSDAQ_PLUS_KOSPI_EX_K200,LATE_2020_2022,-5.0,-0.0707744904795118,-0.5552594407185797,-0.0008262638337661,-0.083601746825131,13.490796114909385,0,0
KOSDAQ_PLUS_KOSPI_EX_K200,LATE_2020_2022,0.0,-0.0584453933413853,-0.5490482035986672,0.0342456694968058,-0.0714428435612373,13.8122929258761,0,0
KOSDAQ_PLUS_KOSPI_EX_K200,LATE_2020_2022,5.0,-0.056136760504274,-0.5529962735856762,0.0424853151138474,-0.0691660796568084,14.080130693216262,0,0
KOSDAQ_PLUS_KOSPI_EX_K200,LATE_2020_2022,10.0,-0.0385892713391636,-0.5483684650164393,0.0919595327217693,-0.0518608203265844,14.13860620713371,2,1
KOSPI_ALL,LATE_2020_2022,-10.0,-0.0740894344314592,-0.5125169543568987,-0.0777963768319291,-0.0787366348331062,12.578067793616189,0,0
KOSPI_ALL,LATE_2020_2022,-5.0,-0.0838646074027262,-0.5032877667048821,-0.1023280238839913,-0.0884627456276929,12.753126603206104,0,0
KOSPI_ALL,LATE_2020_2022,0.0,-0.0958983460760277,-0.5089128159507419,-0.1383679580130683,-0.1004360862482287,13.375464147794196,0,0
KOSPI_ALL,LATE_2020_2022,5.0,-0.0733774549676145,-0.493243436571351,-0.0657937229533225,-0.078028228836694,13.400660942446638,2,1
KOSPI_ALL,LATE_2020_2022,10.0,-0.0393070496902397,-0.4762886968652051,0.0461272973521205,-0.0441288249572684,13.001890222939265,3,3
KOSPI_EX_K200,LATE_2020_2022,-10.0,-0.0195523579606274,-0.4893607951310252,0.0977944920731708,-0.0526116537604905,11.610921650368326,2,0
KOSPI_EX_K200,LATE_2020_2022,-5.0,-0.0386298084596488,-0.4837534392003526,0.029409116243807,-0.0710458398442471,12.106134336498195,1,0
KOSPI_EX_K200,LATE_2020_2022,0.0,-0.0358263275434308,-0.4824698775028839,0.0450246366739108,-0.0683368883051257,12.465722597487506,2,0
KOSPI_EX_K200,LATE_2020_2022,5.0,0.0006763982321101,-0.4685859910346048,0.1669152547987405,-0.0330649823685771,12.122010447374455,5,2
KOSPI_EX_K200,LATE_2020_2022,10.0,0.0219762362493024,-0.4454193292586236,0.2309819297394024,-0.0124833445033417,11.450949203108657,6,3
KOSPI_KOSDAQ_ALL,LATE_2020_2022,-10.0,-0.0951952908615935,-0.5792300534607033,-0.057466118385899,-0.1001494234101553,13.431422208267858,0,0
KOSPI_KOSDAQ_ALL,LATE_2020_2022,-5.0,-0.094101030950578,-0.5716400463425537,-0.0575081895691636,-0.0990611549673389,13.702757644602231,0,0
KOSPI_KOSDAQ_ALL,LATE_2020_2022,0.0,-0.0794982426646723,-0.5719022297772358,-0.0205530425946726,-0.084538322221028,13.963394535214414,0,0
KOSPI_KOSDAQ_ALL,LATE_2020_2022,5.0,-0.0734116441033614,-0.5777438935790362,-0.0025221931724756,-0.0784850499849883,14.28092001858204,0,0
KOSPI_KOSDAQ_ALL,LATE_2020_2022,10.0,-0.0303979474215991,-0.5823617701900418,0.1162440053620707,-0.0357068688267551,14.309340064026298,2,2
K200,NORMAL_2023_2024,-10.0,-0.0844471324094642,-0.2947414379692102,-0.237538621949842,-0.1157717337486564,11.83093170801966,0,0
K200,NORMAL_2023_2024,-5.0,-0.0872731132794849,-0.2980457271639421,-0.2536394539252559,-0.1185010268933925,12.058368932325726,0,0
K200,NORMAL_2023_2024,0.0,-0.0999400916014099,-0.2787282174131963,-0.3140573541482494,-0.1307346189411301,12.79481404101018,1,0
K200,NORMAL_2023_2024,5.0,-0.0568535450543931,-0.2829774352048976,-0.126262934303213,-0.0891222296399085,12.847079062249994,2,1
K200,NORMAL_2023_2024,10.0,-0.0010469575410966,-0.221209369290818,0.1142096311458013,-0.0352250011246966,10.333113041199674,4,2
KOSDAQ,NORMAL_2023_2024,-10.0,-0.1325789250518578,-0.5557527483531404,-0.1553326234677324,-0.133876891349849,12.97938638839867,0,0
KOSDAQ,NORMAL_2023_2024,-5.0,-0.1295332478363771,-0.5488931320547104,-0.1461394544006161,-0.1308357715361827,13.36025882547907,0,0
KOSDAQ,NORMAL_2023_2024,0.0,-0.1211254900134892,-0.5575036096260273,-0.1230388899580147,-0.1224405946691997,13.675436920474136,0,0
KOSDAQ,NORMAL_2023_2024,5.0,-0.1090539661004552,-0.5453727453261249,-0.092961185336022,-0.1103871339917247,14.044098133129175,0,0
KOSDAQ,NORMAL_2023_2024,10.0,-0.1020315544654561,-0.5200002165898545,-0.0696482538579213,-0.1033752303486289,13.414623036974364,0,0
KOSDAQ_PLUS_KOSPI_EX_K200,NORMAL_2023_2024,-10.0,-0.1286981143086779,-0.6307354318236278,-0.1397765236689868,-0.1480178693693835,13.072822779237605,0,0
KOSDAQ_PLUS_KOSPI_EX_K200,NORMAL_2023_2024,-5.0,-0.1366548745999821,-0.6378723287235888,-0.1591317363971234,-0.1557982009596496,13.319232808998532,0,0
KOSDAQ_PLUS_KOSPI_EX_K200,NORMAL_2023_2024,0.0,-0.1125047064226282,-0.6329464400238806,-0.0864904764297973,-0.1321835249481272,13.76058723779352,0,0
KOSDAQ_PLUS_KOSPI_EX_K200,NORMAL_2023_2024,5.0,-0.1465836507398761,-0.6445628017472882,-0.1821516019171983,-0.165506822034777,14.163401630301603,0,0
KOSDAQ_PLUS_KOSPI_EX_K200,NORMAL_2023_2024,10.0,-0.1591533206065944,-0.6420095419289327,-0.2218279250462693,-0.1777977791533573,14.723588831809444,0,0
KOSPI_ALL,NORMAL_2023_2024,-10.0,-0.0740176922140426,-0.58021628201754,-0.0798511720240873,-0.1084005806021849,12.164218850643458,1,0
KOSPI_ALL,NORMAL_2023_2024,-5.0,-0.0680449066956341,-0.5729391394908044,-0.0624005311395968,-0.1026495721265111,12.503749544402943,0,0
KOSPI_ALL,NORMAL_2023_2024,0.0,-0.0665637291148864,-0.5591862115834315,-0.0562376110099284,-0.1012233925333209,12.956017576041544,2,0
KOSPI_ALL,NORMAL_2023_2024,5.0,-0.0798551321350546,-0.5634402970550656,-0.106857581061468,-0.1140212690328187,13.678619822671724,1,0
KOSPI_ALL,NORMAL_2023_2024,10.0,-0.0941966798492117,-0.5609113502234234,-0.1621944679633309,-0.127830297032265,13.959020899444814,1,0
KOSPI_EX_K200,NORMAL_2023_2024,-10.0,-0.0924075785888713,-0.5869867680004608,-0.1746999498871767,-0.1499504970002523,11.594861692794826,0,0
KOSPI_EX_K200,NORMAL_2023_2024,-5.0,-0.0856062695127635,-0.592114367500755,-0.1536258393892173,-0.1435804026015975,11.876866872153084,0,0
KOSPI_EX_K200,NORMAL_2023_2024,0.0,-0.0900838346396332,-0.585490056075517,-0.1679299660854042,-0.1477740824086924,12.381642866182036,1,0
KOSPI_EX_K200,NORMAL_2023_2024,5.0,-0.0895981557127744,-0.5794989809166746,-0.1726390221519216,-0.1473191963600052,13.00414464612923,0,0
KOSPI_EX_K200,NORMAL_2023_2024,10.0,-0.1023743395863707,-0.5504152196055246,-0.2224407493567544,-0.159285348231457,12.030679567804968,0,0
KOSPI_KOSDAQ_ALL,NORMAL_2023_2024,-10.0,-0.0986909418175658,-0.6046506570972966,-0.049267009391221,-0.1270845512852181,13.202600883764925,0,0
KOSPI_KOSDAQ_ALL,NORMAL_2023_2024,-5.0,-0.0968712159903744,-0.5870237330875998,-0.0342528197133628,-0.125322151614916,13.550382648498232,0,0
KOSPI_KOSDAQ_ALL,NORMAL_2023_2024,0.0,-0.0963285320169614,-0.5991383488995252,-0.0358249184195836,-0.1247965636161464,13.84557640952243,0,0
KOSPI_KOSDAQ_ALL,NORMAL_2023_2024,5.0,-0.0993044572389802,-0.5936826845730118,-0.0499320163732264,-0.1276787393547983,14.26604537077774,0,0
KOSPI_KOSDAQ_ALL,NORMAL_2023_2024,10.0,-0.1269132064240594,-0.612267731774274,-0.129066600992341,-0.1544177402164417,14.788617585533892,0,0
K200,PRE_STRESS_2017_2024,-10.0,-0.1008283497924709,-0.613875497132742,-0.3333523851587236,-0.1172435628638747,12.049905549709258,0,0
K200,PRE_STRESS_2017_2024,-5.0,-0.0970521409521962,-0.5986875785608066,-0.3211073333194981,-0.1149859901301005,12.288946535795212,0,0
K200,PRE_STRESS_2017_2024,0.0,-0.0911238224192544,-0.597929707076448,-0.2959759951511016,-0.1090609275623636,12.718855517179868,0,0
K200,PRE_STRESS_2017_2024,5.0,-0.0821899003994313,-0.5810664712847957,-0.2470183716166362,-0.0989862544738998,12.32587361573034,0,0
K200,PRE_STRESS_2017_2024,10.0,-0.0387598515454942,-0.5428867232489341,-0.0485104928014583,-0.0576289940576545,8.897795093278503,2,0
KOSDAQ,PRE_STRESS_2017_2024,-10.0,-0.0605251122460827,-0.7468551492366595,0.0132949152045795,-0.0731751879913787,12.630152169853217,0,0
KOSDAQ,PRE_STRESS_2017_2024,-5.0,-0.0451718214808825,-0.72820704678682,0.0565199584639379,-0.0587098051451586,12.957932331647845,0,0
KOSDAQ,PRE_STRESS_2017_2024,0.0,-0.0235701852024544,-0.715249972904386,0.1165064179359803,-0.0374103634445326,13.296223501599142,0,0
KOSDAQ,PRE_STRESS_2017_2024,5.0,-0.0157913105485141,-0.7078130997844287,0.1376304946546059,-0.0292826406085424,13.602220650815934,1,0
KOSDAQ,PRE_STRESS_2017_2024,10.0,-0.0045489923762978,-0.658857461652263,0.168756105949036,-0.0185754927660261,13.01172989878642,4,3
KOSDAQ_PLUS_KOSPI_EX_K200,PRE_STRESS_2017_2024,-10.0,-0.0905849711139836,-0.732241134618272,-0.0607595015778598,-0.1040914791132548,12.994033455787063,0,0
KOSDAQ_PLUS_KOSPI_EX_K200,PRE_STRESS_2017_2024,-5.0,-0.0840071243263125,-0.7422426387937215,-0.0520129570856601,-0.0975092069682692,13.326615591398332,0,0
KOSDAQ_PLUS_KOSPI_EX_K200,PRE_STRESS_2017_2024,0.0,-0.0691246093909466,-0.7030320283528491,-0.0076637261991308,-0.0827589615179024,13.658607612748902,0,0
KOSDAQ_PLUS_KOSPI_EX_K200,PRE_STRESS_2017_2024,5.0,-0.0741499882513701,-0.7006660107251896,-0.018758464992944,-0.0875908488477372,14.043006023059776,0,0
KOSDAQ_PLUS_KOSPI_EX_K200,PRE_STRESS_2017_2024,10.0,-0.0700454043779321,-0.713570011678053,-0.0074202670355646,-0.0835495386284874,14.254529899113622,0,0
KOSPI_ALL,PRE_STRESS_2017_2024,-10.0,-0.1379029924132518,-0.7392460815173417,-0.3485307491777599,-0.1540276018152689,12.850423649217795,0,0
KOSPI_ALL,PRE_STRESS_2017_2024,-5.0,-0.1375543376479616,-0.7487241044017963,-0.3473169593402611,-0.1538426741712221,13.118025348162446,0,0
KOSPI_ALL,PRE_STRESS_2017_2024,0.0,-0.1321670739941035,-0.7456904691165979,-0.3251844995481717,-0.148368288432828,13.585631644772572,0,0
KOSPI_ALL,PRE_STRESS_2017_2024,5.0,-0.1178420232023353,-0.7397170074762591,-0.2765898180169876,-0.1350487746446314,13.752770692569973,0,0
KOSPI_ALL,PRE_STRESS_2017_2024,10.0,-0.1078980027253688,-0.7221052202844127,-0.2321477157190295,-0.1254922177095336,13.292314797784137,0,0
KOSPI_EX_K200,PRE_STRESS_2017_2024,-10.0,-0.1159906444176741,-0.7394758996357176,-0.2796523217665086,-0.1366171782311785,11.829555134917053,0,0
KOSPI_EX_K200,PRE_STRESS_2017_2024,-5.0,-0.1184353930300268,-0.7355851341678716,-0.2962299696074968,-0.139183590948258,12.176619581674036,0,0
KOSPI_EX_K200,PRE_STRESS_2017_2024,0.0,-0.113684759716964,-0.7351742213583425,-0.2763138314004036,-0.1343180352997616,12.536125913176662,0,0
KOSPI_EX_K200,PRE_STRESS_2017_2024,5.0,-0.0868261999851874,-0.7206726452318861,-0.1614565576555307,-0.1077465103080598,12.17735452857435,0,0
KOSPI_EX_K200,PRE_STRESS_2017_2024,10.0,-0.0824329416739255,-0.6780565231354696,-0.1331527054878479,-0.1019878555693121,10.440241155714013,0,0
KOSPI_KOSDAQ_ALL,PRE_STRESS_2017_2024,-10.0,-0.1019340478040947,-0.7247269977964963,-0.0914684865715987,-0.1189310797621696,13.218460866720584,0,0
KOSPI_KOSDAQ_ALL,PRE_STRESS_2017_2024,-5.0,-0.0871650685910632,-0.7232166492540525,-0.0508876037807095,-0.1043699247174556,13.549672525604471,0,0
KOSPI_KOSDAQ_ALL,PRE_STRESS_2017_2024,0.0,-0.0756974554873795,-0.7129825676880879,-0.0186617477368435,-0.0921257629840688,13.88133231978338,0,0
KOSPI_KOSDAQ_ALL,PRE_STRESS_2017_2024,5.0,-0.0771967908263723,-0.7086654871966683,-0.0219586513354133,-0.0938415454943066,14.26624526538024,0,0
KOSPI_KOSDAQ_ALL,PRE_STRESS_2017_2024,10.0,-0.0763719308249428,-0.7000453097730266,-0.0211759550566116,-0.0932510246378559,14.552271455731724,0,0
K200,YTD_2026,-10.0,0.9640150463383348,-0.3653824862761382,1.44657171504057,-0.0409038581883114,11.324682460661124,10,4
K200,YTD_2026,-5.0,1.0119108133856722,-0.3550629125829886,1.502885513778608,-0.0175147067305054,11.773454760470692,10,5
K200,YTD_2026,0.0,1.204687097518078,-0.332235953121131,1.6630494736669146,0.0766245875121176,11.944120499699572,10,9
K200,YTD_2026,5.0,1.2532709741141332,-0.3388900831993044,1.7064656137911327,0.1003497665449403,11.238846469482173,10,7
K200,YTD_2026,10.0,0.974246801511433,-0.4265359225763995,1.4000275780829097,-0.0359073399952472,9.820023048072809,10,5
KOSDAQ,YTD_2026,-10.0,-0.0758002957013493,-0.5753791645099715,0.3038715141162814,0.207434492756332,12.533682112980836,3,9
KOSDAQ,YTD_2026,-5.0,0.0256815328816319,-0.5465593519418783,0.4211654716188909,0.3400169418191825,12.900471292430703,6,10
KOSDAQ,YTD_2026,0.0,0.0962211126989635,-0.5221889761453402,0.4996247289934986,0.432174428323264,13.288911979962316,7,10
KOSDAQ,YTD_2026,5.0,0.2463968383017053,-0.4853011322141688,0.6722635013343574,0.6283737456613585,12.814041449648062,10,10
KOSDAQ,YTD_2026,10.0,0.3002643685867644,-0.5203426834468003,0.7224133673619715,0.6987497843067432,12.642327808349815,8,10
KOSDAQ_PLUS_KOSPI_EX_K200,YTD_2026,-10.0,-0.2513710532209113,-0.6028556058859125,0.0236174134912005,-0.1046520706121962,12.76173089475379,0,2
KOSDAQ_PLUS_KOSPI_EX_K200,YTD_2026,-5.0,-0.2112200901356731,-0.5909604694447986,0.0880164187066213,-0.0566321779591496,13.0347897556261,1,4
KOSDAQ_PLUS_KOSPI_EX_K200,YTD_2026,0.0,-0.153534998887456,-0.5742623744213469,0.1769189245139791,0.0123582441022053,13.357233063536142,2,6
KOSDAQ_PLUS_KOSPI_EX_K200,YTD_2026,5.0,-0.03010669809261,-0.5435045044147788,0.3472627289403357,0.1599764654119543,13.831753972146544,3,6
KOSDAQ_PLUS_KOSPI_EX_K200,YTD_2026,10.0,0.0635962784453145,-0.5314118917772328,0.462323362118153,0.2720436869396049,13.510017850879098,7,9
KOSPI_ALL,YTD_2026,-10.0,0.032365364870767,-0.4464793170830142,0.3634907402315827,-0.4776993217799608,12.90649622387426,6,0
KOSPI_ALL,YTD_2026,-5.0,0.0365692308505947,-0.4408703539887606,0.368529212446898,-0.4755724758714057,13.431130114728663,5,0
KOSPI_ALL,YTD_2026,0.0,0.0795130945717437,-0.4199249269418831,0.4326573154078786,-0.4538460504117987,13.639333355480064,8,0
KOSPI_ALL,YTD_2026,5.0,0.1679652223767731,-0.4084752244955176,0.5610169084933776,-0.4090958021812645,13.781902228433594,8,0
KOSPI_ALL,YTD_2026,10.0,0.1446153057744085,-0.4155531400893597,0.5271860372025325,-0.420909136580877,13.327652837074664,9,0
KOSPI_EX_K200,YTD_2026,-10.0,-0.2876205706215285,-0.444151881166566,-0.2945750642854674,-0.3115145518857255,12.595123198147451,0,0
KOSPI_EX_K200,YTD_2026,-5.0,-0.2624182846843074,-0.4504850674404779,-0.2616717474663135,-0.2871575780436671,12.965014026784196,0,0
KOSPI_EX_K200,YTD_2026,0.0,-0.2550545013876454,-0.4421833168225065,-0.2452117568745709,-0.2800407840519571,13.20335979605791,0,0
KOSPI_EX_K200,YTD_2026,5.0,-0.349671861635744,-0.4879880533880079,-0.465485505160624,-0.3714845750758454,12.570135377545316,0,0
KOSPI_EX_K200,YTD_2026,10.0,-0.3312323218723624,-0.5438334879528877,-0.3984300278942804,-0.3536635175418154,10.356590715459546,1,0
KOSPI_KOSDAQ_ALL,YTD_2026,-10.0,-0.1351652688626503,-0.5878883685141407,0.1982275209311814,-0.5165822556537847,12.85852962108131,0,0
KOSPI_KOSDAQ_ALL,YTD_2026,-5.0,-0.0665776182663027,-0.5725020836628639,0.2888427428072201,-0.4782437313698588,13.023156738605977,5,0
KOSPI_KOSDAQ_ALL,YTD_2026,0.0,-0.0042312795802806,-0.5638906771480432,0.3748802231261626,-0.4433939209601792,13.35269867578344,5,0
KOSPI_KOSDAQ_ALL,YTD_2026,5.0,0.0829122036298117,-0.5255808373359598,0.4857444338432602,-0.394683219861838,13.905226653928596,6,0
KOSPI_KOSDAQ_ALL,YTD_2026,10.0,0.1056688482182297,-0.5088735544894352,0.5100933789743087,-0.3819629099578233,14.243061076142205,8,0
