Date,Universe,Factor,StockCode,StockName,FactorValue,ValueStatus,SourceRow
"2026-01-07","ALL","외국인수급","A000070","삼양홀딩스","-.116912670410656","OK","14"
"2026-01-07","ALL","외국인수급","A000080","하이트진로","-.665497278537713","OK","15"
"2026-01-07","ALL","외국인수급","A000100","유한양행","-.158630320991866","OK","16"
"2026-01-07","ALL","외국인수급","A000120","CJ대한통운","-.227047927344663","OK","17"
"2026-01-07","ALL","외국인수급","A000150","두산",".48669539549158","OK","18"
"2026-01-07","ALL","외국인수급","A000210","DL","-.380087694214088","OK","19"
"2026-01-07","ALL","외국인수급","A000240","한국앤컴퍼니",".459132699453307","OK","20"
"2026-01-07","ALL","외국인수급","A000250","삼천당제약",".802477298339586","OK","21"
"2026-01-07","ALL","외국인수급","A000270","기아",".471992050572945","OK","22"
"2026-01-07","ALL","외국인수급","A000320","노루홀딩스","1.68316165084495E-02","OK","23"
"2026-01-07","ALL","외국인수급","A000370","한화손해보험",".140085339344658","OK","24"
"2026-01-07","ALL","외국인수급","A000400","롯데손해보험","1.76759642238484E-03","OK","25"
"2026-01-07","ALL","외국인수급","A000430","대원강업",".315868440794409","OK","26"
"2026-01-07","ALL","외국인수급","A000490","대동","2.78307888040712E-02","OK","27"
"2026-01-07","ALL","외국인수급","A000500","가온전선","-.751855996721467","OK","28"
"2026-01-07","ALL","외국인수급","A000640","동아쏘시오홀딩스",".547470635091224","OK","29"
"2026-01-07","ALL","외국인수급","A000650","천일고속","-5.76007589747065E-02","OK","30"
"2026-01-07","ALL","외국인수급","A000660","SK하이닉스",".757903458065356","OK","31"
"2026-01-07","ALL","외국인수급","A000670","영풍",".704241756023325","OK","32"
"2026-01-07","ALL","외국인수급","A000680","LS네트웍스","9.59126457134425E-02","OK","33"
"2026-01-07","ALL","외국인수급","A000720","현대건설","-5.38096001109674E-03","OK","34"
"2026-01-07","ALL","외국인수급","A000810","삼성화재","-.228871729407582","OK","35"
"2026-01-07","ALL","외국인수급","A000880","한화",".500883435185035","OK","36"
"2026-01-07","ALL","외국인수급","A0008Z0","에스엔시스","-.913712558395164","OK","37"
"2026-01-07","ALL","외국인수급","A000990","DB하이텍",".586712071228406","OK","38"
"2026-01-07","ALL","외국인수급","A0009K0","에임드바이오","-1.10253342888986","OK","39"
"2026-01-07","ALL","외국인수급","A001040","CJ",".251387889519826","OK","40"
"2026-01-07","ALL","외국인수급","A001060","JW중외제약",".41458137191748","OK","41"
"2026-01-07","ALL","외국인수급","A001120","LX인터내셔널",".213267303007309","OK","42"
"2026-01-07","ALL","외국인수급","A001200","유진투자증권","1.77609853330557","OK","43"
"2026-01-07","ALL","외국인수급","A001270","부국증권","7.08352115396999E-02","OK","44"
"2026-01-07","ALL","외국인수급","A001340","PKC","","BLANK","45"
"2026-01-07","ALL","외국인수급","A001390","KG케미칼",".997225566664922","OK","46"
"2026-01-07","ALL","외국인수급","A001430","세아베스틸지주","-4.54685282764232","OK","47"
"2026-01-07","ALL","외국인수급","A001440","대한전선","-.931970749036887","OK","48"
"2026-01-07","ALL","외국인수급","A001450","현대해상",".386044705751844","OK","49"
"2026-01-07","ALL","외국인수급","A001460","BYC","-.156847742922724","OK","50"
"2026-01-07","ALL","외국인수급","A001500","현대차증권",".144362075692548","OK","51"
"2026-01-07","ALL","외국인수급","A001510","SK증권",".665033251662583","OK","52"
"2026-01-07","ALL","외국인수급","A001530","DI동일","-1.04610326533662","OK","53"
"2026-01-07","ALL","외국인수급","A001570","금양","0","OK","54"
"2026-01-07","ALL","외국인수급","A001680","대상","-1.1463713973593","OK","55"
"2026-01-07","ALL","외국인수급","A001720","신영증권",".168964585022979","OK","56"
"2026-01-07","ALL","외국인수급","A001740","SK네트웍스","-.377725744129352","OK","57"
"2026-01-07","ALL","외국인수급","A001800","오리온홀딩스","-.60572945125283","OK","58"
"2026-01-07","ALL","외국인수급","A001820","삼화콘덴서",".353871773522065","OK","59"
"2026-01-07","ALL","외국인수급","A001940","KISCO홀딩스","-6.22816756478648E-02","OK","60"
"2026-01-07","ALL","외국인수급","A002020","코오롱",".294477766928597","OK","61"
"2026-01-07","ALL","외국인수급","A002030","아세아","-.99535500995355","OK","62"
"2026-01-07","ALL","외국인수급","A002240","고려제강","-.179960524788111","OK","63"
"2026-01-07","ALL","외국인수급","A002310","아세아제지",".306229863791508","OK","64"
"2026-01-07","ALL","외국인수급","A002320","한진","-.130950042558764","OK","65"
"2026-01-07","ALL","외국인수급","A002350","넥센타이어",".630579845042541","OK","66"
"2026-01-07","ALL","외국인수급","A002380","KCC",".180468483592582","OK","67"
"2026-01-07","ALL","외국인수급","A002710","TCC스틸",".744345834526195","OK","68"
"2026-01-07","ALL","외국인수급","A002790","아모레퍼시픽홀딩스","-.164350747007916","OK","69"
"2026-01-07","ALL","외국인수급","A002810","삼영무역","4.73821369343757E-02","OK","70"
"2026-01-07","ALL","외국인수급","A002840","미원상사","-5.87833219412167E-02","OK","71"
"2026-01-07","ALL","외국인수급","A002900","TYM","1.25341362649674","OK","72"
"2026-01-07","ALL","외국인수급","A002960","한국쉘석유","-.615051254271189","OK","73"
"2026-01-07","ALL","외국인수급","A003000","부광약품","-.717703349282297","OK","74"
"2026-01-07","ALL","외국인수급","A003030","세아제강지주","-.558089795645563","OK","75"
"2026-01-07","ALL","외국인수급","A003090","대웅","-6.15776621722051E-02","OK","76"
"2026-01-07","ALL","외국인수급","A003120","일성아이에스","-.109716350963245","OK","77"
"2026-01-07","ALL","외국인수급","A003160","디아이","1.73280632411067","OK","78"
"2026-01-07","ALL","외국인수급","A003200","일신방직","-.206093497750146","OK","79"
"2026-01-07","ALL","외국인수급","A003220","대원제약","-.494239795192718","OK","80"
"2026-01-07","ALL","외국인수급","A003230","삼양식품","-1.36658778832218","OK","81"
"2026-01-07","ALL","외국인수급","A003240","태광산업","-.489699613805077","OK","82"
"2026-01-07","ALL","외국인수급","A003280","흥아해운","-.164149704530532","OK","83"
"2026-01-07","ALL","외국인수급","A003300","한일홀딩스","3.29170297221415E-02","OK","84"
"2026-01-07","ALL","외국인수급","A003380","하림지주","-3.23620834906894","OK","85"
"2026-01-07","ALL","외국인수급","A003470","유안타증권",".461244830876895","OK","86"
"2026-01-07","ALL","외국인수급","A003490","대한항공",".38936104509875","OK","87"
"2026-01-07","ALL","외국인수급","A003520","영진약품","-.197458074922824","OK","88"
"2026-01-07","ALL","외국인수급","A003530","한화투자증권",".77087297983945","OK","89"
"2026-01-07","ALL","외국인수급","A003540","대신증권","-9.74326496809081E-02","OK","90"
"2026-01-07","ALL","외국인수급","A003550","LG","-.347691186596543","OK","91"
"2026-01-07","ALL","외국인수급","A003570","SNT다이내믹스","-1.82813822235588","OK","92"
"2026-01-07","ALL","외국인수급","A003620","KG모빌리티",".700020588840848","OK","93"
"2026-01-07","ALL","외국인수급","A003670","포스코퓨처엠","-.385746376669221","OK","94"
"2026-01-07","ALL","외국인수급","A003690","코리안리","-.898490208234565","OK","95"
"2026-01-07","ALL","외국인수급","A003800","에이스침대","-.292765758116931","OK","96"
"2026-01-07","ALL","외국인수급","A003850","보령",".253014225595745","OK","97"
"2026-01-07","ALL","외국인수급","A003920","남양유업","-.229083665338645","OK","98"
"2026-01-07","ALL","외국인수급","A003960","사조대림","1.45683400833309E-02","OK","99"
"2026-01-07","ALL","외국인수급","A004000","롯데정밀화학",".399967013029853","OK","100"
"2026-01-07","ALL","외국인수급","A004020","현대제철","-.609010500673242","OK","101"
"2026-01-07","ALL","외국인수급","A004170","신세계",".858564004575581","OK","102"
"2026-01-07","ALL","외국인수급","A004310","현대약품",".809041501976285","OK","103"
"2026-01-07","ALL","외국인수급","A004360","세방","-.176734650595596","OK","104"
"2026-01-07","ALL","외국인수급","A004370","농심",".665610021869499","OK","105"
"2026-01-07","ALL","외국인수급","A004490","세방전지","-.933094887439512","OK","106"
"2026-01-07","ALL","외국인수급","A004690","삼천리","-.72940586226193","OK","107"
"2026-01-07","ALL","외국인수급","A004700","조광피혁","-2.15777662696358E-02","OK","108"
"2026-01-07","ALL","외국인수급","A004800","효성","2.07480302917746","OK","109"
"2026-01-07","ALL","외국인수급","A004990","롯데지주","-8.65007886836615E-02","OK","110"
"2026-01-07","ALL","외국인수급","A005070","코스모신소재","-.151971988523075","OK","111"
"2026-01-07","ALL","외국인수급","A005090","SGC에너지","-.445523347136941","OK","112"
"2026-01-07","ALL","외국인수급","A005180","빙그레",".166647836402666","OK","113"
"2026-01-07","ALL","외국인수급","A005250","녹십자홀딩스","2.34097618707001E-02","OK","114"
"2026-01-07","ALL","외국인수급","A005290","동진쎄미켐","-.920501208685647","OK","115"
"2026-01-07","ALL","외국인수급","A005300","롯데칠성","-.688247963595731","OK","116"
"2026-01-07","ALL","외국인수급","A005380","현대차",".180360224314599","OK","117"
"2026-01-07","ALL","외국인수급","A005420","코스모화학","-.49941152145561","OK","118"
"2026-01-07","ALL","외국인수급","A005440","현대지에프홀딩스","-.052813667258588","OK","119"
"2026-01-07","ALL","외국인수급","A005490","POSCO홀딩스",".138894682788938","OK","120"
"2026-01-07","ALL","외국인수급","A005500","삼진제약","-7.21129082105697E-02","OK","121"
"2026-01-07","ALL","외국인수급","A005610","삼립","-7.75460968464587E-02","OK","122"
"2026-01-07","ALL","외국인수급","A005690","파미셀","1.254252730956","OK","123"
"2026-01-07","ALL","외국인수급","A005710","대원산업",".291545189504373","OK","124"
"2026-01-07","ALL","외국인수급","A005720","넥센","7.32965873108948E-02","OK","125"
"2026-01-07","ALL","외국인수급","A005810","풍산홀딩스","-5.34256922311675E-02","OK","126"
"2026-01-07","ALL","외국인수급","A005830","DB손해보험","-.327272973412032","OK","127"
"2026-01-07","ALL","외국인수급","A005850","에스엘",".16836684163613","OK","128"
"2026-01-07","ALL","외국인수급","A005880","대한해운","-.740881760347754","OK","129"
"2026-01-07","ALL","외국인수급","A005930","삼성전자","-2.99444239906029E-02","OK","130"
"2026-01-07","ALL","외국인수급","A005940","NH투자증권",".242467318054439","OK","131"
"2026-01-07","ALL","외국인수급","A006040","동원산업","-.755920047530131","OK","132"
"2026-01-07","ALL","외국인수급","A006110","삼아알미늄","-.597040026908846","OK","133"
"2026-01-07","ALL","외국인수급","A006120","SK디스커버리",".138460181673869","OK","134"
"2026-01-07","ALL","외국인수급","A006220","제주은행","-.365654306117181","OK","135"
"2026-01-07","ALL","외국인수급","A006260","LS","-.294873189466902","OK","136"
"2026-01-07","ALL","외국인수급","A006280","녹십자","-.10364266033014","OK","137"
"2026-01-07","ALL","외국인수급","A006340","대원전선","-.977803154664192","OK","138"
"2026-01-07","ALL","외국인수급","A006360","GS건설","-1.53940674559882","OK","139"
"2026-01-07","ALL","외국인수급","A006380","카프로","0","OK","140"
"2026-01-07","ALL","외국인수급","A006400","삼성SDI","-9.94751826570164E-02","OK","141"
"2026-01-07","ALL","외국인수급","A006650","대한유화","1.78115144063719","OK","142"
"2026-01-07","ALL","외국인수급","A006730","서부T&D","-2.16638840249216","OK","143"
"2026-01-07","ALL","외국인수급","A006800","미래에셋증권",".719100005537094","OK","144"
"2026-01-07","ALL","외국인수급","A006910","보성파워텍","4.22660536853033","OK","145"
"2026-01-07","ALL","외국인수급","A007070","GS리테일",".599633705501359","OK","146"
"2026-01-07","ALL","외국인수급","A007160","사조산업","-.619047619047619","OK","147"
"2026-01-07","ALL","외국인수급","A007310","오뚜기","-.344838616806884","OK","148"
"2026-01-07","ALL","외국인수급","A007340","DN오토모티브","-.188060890073203","OK","149"
"2026-01-07","ALL","외국인수급","A007390","네이처셀","-6.11060189428659E-02","OK","150"
"2026-01-07","ALL","외국인수급","A007660","이수페타시스","-1.33441747196202","OK","151"
"2026-01-07","ALL","외국인수급","A007690","국도화학","-7.50571457814472E-02","OK","152"
"2026-01-07","ALL","외국인수급","A007700","F&F홀딩스","-2.77071106521246E-02","OK","153"
"2026-01-07","ALL","외국인수급","A007810","코리아써키트","-2.06250474918857E-02","OK","154"
"2026-01-07","ALL","외국인수급","A008060","대덕",".635196395124732","OK","155"
"2026-01-07","ALL","외국인수급","A008730","율촌화학","-.35098060229343","OK","156"
"2026-01-07","ALL","외국인수급","A008770","호텔신라","-.316102133689402","OK","157"
"2026-01-07","ALL","외국인수급","A008930","한미사이언스",".182820420486967","OK","158"
"2026-01-07","ALL","외국인수급","A009150","삼성전기","-6.24604213711361E-02","OK","159"
"2026-01-07","ALL","외국인수급","A009160","SIMPAC",".240041323569627","OK","160"
"2026-01-07","ALL","외국인수급","A009240","한샘","-.82535190828617","OK","161"
"2026-01-07","ALL","외국인수급","A009290","광동제약","-5.64759036144578E-02","OK","162"
"2026-01-07","ALL","외국인수급","A009410","태영건설","-.286990954335743","OK","163"
"2026-01-07","ALL","외국인수급","A009420","한올바이오파마","1.92395579696572","OK","164"
"2026-01-07","ALL","외국인수급","A009450","경동나비엔","-5.36074304560128E-02","OK","165"
"2026-01-07","ALL","외국인수급","A009520","포스코엠텍",".559975112217235","OK","166"
"2026-01-07","ALL","외국인수급","A009540","HD한국조선해양",".493327825383602","OK","167"
"2026-01-07","ALL","외국인수급","A009680","모토닉","-.180905149558654","OK","168"
"2026-01-07","ALL","외국인수급","A009830","한화솔루션","-.339028369342477","OK","169"
"2026-01-07","ALL","외국인수급","A009900","명신산업","3.71271812218968E-02","OK","170"
"2026-01-07","ALL","외국인수급","A009970","영원무역홀딩스",".316519391746027","OK","171"
"2026-01-07","ALL","외국인수급","A010060","OCI홀딩스","-1.20565793109312","OK","172"
"2026-01-07","ALL","외국인수급","A010120","LS ELECTRIC",".26705501618123","OK","173"
"2026-01-07","ALL","외국인수급","A010130","고려아연","-.351574075729558","OK","174"
"2026-01-07","ALL","외국인수급","A010140","삼성중공업","-3.42025361671727E-02","OK","175"
"2026-01-07","ALL","외국인수급","A010170","대한광통신","3.69694057344226","OK","176"
"2026-01-07","ALL","외국인수급","A010580","에스엠벡셀","-.146576996033799","OK","177"
"2026-01-07","ALL","외국인수급","A010690","화신","-.72835932393314","OK","178"
"2026-01-07","ALL","외국인수급","A010780","아이에스동서",".609640912915801","OK","179"
"2026-01-07","ALL","외국인수급","A010950","S-Oil","-.105815902397795","OK","180"
"2026-01-07","ALL","외국인수급","A011070","LG이노텍","1.42887058184038","OK","181"
"2026-01-07","ALL","외국인수급","A011170","롯데케미칼","-.814217866614502","OK","182"
"2026-01-07","ALL","외국인수급","A011200","HMM",".117470802546903","OK","183"
"2026-01-07","ALL","외국인수급","A011210","현대위아","-.240004844134469","OK","184"
"2026-01-07","ALL","외국인수급","A011760","현대코퍼레이션","-.879053222055001","OK","185"
"2026-01-07","ALL","외국인수급","A011780","금호석유화학","3.99950973751605E-02","OK","186"
"2026-01-07","ALL","외국인수급","A011790","SKC","-.205737112622464","OK","187"
"2026-01-07","ALL","외국인수급","A011930","신성이엔지","-.161333691852649","OK","188"
"2026-01-07","ALL","외국인수급","A012030","DB",".305508703815676","OK","189"
"2026-01-07","ALL","외국인수급","A0120G0","삼양바이오팜","-1.29018701407859","OK","190"
"2026-01-07","ALL","외국인수급","A012330","현대모비스","-.642676804529932","OK","191"
"2026-01-07","ALL","외국인수급","A012450","한화에어로스페이스",".54540443136225","OK","192"
"2026-01-07","ALL","외국인수급","A012510","더존비즈온",".754237170692499","OK","193"
"2026-01-07","ALL","외국인수급","A012630","HDC",".675039102874862","OK","194"
"2026-01-07","ALL","외국인수급","A0126Z0","삼성에피스홀딩스","-.402114123000257","OK","195"
"2026-01-07","ALL","외국인수급","A012750","에스원","-.196170046105114","OK","196"
"2026-01-07","ALL","외국인수급","A013030","하이록코리아",".170473917490624","OK","197"
"2026-01-07","ALL","외국인수급","A013890","지누스","-1.81663144626108","OK","198"
"2026-01-07","ALL","외국인수급","A014620","성광벤드",".725651577503429","OK","199"
"2026-01-07","ALL","외국인수급","A014680","한솔케미칼","-.253039137228002","OK","200"
"2026-01-07","ALL","외국인수급","A014820","동원시스템즈","-9.81922554005741E-02","OK","201"
"2026-01-07","ALL","외국인수급","A014830","유니드","-.477857787760675","OK","202"
"2026-01-07","ALL","외국인수급","A014940","오리엔탈정공",".669955855621916","OK","203"
"2026-01-07","ALL","외국인수급","A015360","INVENI","-.870617322917489","OK","204"
"2026-01-07","ALL","외국인수급","A015750","성우하이텍","-1.16132332878581","OK","205"
"2026-01-07","ALL","외국인수급","A015760","한국전력",".504975750898524","OK","206"
"2026-01-07","ALL","외국인수급","A015860","일진홀딩스",".208768267223382","OK","207"
"2026-01-07","ALL","외국인수급","A016360","삼성증권",".994559696854371","OK","208"
"2026-01-07","ALL","외국인수급","A016380","KG스틸",".133561952892338","OK","209"
"2026-01-07","ALL","외국인수급","A016590","신대양제지","-.114741745444581","OK","210"
"2026-01-07","ALL","외국인수급","A016610","DB증권",".831115570873871","OK","211"
"2026-01-07","ALL","외국인수급","A016800","퍼시스","2.05703599812997E-02","OK","212"
"2026-01-07","ALL","외국인수급","A017390","서울가스","-.704819277108434","OK","213"
"2026-01-07","ALL","외국인수급","A017670","SK텔레콤",".160810230235062","OK","214"
"2026-01-07","ALL","외국인수급","A017800","현대엘리베이터","-2.905703127827","OK","215"
"2026-01-07","ALL","외국인수급","A017810","풀무원","1.78723911273507E-02","OK","216"
"2026-01-07","ALL","외국인수급","A017860","DS단석","-.580298853909764","OK","217"
"2026-01-07","ALL","외국인수급","A017940","E1","8.18372461766662E-02","OK","218"
"2026-01-07","ALL","외국인수급","A017960","한국카본","-1.40499035052901","OK","219"
"2026-01-07","ALL","외국인수급","A018000","유니슨","-.746792857406928","OK","220"
"2026-01-07","ALL","외국인수급","A018250","애경산업","-.231826461334658","OK","221"
"2026-01-07","ALL","외국인수급","A018260","삼성에스디에스",".409296478537635","OK","222"
"2026-01-07","ALL","외국인수급","A018290","브이티","-.179966640330085","OK","223"
"2026-01-07","ALL","외국인수급","A018310","삼목에스폼","-.11119832548404","OK","224"
"2026-01-07","ALL","외국인수급","A018670","SK가스","-6.71204858071919E-02","OK","225"
"2026-01-07","ALL","외국인수급","A018880","한온시스템",".330074110979635","OK","226"
"2026-01-07","ALL","외국인수급","A019170","신풍제약","8.94465812238848E-02","OK","227"
"2026-01-07","ALL","외국인수급","A020000","한섬","-1.03516772514898","OK","228"
"2026-01-07","ALL","외국인수급","A020150","롯데에너지머티리얼즈",".8161828706236","OK","229"
"2026-01-07","ALL","외국인수급","A020560","아시아나항공",".013666559710982","OK","230"
"2026-01-07","ALL","외국인수급","A021240","코웨이","-.476837620494842","OK","231"
"2026-01-07","ALL","외국인수급","A022100","포스코DX","-9.71667181567224E-02","OK","232"
"2026-01-07","ALL","외국인수급","A023160","태광","1.00311694065155","OK","233"
"2026-01-07","ALL","외국인수급","A023410","유진기업","3.64365093824012E-03","OK","234"
"2026-01-07","ALL","외국인수급","A023530","롯데쇼핑","-.572169049513347","OK","235"
"2026-01-07","ALL","외국인수급","A023590","다우기술",".292402895385405","OK","236"
"2026-01-07","ALL","외국인수급","A023760","한국캐피탈","","BLANK","237"
"2026-01-07","ALL","외국인수급","A024110","기업은행","9.11484164303063E-03","OK","238"
"2026-01-07","ALL","외국인수급","A024720","콜마홀딩스","-2.57025359835504E-02","OK","239"
"2026-01-07","ALL","외국인수급","A024850","HLB이노베이션","-1.24657092141359","OK","240"
"2026-01-07","ALL","외국인수급","A025320","시노펙스","-.317252657399836","OK","241"
"2026-01-07","ALL","외국인수급","A025540","한국단자","1.90463485852343","OK","242"
"2026-01-07","ALL","외국인수급","A025770","한국정보통신","9.59692898272553E-02","OK","243"
"2026-01-07","ALL","외국인수급","A025860","남해화학","-.13358836566779","OK","244"
"2026-01-07","ALL","외국인수급","A025900","동화기업","-.146286185227156","OK","245"
"2026-01-07","ALL","외국인수급","A025980","아난티",".928265407008678","OK","246"
"2026-01-07","ALL","외국인수급","A026890","스틱인베스트먼트","-.425434583714547","OK","247"
"2026-01-07","ALL","외국인수급","A026960","동서","-.312531798293431","OK","248"
"2026-01-07","ALL","외국인수급","A027360","아주IB투자","-.645314541351597","OK","249"
"2026-01-07","ALL","외국인수급","A027410","BGF","4.91947594635182E-02","OK","250"
"2026-01-07","ALL","외국인수급","A028050","삼성E&A",".363336085879438","OK","251"
"2026-01-07","ALL","외국인수급","A028260","삼성물산",".469881574797682","OK","252"
"2026-01-07","ALL","외국인수급","A028300","HLB",".607136401766721","OK","253"
"2026-01-07","ALL","외국인수급","A028670","팬오션","-.211542159827969","OK","254"
"2026-01-07","ALL","외국인수급","A029460","케이씨",".519983070318641","OK","255"
"2026-01-07","ALL","외국인수급","A029530","신도리코",".072337962962963","OK","256"
"2026-01-07","ALL","외국인수급","A029780","삼성카드","-.15415117325286","OK","257"
"2026-01-07","ALL","외국인수급","A030000","제일기획","1.49564991955592","OK","258"
"2026-01-07","ALL","외국인수급","A030190","NICE평가정보","-4.09385921118322E-02","OK","259"
"2026-01-07","ALL","외국인수급","A030200","KT","-1.59164870146125E-02","OK","260"
"2026-01-07","ALL","외국인수급","A030520","한컴",".105914394270536","OK","261"
"2026-01-07","ALL","외국인수급","A030530","원익홀딩스","1.89021327122437","OK","262"
"2026-01-07","ALL","외국인수급","A030610","교보증권","-9.54771127721098E-02","OK","263"
"2026-01-07","ALL","외국인수급","A031210","서울보증보험","-5.21328643285173E-02","OK","264"
"2026-01-07","ALL","외국인수급","A031330","에스에이엠티","-.485109473902667","OK","265"
"2026-01-07","ALL","외국인수급","A031430","신세계인터내셔날","-.620531154239019","OK","266"
"2026-01-07","ALL","외국인수급","A031980","피에스케이홀딩스","-.709292868981563","OK","267"
"2026-01-07","ALL","외국인수급","A032190","다우데이타",".139053893509018","OK","268"
"2026-01-07","ALL","외국인수급","A032350","롯데관광개발","1.59760212464005","OK","269"
"2026-01-07","ALL","외국인수급","A032500","케이엠더블유",".122725144121304","OK","270"
"2026-01-07","ALL","외국인수급","A032640","LG유플러스",".356123514948216","OK","271"
"2026-01-07","ALL","외국인수급","A032820","우리기술","-2.4477977283243","OK","272"
"2026-01-07","ALL","외국인수급","A032830","삼성생명",".336504424778761","OK","273"
"2026-01-07","ALL","외국인수급","A032940","원익","","BLANK","274"
"2026-01-07","ALL","외국인수급","A033100","제룡전기","-.509936781809926","OK","275"
"2026-01-07","ALL","외국인수급","A033240","자화전자","1.90698116796652","OK","276"
"2026-01-07","ALL","외국인수급","A033270","유나이티드제약",".149551345962114","OK","277"
"2026-01-07","ALL","외국인수급","A033500","동성화인텍",".126710593005575","OK","278"
"2026-01-07","ALL","외국인수급","A033530","SJG세종","-.932256059664388","OK","279"
"2026-01-07","ALL","외국인수급","A033640","네패스",".228907782864617","OK","280"
"2026-01-07","ALL","외국인수급","A033780","KT&G",".885264714006447","OK","281"
"2026-01-07","ALL","외국인수급","A033790","피노","-1.65319982154365","OK","282"
"2026-01-07","ALL","외국인수급","A033920","무학","","BLANK","283"
"2026-01-07","ALL","외국인수급","A034020","두산에너빌리티",".188442503774675","OK","284"
"2026-01-07","ALL","외국인수급","A034120","SBS","5.54001274202931E-03","OK","285"
"2026-01-07","ALL","외국인수급","A034220","LG디스플레이","1.65787490580256E-03","OK","286"
"2026-01-07","ALL","외국인수급","A034230","파라다이스","-.740671873063097","OK","287"
"2026-01-07","ALL","외국인수급","A034310","NICE",".574475201164689","OK","288"
"2026-01-07","ALL","외국인수급","A034730","SK","1.07279197062178","OK","289"
"2026-01-07","ALL","외국인수급","A034810","해성산업","-9.24697463112612E-02","OK","290"
"2026-01-07","ALL","외국인수급","A034830","한국토지신탁","-.543608124253286","OK","291"
"2026-01-07","ALL","외국인수급","A034950","한국기업평가",".458276790282752","OK","292"
"2026-01-07","ALL","외국인수급","A035150","백산","-.315640532598048","OK","293"
"2026-01-07","ALL","외국인수급","A035250","강원랜드","-8.08595105130406E-02","OK","294"
"2026-01-07","ALL","외국인수급","A035420","NAVER",".694089367679297","OK","295"
"2026-01-07","ALL","외국인수급","A035600","KG이니시스","-1.26629549158066","OK","296"
"2026-01-07","ALL","외국인수급","A035720","카카오",".558466814890341","OK","297"
"2026-01-07","ALL","외국인수급","A035760","CJ ENM","-.82053008732314","OK","298"
"2026-01-07","ALL","외국인수급","A035810","이지홀딩스","9.52318402732169E-02","OK","299"
"2026-01-07","ALL","외국인수급","A035890","서희건설","0","OK","300"
"2026-01-07","ALL","외국인수급","A035900","JYP Ent.","-1.49439191580056","OK","301"
"2026-01-07","ALL","외국인수급","A036030","케이티알파","-.119801471846654","OK","302"
"2026-01-07","ALL","외국인수급","A036200","유니셈","1.55258587075963","OK","303"
"2026-01-07","ALL","외국인수급","A036460","한국가스공사","-1.37197341897309","OK","304"
"2026-01-07","ALL","외국인수급","A036530","SNT홀딩스","-.573746802110874","OK","305"
"2026-01-07","ALL","외국인수급","A036540","SFA반도체","-1.72671284509366","OK","306"
"2026-01-07","ALL","외국인수급","A036570","NC","1.56809339373332","OK","307"
"2026-01-07","ALL","외국인수급","A036620","감성코퍼레이션","1.13640128549183","OK","308"
"2026-01-07","ALL","외국인수급","A036800","나이스정보통신","","BLANK","309"
"2026-01-07","ALL","외국인수급","A036810","에프에스티","1.90684895662982","OK","310"
"2026-01-07","ALL","외국인수급","A036830","솔브레인홀딩스","-8.19681462676032E-02","OK","311"
"2026-01-07","ALL","외국인수급","A036890","진성티이씨","1.22735855654242","OK","312"
"2026-01-07","ALL","외국인수급","A036930","주성엔지니어링","-.361637494575438","OK","313"
"2026-01-07","ALL","외국인수급","A037270","YG PLUS","-3.42037788454358","OK","314"
"2026-01-07","ALL","외국인수급","A037460","삼지전자","7.53813409010287E-02","OK","315"
"2026-01-07","ALL","외국인수급","A037710","광주신세계","-.400224125510286","OK","316"
"2026-01-07","ALL","외국인수급","A038500","삼표시멘트","-1.83834519041071","OK","317"
"2026-01-07","ALL","외국인수급","A039030","이오테크닉스",".749344217005072","OK","318"
"2026-01-07","ALL","외국인수급","A039130","하나투어","-.432126165174025","OK","319"
"2026-01-07","ALL","외국인수급","A039200","오스코텍","-.695487599281544","OK","320"
"2026-01-07","ALL","외국인수급","A039440","에스티아이","-1.18077695123391","OK","321"
"2026-01-07","ALL","외국인수급","A039490","키움증권",".741784627301966","OK","322"
"2026-01-07","ALL","외국인수급","A041190","우리기술투자",".303056667246679","OK","323"
"2026-01-07","ALL","외국인수급","A041510","에스엠","-2.70478326172177","OK","324"
"2026-01-07","ALL","외국인수급","A041830","인바디",".287784062717079","OK","325"
"2026-01-07","ALL","외국인수급","A041960","코미팜",".329346156954659","OK","326"
"2026-01-07","ALL","외국인수급","A042000","카페24","-.24535618536959","OK","327"
"2026-01-07","ALL","외국인수급","A042520","한스바이오메드",".448301174496644","OK","328"
"2026-01-07","ALL","외국인수급","A042660","한화오션","-.614151841508038","OK","329"
"2026-01-07","ALL","외국인수급","A042700","한미반도체","1.93433923436883","OK","330"
"2026-01-07","ALL","외국인수급","A043150","바텍","-.836047409596078","OK","331"
"2026-01-07","ALL","외국인수급","A043260","성호전자","-2.39270793771363","OK","332"
"2026-01-07","ALL","외국인수급","A044490","태웅","-.519448064118813","OK","333"
"2026-01-07","ALL","외국인수급","A045100","한양이엔지","-5.76519916142558E-02","OK","334"
"2026-01-07","ALL","외국인수급","A045390","대아티아이","-4.26227179086453E-02","OK","335"
"2026-01-07","ALL","외국인수급","A046890","서울반도체",".329032592362299","OK","336"
"2026-01-07","ALL","외국인수급","A047040","대우건설",".234337307877869","OK","337"
"2026-01-07","ALL","외국인수급","A047050","포스코인터내셔널","-.222299071458746","OK","338"
"2026-01-07","ALL","외국인수급","A047810","한국항공우주",".142389870033018","OK","339"
"2026-01-07","ALL","외국인수급","A047920","HLB제약",".854519091348477","OK","340"
"2026-01-07","ALL","외국인수급","A048410","현대바이오","-.291763161253852","OK","341"
"2026-01-07","ALL","외국인수급","A049070","인탑스","-.402989449003517","OK","342"
"2026-01-07","ALL","외국인수급","A049630","재영솔루텍","1.59870981313326","OK","343"
"2026-01-07","ALL","외국인수급","A050890","쏠리드","-.254166068829811","OK","344"
"2026-01-07","ALL","외국인수급","A051500","CJ프레시웨이","-.246466789380089","OK","345"
"2026-01-07","ALL","외국인수급","A051600","한전KPS","-.868169815153362","OK","346"
"2026-01-07","ALL","외국인수급","A051900","LG생활건강","-.734306653365053","OK","347"
"2026-01-07","ALL","외국인수급","A051910","LG화학",".247224571849966","OK","348"
"2026-01-07","ALL","외국인수급","A051980","중앙첨단소재","-.457924285669479","OK","349"
"2026-01-07","ALL","외국인수급","A052020","에스티큐브",".357200192647295","OK","350"
"2026-01-07","ALL","외국인수급","A052400","코나아이","-.779302170329296","OK","351"
"2026-01-07","ALL","외국인수급","A052690","한전기술","-.450360968367566","OK","352"
"2026-01-07","ALL","외국인수급","A053030","바이넥스","-.535374448417927","OK","353"
"2026-01-07","ALL","외국인수급","A053300","한국정보인증",".474357478906645","OK","354"
"2026-01-07","ALL","외국인수급","A053610","프로텍","1.33333333333333","OK","355"
"2026-01-07","ALL","외국인수급","A053800","안랩","-3.26712238535065","OK","356"
"2026-01-07","ALL","외국인수급","A054950","제이브이엠",".190756144849584","OK","357"
"2026-01-07","ALL","외국인수급","A055550","신한지주",".48686727094676","OK","358"
"2026-01-07","ALL","외국인수급","A056080","유진로봇","-1.12357150485955","OK","359"
"2026-01-07","ALL","외국인수급","A056190","SFA",".308666583140654","OK","360"
"2026-01-07","ALL","외국인수급","A057050","현대홈쇼핑","-.153030303030303","OK","361"
"2026-01-07","ALL","외국인수급","A058470","리노공업","-.281687315042383","OK","362"
"2026-01-07","ALL","외국인수급","A058610","에스피지",".739331487261427","OK","363"
"2026-01-07","ALL","외국인수급","A058650","세아홀딩스","-1.88916876574307E-02","OK","364"
"2026-01-07","ALL","외국인수급","A058820","CMG제약","-.108765847523878","OK","365"
"2026-01-07","ALL","외국인수급","A058970","엠로",".152423109849038","OK","366"
"2026-01-07","ALL","외국인수급","A059090","미코",".274778352617908","OK","367"
"2026-01-07","ALL","외국인수급","A060250","NHN KCP",".665798004195004","OK","368"
"2026-01-07","ALL","외국인수급","A060280","큐렉소","-.527942312644862","OK","369"
"2026-01-07","ALL","외국인수급","A060370","LS마린솔루션","-.454562915348861","OK","370"
"2026-01-07","ALL","외국인수급","A060720","KH바텍","-.687124509839191","OK","371"
"2026-01-07","ALL","외국인수급","A060980","HL홀딩스","-.505826216952346","OK","372"
"2026-01-07","ALL","외국인수급","A061090","세나테크놀로지",".264081448278258","OK","373"
"2026-01-07","ALL","외국인수급","A061970","LB세미콘","","BLANK","374"
"2026-01-07","ALL","외국인수급","A062040","산일전기","-1.4629751199503","OK","375"
"2026-01-07","ALL","외국인수급","A064260","다날",".832533448255598","OK","376"
"2026-01-07","ALL","외국인수급","A064350","현대로템",".490638797013678","OK","377"
"2026-01-07","ALL","외국인수급","A064400","LG씨엔에스","-1.86015721715197","OK","378"
"2026-01-07","ALL","외국인수급","A064550","바이오니아","-.499243168600791","OK","379"
"2026-01-07","ALL","외국인수급","A064760","티씨케이","-.485948853009212","OK","380"
"2026-01-07","ALL","외국인수급","A064820","케이프",".787328353119866","OK","381"
"2026-01-07","ALL","외국인수급","A064960","SNT모티브","-.165417526088999","OK","382"
"2026-01-07","ALL","외국인수급","A065350","신성델타테크","-.986188751806285","OK","383"
"2026-01-07","ALL","외국인수급","A065660","안트로젠","1.06133663766398","OK","384"
"2026-01-07","ALL","외국인수급","A065680","우주일렉트로",".289578171179509","OK","385"
"2026-01-07","ALL","외국인수급","A065710","서호전기","-.799320930890571","OK","386"
"2026-01-07","ALL","외국인수급","A066570","LG전자","-.453577852395693","OK","387"
"2026-01-07","ALL","외국인수급","A066970","엘앤에프",".660190762641907","OK","388"
"2026-01-07","ALL","외국인수급","A067080","대화제약","-.627661959201973","OK","389"
"2026-01-07","ALL","외국인수급","A067160","SOOP",".282346127393607","OK","390"
"2026-01-07","ALL","외국인수급","A067310","하나마이크론","-1.6369233700733","OK","391"
"2026-01-07","ALL","외국인수급","A067630","HLB생명과학",".433680417338836","OK","392"
"2026-01-07","ALL","외국인수급","A068270","셀트리온",".680923535171128","OK","393"
"2026-01-07","ALL","외국인수급","A068760","셀트리온제약",".436808601769389","OK","394"
"2026-01-07","ALL","외국인수급","A069080","웹젠","-.237543797137597","OK","395"
"2026-01-07","ALL","외국인수급","A069260","TKG휴켐스","-.300052410901468","OK","396"
"2026-01-07","ALL","외국인수급","A069620","대웅제약","2.0682547600448","OK","397"
"2026-01-07","ALL","외국인수급","A069960","현대백화점","-.136515248894039","OK","398"
"2026-01-07","ALL","외국인수급","A071050","한국금융지주",".810367805879379","OK","399"
"2026-01-07","ALL","외국인수급","A071320","지역난방공사","-3.76181444850233E-02","OK","400"
"2026-01-07","ALL","외국인수급","A071970","HD현대마린엔진",".786127823816551","OK","401"
"2026-01-07","ALL","외국인수급","A072710","농심홀딩스","-.43169762795931","OK","402"
"2026-01-07","ALL","외국인수급","A073240","금호타이어",".149511854951185","OK","403"
"2026-01-07","ALL","외국인수급","A074600","원익QnC","-.401634848458041","OK","404"
"2026-01-07","ALL","외국인수급","A075580","세진중공업",".217056090829626","OK","405"
"2026-01-07","ALL","외국인수급","A077360","덕산하이메탈","-.723256989539993","OK","406"
"2026-01-07","ALL","외국인수급","A077970","STX엔진","-1.31751931153576","OK","407"
"2026-01-07","ALL","외국인수급","A078020","LS증권",".262778045079389","OK","408"
"2026-01-07","ALL","외국인수급","A078130","국일제지","-8.29208231776264E-02","OK","409"
"2026-01-07","ALL","외국인수급","A078160","메디포스트","-.727442605445809","OK","410"
"2026-01-07","ALL","외국인수급","A078340","컴투스","-1.37770024116168","OK","411"
"2026-01-07","ALL","외국인수급","A078350","한양디지텍","-.374654923097147","OK","412"
"2026-01-07","ALL","외국인수급","A078520","에이블씨엔씨",".488","OK","413"
"2026-01-07","ALL","외국인수급","A078600","대주전자재료","-2.18047139218056","OK","414"
"2026-01-07","ALL","외국인수급","A078930","GS",".851968022173652","OK","415"
"2026-01-07","ALL","외국인수급","A079160","CJ CGV","4.3842823477832E-03","OK","416"
"2026-01-07","ALL","외국인수급","A079370","제우스","8.75503414463316E-02","OK","417"
"2026-01-07","ALL","외국인수급","A079550","LIG디펜스앤에어로스페이스","-.230872483221477","OK","418"
"2026-01-07","ALL","외국인수급","A079900","전진건설로봇",".364588758761291","OK","419"
"2026-01-07","ALL","외국인수급","A079940","가비아",".587784308714541","OK","420"
"2026-01-07","ALL","외국인수급","A080220","제주반도체","10.581868197584","OK","421"
"2026-01-07","ALL","외국인수급","A081660","미스토홀딩스","3.88455404199054E-02","OK","422"
"2026-01-07","ALL","외국인수급","A082270","젬백스","1.38714750581602","OK","423"
"2026-01-07","ALL","외국인수급","A082640","동양생명","-5.06291136154813E-02","OK","424"
"2026-01-07","ALL","외국인수급","A082740","한화엔진","-2.35335333387088","OK","425"
"2026-01-07","ALL","외국인수급","A082920","비츠로셀",".790435727694892","OK","426"
"2026-01-07","ALL","외국인수급","A083450","GST","-1.79673397422442","OK","427"
"2026-01-07","ALL","외국인수급","A083650","비에이치아이","5.15594161407162","OK","428"
"2026-01-07","ALL","외국인수급","A084010","대한제강","","BLANK","429"
"2026-01-07","ALL","외국인수급","A084110","휴온스글로벌","-.197818501524851","OK","430"
"2026-01-07","ALL","외국인수급","A084370","유진테크","1.91437995171546","OK","431"
"2026-01-07","ALL","외국인수급","A084690","대상홀딩스","-1.214586496319","OK","432"
"2026-01-07","ALL","외국인수급","A084990","헬릭스미스",".575981568589805","OK","433"
"2026-01-07","ALL","외국인수급","A085620","미래에셋생명","-7.22216101746784E-02","OK","434"
"2026-01-07","ALL","외국인수급","A085660","차바이오텍","-.23244412888393","OK","435"
"2026-01-07","ALL","외국인수급","A086280","현대글로비스",".375460122699387","OK","436"
"2026-01-07","ALL","외국인수급","A086390","유니테스트","-3.52869470375004E-02","OK","437"
"2026-01-07","ALL","외국인수급","A086450","동국제약",".399731154267926","OK","438"
"2026-01-07","ALL","외국인수급","A086520","에코프로",".21897571657352","OK","439"
"2026-01-07","ALL","외국인수급","A086790","하나금융지주",".165945694205525","OK","440"
"2026-01-07","ALL","외국인수급","A086900","메디톡스",".943253848475702","OK","441"
"2026-01-07","ALL","외국인수급","A087010","펩트론","-1.09338132614244","OK","442"
"2026-01-07","ALL","외국인수급","A088350","한화생명","-.167573579356726","OK","443"
"2026-01-07","ALL","외국인수급","A089010","켐트로닉스","-1.84394371740628","OK","444"
"2026-01-07","ALL","외국인수급","A089030","테크윙","-1.88485519425022","OK","445"
"2026-01-07","ALL","외국인수급","A089590","제주항공","-9.41533091443531E-02","OK","446"
"2026-01-07","ALL","외국인수급","A089860","롯데렌탈","-.126516911954557","OK","447"
"2026-01-07","ALL","외국인수급","A089890","코세스",".232635427052177","OK","448"
"2026-01-07","ALL","외국인수급","A089970","브이엠",".603680603680604","OK","449"
"2026-01-07","ALL","외국인수급","A089980","상아프론테크","","BLANK","450"
"2026-01-07","ALL","외국인수급","A090360","로보스타","4.13564929693962E-03","OK","451"
"2026-01-07","ALL","외국인수급","A090430","아모레퍼시픽","-.157895098787591","OK","452"
"2026-01-07","ALL","외국인수급","A090460","비에이치","-.514485996334287","OK","453"
"2026-01-07","ALL","외국인수급","A090710","휴림로봇","9.10707714951551","OK","454"
"2026-01-07","ALL","외국인수급","A091700","파트론","1.56658584129701","OK","455"
"2026-01-07","ALL","외국인수급","A091810","트리니티항공","1.40594245008904E-02","OK","456"
"2026-01-07","ALL","외국인수급","A092200","디아이씨","-3.28506641497272","OK","457"
"2026-01-07","ALL","외국인수급","A092230","KPX홀딩스","-.049248953459739","OK","458"
"2026-01-07","ALL","외국인수급","A092460","한라IMS","-.417231667883592","OK","459"
"2026-01-07","ALL","외국인수급","A092730","네오팜","1.70655033040354","OK","460"
"2026-01-07","ALL","외국인수급","A092790","넥스틸","","BLANK","461"
"2026-01-07","ALL","외국인수급","A093050","LF",".149588631264024","OK","462"
"2026-01-07","ALL","외국인수급","A093320","케이아이엔엑스","2.04176420317319","OK","463"
"2026-01-07","ALL","외국인수급","A093370","후성","1.05406988092914","OK","464"
"2026-01-07","ALL","외국인수급","A093520","매커스",".362490149724192","OK","465"
"2026-01-07","ALL","외국인수급","A094170","동운아나텍","-2.44934151234119","OK","466"
"2026-01-07","ALL","외국인수급","A094360","칩스앤미디어","-.443754698222556","OK","467"
"2026-01-07","ALL","외국인수급","A094480","갤럭시아머니트리",".941350679570575","OK","468"
"2026-01-07","ALL","외국인수급","A095340","ISC","6.59175900873731E-02","OK","469"
"2026-01-07","ALL","외국인수급","A095500","미래나노텍",".799665499398944","OK","470"
"2026-01-07","ALL","외국인수급","A095610","테스","-1.44270833333333","OK","471"
"2026-01-07","ALL","외국인수급","A095660","네오위즈",".598296614345041","OK","472"
"2026-01-07","ALL","외국인수급","A096530","씨젠","-.178809575252755","OK","473"
"2026-01-07","ALL","외국인수급","A096760","JW홀딩스",".102786241327411","OK","474"
"2026-01-07","ALL","외국인수급","A096770","SK이노베이션","-.174465570148838","OK","475"
"2026-01-07","ALL","외국인수급","A097230","HJ중공업",".922561925904396","OK","476"
"2026-01-07","ALL","외국인수급","A097520","엠씨넥스","-.264108119261323","OK","477"
"2026-01-07","ALL","외국인수급","A097950","CJ제일제당","-1.36970067424701","OK","478"
"2026-01-07","ALL","외국인수급","A098070","한텍",".412654745529574","OK","479"
"2026-01-07","ALL","외국인수급","A098460","고영","-4.6647750304013","OK","480"
"2026-01-07","ALL","외국인수급","A099190","아이센스",".957684224210777","OK","481"
"2026-01-07","ALL","외국인수급","A099320","쎄트렉아이","2.82208819495331","OK","482"
"2026-01-07","ALL","외국인수급","A099430","바이오플러스","-.104478045099689","OK","483"
"2026-01-07","ALL","외국인수급","A099440","스맥","-3.1829990841635","OK","484"
"2026-01-07","ALL","외국인수급","A100090","SK오션플랜트","-1.90538823173929","OK","485"
"2026-01-07","ALL","외국인수급","A100790","미래에셋벤처투자","-3.08982736759973","OK","486"
"2026-01-07","ALL","외국인수급","A100840","SNT에너지","-9.36236768771547E-02","OK","487"
"2026-01-07","ALL","외국인수급","A101160","월덱스",".543741588156124","OK","488"
"2026-01-07","ALL","외국인수급","A101360","에코앤드림","-.752229546335789","OK","489"
"2026-01-07","ALL","외국인수급","A101490","에스앤에스텍","-.212267322358184","OK","490"
"2026-01-07","ALL","외국인수급","A101730","위메이드맥스","1.74200853584183E-03","OK","491"
"2026-01-07","ALL","외국인수급","A101930","인화정공","-8.87784090909091E-03","OK","492"
"2026-01-07","ALL","외국인수급","A102710","이엔에프테크놀로지","-1.1388577655672","OK","493"
"2026-01-07","ALL","외국인수급","A102940","코오롱생명과학","-.658993455201986","OK","494"
"2026-01-07","ALL","외국인수급","A103140","풍산","-.87836030144992","OK","495"
"2026-01-07","ALL","외국인수급","A103590","일진전기","-.676020894498036","OK","496"
"2026-01-07","ALL","외국인수급","A104700","한국철강","-.35116598079561","OK","497"
"2026-01-07","ALL","외국인수급","A104830","원익머트리얼즈",".981867333146311","OK","498"
"2026-01-07","ALL","외국인수급","A105560","KB금융","-1.01891205064073E-02","OK","499"
"2026-01-07","ALL","외국인수급","A105630","한세실업","-.553665910808768","OK","500"
"2026-01-07","ALL","외국인수급","A105840","우진","3.84585094374294","OK","501"
"2026-01-07","ALL","외국인수급","A107640","한중엔시에스","1.89631213254944","OK","502"
"2026-01-07","ALL","외국인수급","A108320","LX세미콘","-.288459328383938","OK","503"
"2026-01-07","ALL","외국인수급","A108380","대양전기공업",".328347318496899","OK","504"
"2026-01-07","ALL","외국인수급","A108490","로보티즈","-2.88480427227508","OK","505"
"2026-01-07","ALL","외국인수급","A108670","LX하우시스","-.378855570249115","OK","506"
"2026-01-07","ALL","외국인수급","A108860","셀바스AI","-1.14791447599019","OK","507"
"2026-01-07","ALL","외국인수급","A110990","디아이티","-.130733195337183","OK","508"
"2026-01-07","ALL","외국인수급","A111770","영원무역","1.96998147219957E-02","OK","509"
"2026-01-07","ALL","외국인수급","A112040","위메이드","-9.07977532835001E-02","OK","510"
"2026-01-07","ALL","외국인수급","A112610","씨에스윈드",".543159368018733","OK","511"
"2026-01-07","ALL","외국인수급","A114090","GKL","-.485569068796515","OK","512"
"2026-01-07","ALL","외국인수급","A114190","강원에너지","-.529567519858782","OK","513"
"2026-01-07","ALL","외국인수급","A114810","한솔아이원스",".1612454823464","OK","514"
"2026-01-07","ALL","외국인수급","A114840","아이패밀리에스씨","9.15855752718947E-02","OK","515"
"2026-01-07","ALL","외국인수급","A115180","큐리언트",".654255795220621","OK","516"
"2026-01-07","ALL","외국인수급","A115450","HLB테라퓨틱스","1.23079087104828","OK","517"
"2026-01-07","ALL","외국인수급","A117730","티로보틱스",".7691251201758","OK","518"
"2026-01-07","ALL","외국인수급","A119850","지엔씨에너지",".554246917001524","OK","519"
"2026-01-07","ALL","외국인수급","A120110","코오롱인더",".829549777033206","OK","520"
"2026-01-07","ALL","외국인수급","A121600","나노신소재","-.968335153152118","OK","521"
"2026-01-07","ALL","외국인수급","A121800","비덴트","0","OK","522"
"2026-01-07","ALL","외국인수급","A122640","예스티","6.90250215703193E-02","OK","523"
"2026-01-07","ALL","외국인수급","A122870","와이지엔터테인먼트","-6.20913061832844","OK","524"
"2026-01-07","ALL","외국인수급","A122900","아이마켓코리아","-.255226513530759","OK","525"
"2026-01-07","ALL","외국인수급","A123890","한국자산신탁","2.24762394040586E-02","OK","526"
"2026-01-07","ALL","외국인수급","A124500","아이티센글로벌","7.02946419209395","OK","527"
"2026-01-07","ALL","외국인수급","A125490","한라캐스트","-4.89202353802404","OK","528"
"2026-01-07","ALL","외국인수급","A126340","비나텍","1.61112998980551","OK","529"
"2026-01-07","ALL","외국인수급","A126560","현대퓨처넷","-8.57412329589299E-02","OK","530"
"2026-01-07","ALL","외국인수급","A126720","수산인더스트리",".349210344176682","OK","531"
"2026-01-07","ALL","외국인수급","A127120","제이에스링크","-.155231796646346","OK","532"
"2026-01-07","ALL","외국인수급","A128820","대성산업","1.0415003990423","OK","533"
"2026-01-07","ALL","외국인수급","A128940","한미약품","-.508293204922418","OK","534"
"2026-01-07","ALL","외국인수급","A130660","한전산업","-.629363232494182","OK","535"
"2026-01-07","ALL","외국인수급","A131290","티에스이","-1.50975968017929","OK","536"
"2026-01-07","ALL","외국인수급","A131970","두산테스나","2.25414622751694","OK","537"
"2026-01-07","ALL","외국인수급","A136480","하림",".237730301229316","OK","538"
"2026-01-07","ALL","외국인수급","A137310","에스디바이오센서","-.167234276058497","OK","539"
"2026-01-07","ALL","외국인수급","A137400","피엔티","-.631254186372217","OK","540"
"2026-01-07","ALL","외국인수급","A138040","메리츠금융지주","-.286021012235715","OK","541"
"2026-01-07","ALL","외국인수급","A138610","나이벡","-1.81507299750099","OK","542"
"2026-01-07","ALL","외국인수급","A138930","BNK금융지주",".595592373502415","OK","543"
"2026-01-07","ALL","외국인수급","A139130","iM금융지주",".649975114515408","OK","544"
"2026-01-07","ALL","외국인수급","A139480","이마트","-.070449201722483","OK","545"
"2026-01-07","ALL","외국인수급","A140410","메지온","-.441577406150237","OK","546"
"2026-01-07","ALL","외국인수급","A140860","파크시스템스","6.60648833383094E-02","OK","547"
"2026-01-07","ALL","외국인수급","A141080","리가켐바이오",".479589823330712","OK","548"
"2026-01-07","ALL","외국인수급","A144510","지씨셀","-.499527146633042","OK","549"
"2026-01-07","ALL","외국인수급","A144960","뉴파워프라즈마","","BLANK","550"
"2026-01-07","ALL","외국인수급","A145020","휴젤","-1.17719950433705","OK","551"
"2026-01-07","ALL","외국인수급","A145720","덴티움","2.1877380382987","OK","552"
"2026-01-07","ALL","외국인수급","A145990","삼양사","-.522095841879545","OK","553"
"2026-01-07","ALL","외국인수급","A151860","KG에코솔루션",".25859931276347","OK","554"
"2026-01-07","ALL","외국인수급","A156100","엘앤케이바이오",".324254215304799","OK","555"
"2026-01-07","ALL","외국인수급","A160190","하이젠알앤엠",".385572746351701","OK","556"
"2026-01-07","ALL","외국인수급","A161000","애경케미칼",".096442956827594","OK","557"
"2026-01-07","ALL","외국인수급","A161390","한국타이어앤테크놀로지",".93028337843136","OK","558"
"2026-01-07","ALL","외국인수급","A161580","필옵틱스","-1.1908580178577","OK","559"
"2026-01-07","ALL","외국인수급","A161890","한국콜마","-.893197855290305","OK","560"
"2026-01-07","ALL","외국인수급","A166090","하나머티리얼즈","-.339703715368781","OK","561"
"2026-01-07","ALL","외국인수급","A168360","펨트론",".309717382888115","OK","562"
"2026-01-07","ALL","외국인수급","A170900","동아에스티",".488782816229117","OK","563"
"2026-01-07","ALL","외국인수급","A171090","선익시스템",".093214019388516","OK","564"
"2026-01-07","ALL","외국인수급","A174900","앱클론","1.3002147383858","OK","565"
"2026-01-07","ALL","외국인수급","A175330","JB금융지주","-.61287006147584","OK","566"
"2026-01-07","ALL","외국인수급","A176750","듀켐바이오","-.155935039744419","OK","567"
"2026-01-07","ALL","외국인수급","A178320","서진시스템","-.669597753607536","OK","568"
"2026-01-07","ALL","외국인수급","A178920","PI첨단소재","-.736103747808001","OK","569"
"2026-01-07","ALL","외국인수급","A179900","유티아이","-1.74777643997359","OK","570"
"2026-01-07","ALL","외국인수급","A180640","한진칼","-.180708504343769","OK","571"
"2026-01-07","ALL","외국인수급","A181710","NHN","1.10955480486666","OK","572"
"2026-01-07","ALL","외국인수급","A182400","엔케이젠바이오텍코리아","0","OK","573"
"2026-01-07","ALL","외국인수급","A183190","아세아시멘트","-.790252086000618","OK","574"
"2026-01-07","ALL","외국인수급","A183300","코미코","-4.34436646958059","OK","575"
"2026-01-07","ALL","외국인수급","A185750","종근당","-.288964391592552","OK","576"
"2026-01-07","ALL","외국인수급","A189300","인텔리안테크","1.88564476885645","OK","577"
"2026-01-07","ALL","외국인수급","A190510","나무가","-.957711986705733","OK","578"
"2026-01-07","ALL","외국인수급","A192080","더블유게임즈","5.30195488207426E-02","OK","579"
"2026-01-07","ALL","외국인수급","A192400","쿠쿠홀딩스",".10276340128174","OK","580"
"2026-01-07","ALL","외국인수급","A192650","드림텍",".175708324181858","OK","581"
"2026-01-07","ALL","외국인수급","A192820","코스맥스",".179205734583507","OK","582"
"2026-01-07","ALL","외국인수급","A194370","제이에스코퍼레이션","1.51879655662155","OK","583"
"2026-01-07","ALL","외국인수급","A194480","데브시스터즈","-1.33308936926576","OK","584"
"2026-01-07","ALL","외국인수급","A194700","노바렉스",".134418639384661","OK","585"
"2026-01-07","ALL","외국인수급","A195870","해성디에스","-.705213903743315","OK","586"
"2026-01-07","ALL","외국인수급","A195940","HK이노엔","1.04116785924396","OK","587"
"2026-01-07","ALL","외국인수급","A196170","알테오젠","-.243353330284593","OK","588"
"2026-01-07","ALL","외국인수급","A199430","케이엔알시스템",".262193946404473","OK","589"
"2026-01-07","ALL","외국인수급","A199800","툴젠","-4.99570369482245E-02","OK","590"
"2026-01-07","ALL","외국인수급","A200130","콜마비앤에이치","-.490009393962475","OK","591"
"2026-01-07","ALL","외국인수급","A200470","에이팩트",".731793681394342","OK","592"
"2026-01-07","ALL","외국인수급","A200670","휴메딕스","2.5204635707918","OK","593"
"2026-01-07","ALL","외국인수급","A200710","에이디테크놀로지","-1.14501891551072","OK","594"
"2026-01-07","ALL","외국인수급","A200880","서연이화","-.11019587316455","OK","595"
"2026-01-07","ALL","외국인수급","A203400","에이비온","2.4940090529866","OK","596"
"2026-01-07","ALL","외국인수급","A204270","제이앤티씨","-.295025171872463","OK","597"
"2026-01-07","ALL","외국인수급","A204320","HL만도","-8.15544667717079","OK","598"
"2026-01-07","ALL","외국인수급","A204620","글로벌텍스프리","1.8850987432675","OK","599"
"2026-01-07","ALL","외국인수급","A206640","바디텍메드","-.173081159329075","OK","600"
"2026-01-07","ALL","외국인수급","A206650","유바이오로직스","-.630035343446096","OK","601"
"2026-01-07","ALL","외국인수급","A207940","삼성바이오로직스","7.91828175260602E-02","OK","602"
"2026-01-07","ALL","외국인수급","A211050","인카금융서비스","-.783378746594005","OK","603"
"2026-01-07","ALL","외국인수급","A213420","덕산네오룩스","1.35460623928165","OK","604"
"2026-01-07","ALL","외국인수급","A214150","클래시스",".273570998713581","OK","605"
"2026-01-07","ALL","외국인수급","A214320","이노션","-.561797752808989","OK","606"
"2026-01-07","ALL","외국인수급","A214370","케어젠","-.349352115265768","OK","607"
"2026-01-07","ALL","외국인수급","A214430","아이쓰리시스템","-3.39166765204367","OK","608"
"2026-01-07","ALL","외국인수급","A214450","파마리서치","-2.33852099035345","OK","609"
"2026-01-07","ALL","외국인수급","A215000","골프존","-1.84537884239745","OK","610"
"2026-01-07","ALL","외국인수급","A215200","메가스터디교육",".247768982831583","OK","611"
"2026-01-07","ALL","외국인수급","A215600","신라젠","-.263256863482512","OK","612"
"2026-01-07","ALL","외국인수급","A217590","티엠씨","","ERROR","613"
"2026-01-07","ALL","외국인수급","A218410","RFHIC","2.38736290880348","OK","614"
"2026-01-07","ALL","외국인수급","A220100","퓨쳐켐","2.02178211977214","OK","615"
"2026-01-07","ALL","외국인수급","A222080","SFA넥셀","-4.34291670285764E-02","OK","616"
"2026-01-07","ALL","외국인수급","A222800","심텍","-1.1263243607062","OK","617"
"2026-01-07","ALL","외국인수급","A225570","넥슨게임즈","-.743451104689102","OK","618"
"2026-01-07","ALL","외국인수급","A226320","잇츠한불","4.25087915909881E-02","OK","619"
"2026-01-07","ALL","외국인수급","A226950","올릭스","2.31655256408658","OK","620"
"2026-01-07","ALL","외국인수급","A228760","지노믹트리",".929846901003879","OK","621"
"2026-01-07","ALL","외국인수급","A229640","LS에코에너지","-1.02029980708989","OK","622"
"2026-01-07","ALL","외국인수급","A230360","에코마케팅","-7.97181831809324","OK","623"
"2026-01-07","ALL","외국인수급","A232140","와이씨",".429420121399974","OK","624"
"2026-01-07","ALL","외국인수급","A236200","슈프리마",".769761446570567","OK","625"
"2026-01-07","ALL","외국인수급","A237690","에스티팜","1.64647126248567","OK","626"
"2026-01-07","ALL","외국인수급","A237880","클리오","","BLANK","627"
"2026-01-07","ALL","외국인수급","A240810","원익IPS","-2.90269302661379","OK","628"
"2026-01-07","ALL","외국인수급","A241560","두산밥캣","-.231150746922206","OK","629"
"2026-01-07","ALL","외국인수급","A241590","화승엔터프라이즈","-.330086933786522","OK","630"
"2026-01-07","ALL","외국인수급","A241710","코스메카코리아","1.29211081539501","OK","631"
"2026-01-07","ALL","외국인수급","A243070","휴온스","-.690923108857456","OK","632"
"2026-01-07","ALL","외국인수급","A247540","에코프로비엠","3.06040065638551E-02","OK","633"
"2026-01-07","ALL","외국인수급","A248070","솔루엠","5.03328258106731E-03","OK","634"
"2026-01-07","ALL","외국인수급","A249420","일동제약","-3.07531094810698E-02","OK","635"
"2026-01-07","ALL","외국인수급","A251270","넷마블","-8.83465202944578E-02","OK","636"
"2026-01-07","ALL","외국인수급","A251970","펌텍코리아",".535661438295354","OK","637"
"2026-01-07","ALL","외국인수급","A252990","샘씨엔에스","-.146464765774491","OK","638"
"2026-01-07","ALL","외국인수급","A253450","스튜디오드래곤","-.383637188829992","OK","639"
"2026-01-07","ALL","외국인수급","A253590","네오셈","1.14865767330039","OK","640"
"2026-01-07","ALL","외국인수급","A254490","미래반도체","","BLANK","641"
"2026-01-07","ALL","외국인수급","A255220","SG","1.57863041982106","OK","642"
"2026-01-07","ALL","외국인수급","A256840","한국비엔씨","-.395660832197883","OK","643"
"2026-01-07","ALL","외국인수급","A257720","실리콘투",".626162091217325","OK","644"
"2026-01-07","ALL","외국인수급","A259960","크래프톤","-.201074157069687","OK","645"
"2026-01-07","ALL","외국인수급","A263750","펄어비스","-2.98004977488543E-02","OK","646"
"2026-01-07","ALL","외국인수급","A265520","AP시스템","1.30576713819369","OK","647"
"2026-01-07","ALL","외국인수급","A267250","HD현대",".408255950494412","OK","648"
"2026-01-07","ALL","외국인수급","A267260","HD현대일렉트릭",".476472781033916","OK","649"
"2026-01-07","ALL","외국인수급","A267270","HD건설기계","-.541382201461253","OK","650"
"2026-01-07","ALL","외국인수급","A267980","매일유업",".488207631834009","OK","651"
"2026-01-07","ALL","외국인수급","A268280","미원에스씨","1.73035328046143E-02","OK","652"
"2026-01-07","ALL","외국인수급","A270660","에브리봇","-.309150865622424","OK","653"
"2026-01-07","ALL","외국인수급","A271560","오리온","7.43492617312687E-02","OK","654"
"2026-01-07","ALL","외국인수급","A271940","일진하이솔루스","-.258004407575296","OK","655"
"2026-01-07","ALL","외국인수급","A272210","한화시스템","1.35875294381518","OK","656"
"2026-01-07","ALL","외국인수급","A272290","이녹스첨단소재","-1.43057339717389","OK","657"
"2026-01-07","ALL","외국인수급","A272450","진에어","-.407226842558073","OK","658"
"2026-01-07","ALL","외국인수급","A274090","켄코아에어로스페이스","-1.70092133238838","OK","659"
"2026-01-07","ALL","외국인수급","A277810","레인보우로보틱스","1.80419521232326","OK","660"
"2026-01-07","ALL","외국인수급","A278280","천보",".292682926829268","OK","661"
"2026-01-07","ALL","외국인수급","A278470","에이피알","-4.33545732251394E-02","OK","662"
"2026-01-07","ALL","외국인수급","A280360","롯데웰푸드","-7.85962185504738E-02","OK","663"
"2026-01-07","ALL","외국인수급","A281740","레이크머티리얼즈",".921867582278062","OK","664"
"2026-01-07","ALL","외국인수급","A281820","케이씨텍","1.99920380184618","OK","665"
"2026-01-07","ALL","외국인수급","A282330","BGF리테일","7.35604839340773E-02","OK","666"
"2026-01-07","ALL","외국인수급","A284740","쿠쿠홈시스","-1.75122147698019E-03","OK","667"
"2026-01-07","ALL","외국인수급","A285130","SK케미칼",".574034248015135","OK","668"
"2026-01-07","ALL","외국인수급","A286940","롯데이노베이트","-1.65409554055842E-02","OK","669"
"2026-01-07","ALL","외국인수급","A287840","인투셀","1.04447846581524","OK","670"
"2026-01-07","ALL","외국인수급","A290650","엘앤씨바이오",".863748538771269","OK","671"
"2026-01-07","ALL","외국인수급","A293490","카카오게임즈","-.399909353879787","OK","672"
"2026-01-07","ALL","외국인수급","A293780","압타바이오","","BLANK","673"
"2026-01-07","ALL","외국인수급","A294570","쿠콘",".75078629645913","OK","674"
"2026-01-07","ALL","외국인수급","A294870","IPARK현대산업개발","-1.2579227457546","OK","675"
"2026-01-07","ALL","외국인수급","A295310","에이치브이엠","3.75904142617082","OK","676"
"2026-01-07","ALL","외국인수급","A298020","효성티앤씨","-.631016908017151","OK","677"
"2026-01-07","ALL","외국인수급","A298040","효성중공업",".877405723258741","OK","678"
"2026-01-07","ALL","외국인수급","A298050","HS효성첨단소재","-.876484187372343","OK","679"
"2026-01-07","ALL","외국인수급","A298380","에이비엘바이오","1.01067302695572","OK","680"
"2026-01-07","ALL","외국인수급","A298830","슈어소프트테크","-.859579611846082","OK","681"
"2026-01-07","ALL","외국인수급","A300080","플리토","-1.66682944297946","OK","682"
"2026-01-07","ALL","외국인수급","A300720","한일시멘트","-.344735751908623","OK","683"
"2026-01-07","ALL","외국인수급","A302440","SK바이오사이언스","-.459128577268528","OK","684"
"2026-01-07","ALL","외국인수급","A304100","솔트룩스","-2.41375816827922","OK","685"
"2026-01-07","ALL","외국인수급","A304360","에스바이오메딕스","1.90623011794646","OK","686"
"2026-01-07","ALL","외국인수급","A306200","세아제강",".635163348722322","OK","687"
"2026-01-07","ALL","외국인수급","A307950","현대오토에버","-1.4338816931843","OK","688"
"2026-01-07","ALL","외국인수급","A308430","셀비온",".161242161839355","OK","689"
"2026-01-07","ALL","외국인수급","A309710","아이티켐",".611323875793373","OK","690"
"2026-01-07","ALL","외국인수급","A310210","보로노이","1.13853379508219","OK","691"
"2026-01-07","ALL","외국인수급","A314130","지놈앤컴퍼니","","BLANK","692"
"2026-01-07","ALL","외국인수급","A314930","바이오다인","-.779752013294133","OK","693"
"2026-01-07","ALL","외국인수급","A316140","우리금융지주",".100615739647572","OK","694"
"2026-01-07","ALL","외국인수급","A317330","덕산테코피아",".218669517469265","OK","695"
"2026-01-07","ALL","외국인수급","A317450","명인제약","-3.86807049322616E-02","OK","696"
"2026-01-07","ALL","외국인수급","A318060","그래피","-3.84278747968157","OK","697"
"2026-01-07","ALL","외국인수급","A319400","현대무벡스","2.47522061355029","OK","698"
"2026-01-07","ALL","외국인수급","A319660","피에스케이","-1.1918938111105","OK","699"
"2026-01-07","ALL","외국인수급","A322000","HD현대에너지솔루션","-1.24967708602428","OK","700"
"2026-01-07","ALL","외국인수급","A323280","태성","1.59385051968894","OK","701"
"2026-01-07","ALL","외국인수급","A323410","카카오뱅크","-.159808801205284","OK","702"
"2026-01-07","ALL","외국인수급","A326030","SK바이오팜",".500096245657034","OK","703"
"2026-01-07","ALL","외국인수급","A328130","루닛","-.330915329217211","OK","704"
"2026-01-07","ALL","외국인수급","A329180","HD현대중공업","3.37518278724282E-04","OK","705"
"2026-01-07","ALL","외국인수급","A332570","PS일렉트로닉스","5.80106779128718","OK","706"
"2026-01-07","ALL","외국인수급","A336260","두산퓨얼셀","-.402934729823732","OK","707"
"2026-01-07","ALL","외국인수급","A336370","솔루스첨단소재","-9.00026471366805E-02","OK","708"
"2026-01-07","ALL","외국인수급","A336570","원텍","-1.30991988303221","OK","709"
"2026-01-07","ALL","외국인수급","A338220","뷰노","-1.81293778327153","OK","710"
"2026-01-07","ALL","외국인수급","A338840","와이바이오로직스","1.33786964084723","OK","711"
"2026-01-07","ALL","외국인수급","A340570","티앤엘",".418462463666433","OK","712"
"2026-01-07","ALL","외국인수급","A344820","KCC글라스","-.745051859232755","OK","713"
"2026-01-07","ALL","외국인수급","A347700","스피어","6.71133985009153","OK","714"
"2026-01-07","ALL","외국인수급","A347850","디앤디파마텍","-2.3181765790687","OK","715"
"2026-01-07","ALL","외국인수급","A348210","넥스틴","-.380228136882129","OK","716"
"2026-01-07","ALL","외국인수급","A348340","뉴로메카","-8.45761326153759E-03","OK","717"
"2026-01-07","ALL","외국인수급","A348370","엔켐","-.261859134224136","OK","718"
"2026-01-07","ALL","외국인수급","A352480","씨앤씨인터내셔널","-.692991023673318","OK","719"
"2026-01-07","ALL","외국인수급","A352820","하이브","8.75802177271759E-02","OK","720"
"2026-01-07","ALL","외국인수급","A353200","대덕전자","4.51740207397456","OK","721"
"2026-01-07","ALL","외국인수급","A356860","티엘비","2.59155447318844","OK","722"
"2026-01-07","ALL","외국인수급","A357550","석경에이티","-.169214281685374","OK","723"
"2026-01-07","ALL","외국인수급","A357780","솔브레인","-.522283463075554","OK","724"
"2026-01-07","ALL","외국인수급","A358570","지아이이노베이션",".622713668107749","OK","725"
"2026-01-07","ALL","외국인수급","A361610","SK아이이테크놀로지","-.454680821613278","OK","726"
"2026-01-07","ALL","외국인수급","A365340","성일하이텍","-.30456070010409","OK","727"
"2026-01-07","ALL","외국인수급","A368770","파이버프로","2.338736913205","OK","728"
"2026-01-07","ALL","외국인수급","A371950","풍원정밀","8.08897876643074E-02","OK","729"
"2026-01-07","ALL","외국인수급","A372320","큐로셀","1.01385759698775","OK","730"
"2026-01-07","ALL","외국인수급","A373220","LG에너지솔루션",".112425263833715","OK","731"
"2026-01-07","ALL","외국인수급","A375500","DL이앤씨","-.970637132964162","OK","732"
"2026-01-07","ALL","외국인수급","A376270","HEM파마","-.77046200591411","OK","733"
"2026-01-07","ALL","외국인수급","A376300","디어유","-2.97049925322644","OK","734"
"2026-01-07","ALL","외국인수급","A376900","로킷헬스케어","-1.6568323787441","OK","735"
"2026-01-07","ALL","외국인수급","A377300","카카오페이",".134110840549992","OK","736"
"2026-01-07","ALL","외국인수급","A377460","큐에이드","0","OK","737"
"2026-01-07","ALL","외국인수급","A377740","바이오노트","-6.94927032661571E-02","OK","738"
"2026-01-07","ALL","외국인수급","A378340","필에너지","-.278580631681582","OK","739"
"2026-01-07","ALL","외국인수급","A380550","뉴로핏","-6.69608097586296","OK","740"
"2026-01-07","ALL","외국인수급","A381970","케이카","-5.03481389608635E-02","OK","741"
"2026-01-07","ALL","외국인수급","A383220","F&F","-9.7084236756092E-03","OK","742"
"2026-01-07","ALL","외국인수급","A383310","에코프로에이치엔","-.389836163450226","OK","743"
"2026-01-07","ALL","외국인수급","A383800","LX홀딩스","-.169050922603384","OK","744"
"2026-01-07","ALL","외국인수급","A388210","씨엠티엑스","2.61020057602645","OK","745"
"2026-01-07","ALL","외국인수급","A388720","유일로보틱스","-1.58204223551669","OK","746"
"2026-01-07","ALL","외국인수급","A389020","자람테크놀로지",".308526162184699","OK","747"
"2026-01-07","ALL","외국인수급","A389260","대명에너지","-6.41212474497231E-02","OK","748"
"2026-01-07","ALL","외국인수급","A389470","인벤티지랩","-.708922939518267","OK","749"
"2026-01-07","ALL","외국인수급","A389650","넥스트바이오메디컬","-3.16786953886838E-02","OK","750"
"2026-01-07","ALL","외국인수급","A394280","오픈엣지테크놀로지",".350262697022767","OK","751"
"2026-01-07","ALL","외국인수급","A394800","쓰리빌리언","5.94034797017398","OK","752"
"2026-01-07","ALL","외국인수급","A397030","에이프릴바이오","1.30804707379135","OK","753"
"2026-01-07","ALL","외국인수급","A399720","가온칩스","-.666197984667403","OK","754"
"2026-01-07","ALL","외국인수급","A402030","코난테크놀로지","5.42220936957779E-02","OK","755"
"2026-01-07","ALL","외국인수급","A402340","SK스퀘어","-.360753425033989","OK","756"
"2026-01-07","ALL","외국인수급","A403550","쏘카","-2.58044538487343E-03","OK","757"
"2026-01-07","ALL","외국인수급","A403850","더핑크퐁컴퍼니","-.601545608288913","OK","758"
"2026-01-07","ALL","외국인수급","A403870","HPSP","9.02842281255805","OK","759"
"2026-01-07","ALL","외국인수급","A416180","신성에스티","-.741391941391941","OK","760"
"2026-01-07","ALL","외국인수급","A417200","LS머트리얼즈","-.238138192314631","OK","761"
"2026-01-07","ALL","외국인수급","A419530","SAMG엔터","-.683030368999673","OK","762"
"2026-01-07","ALL","외국인수급","A420770","기가비스",".318770783167068","OK","763"
"2026-01-07","ALL","외국인수급","A424870","이뮨온시아","-.679065214731433","OK","764"
"2026-01-07","ALL","외국인수급","A425420","티에프이","-1.58442647956071","OK","765"
"2026-01-07","ALL","외국인수급","A437730","삼현","-.342192714470166","OK","766"
"2026-01-07","ALL","외국인수급","A439090","마녀공장","","BLANK","767"
"2026-01-07","ALL","외국인수급","A439260","대한조선","-.253509793239976","OK","768"
"2026-01-07","ALL","외국인수급","A440110","파두",".23948866790376","OK","769"
"2026-01-07","ALL","외국인수급","A441270","파인엠텍","-.597180144488464","OK","770"
"2026-01-07","ALL","외국인수급","A443060","HD현대마린솔루션","-.145240872086169","OK","771"
"2026-01-07","ALL","외국인수급","A445090","에이직랜드","-.260988573792928","OK","772"
"2026-01-07","ALL","외국인수급","A445680","큐리옥스바이오시스템즈","1.22543544444374","OK","773"
"2026-01-07","ALL","외국인수급","A448280","에코아이","-.323152298551027","OK","774"
"2026-01-07","ALL","외국인수급","A448900","한국피아이엠","-.429788431528051","OK","775"
"2026-01-07","ALL","외국인수급","A450080","에코프로머티",".142280055768062","OK","776"
"2026-01-07","ALL","외국인수급","A450950","아스테라시스",".839840030470387","OK","777"
"2026-01-07","ALL","외국인수급","A452260","한화갤러리아","","BLANK","778"
"2026-01-07","ALL","외국인수급","A452430","사피엔반도체","-.776624375240292","OK","779"
"2026-01-07","ALL","외국인수급","A452450","피아이이",".3706224945163","OK","780"
"2026-01-07","ALL","외국인수급","A453340","현대그린푸드","-7.81784422945373E-02","OK","781"
"2026-01-07","ALL","외국인수급","A454910","두산로보틱스",".453083084325387","OK","782"
"2026-01-07","ALL","외국인수급","A455900","엔젤로보틱스",".735557569498598","OK","783"
"2026-01-07","ALL","외국인수급","A456040","OCI",".308647645643108","OK","784"
"2026-01-07","ALL","외국인수급","A456160","지투지바이오","-.593747383324833","OK","785"
"2026-01-07","ALL","외국인수급","A457190","이수스페셜티케미컬","2.04727041324651","OK","786"
"2026-01-07","ALL","외국인수급","A458870","씨어스",".292736923528313","OK","787"
"2026-01-07","ALL","외국인수급","A459510","나우로보틱스","-.66114038326006","OK","788"
"2026-01-07","ALL","외국인수급","A460860","동국제강","-.872010587012005","OK","789"
"2026-01-07","ALL","외국인수급","A460930","현대힘스","-.820841172543545","OK","790"
"2026-01-07","ALL","외국인수급","A462350","이노스페이스","3.67072903743706","OK","791"
"2026-01-07","ALL","외국인수급","A462860","더즌",".679166215093385","OK","792"
"2026-01-07","ALL","외국인수급","A462870","시프트업","-.164315732901032","OK","793"
"2026-01-07","ALL","외국인수급","A464080","에스오에스랩",".620925178515989","OK","794"
"2026-01-07","ALL","외국인수급","A466100","클로봇","-2.52531448469807","OK","795"
"2026-01-07","ALL","외국인수급","A468530","프로티나","-9.53942189251017E-02","OK","796"
"2026-01-07","ALL","외국인수급","A473980","노머스","-6.09185858497575","OK","797"
"2026-01-07","ALL","외국인수급","A474650","링크솔루션","-.381999832087986","OK","798"
"2026-01-07","ALL","외국인수급","A475150","SK이터닉스",".598775637874793","OK","799"
"2026-01-07","ALL","외국인수급","A475400","씨메스로보틱스","-.402884343965716","OK","800"
"2026-01-07","ALL","외국인수급","A475560","더본코리아","-.269133286300332","OK","801"
"2026-01-07","ALL","외국인수급","A475830","오름테라퓨틱","-.449624259011172","OK","802"
"2026-01-07","ALL","외국인수급","A475960","토모큐브","-2.70941054808687","OK","803"
"2026-01-07","ALL","외국인수급","A476040","오가노이드사이언스","","BLANK","804"
"2026-01-07","ALL","외국인수급","A476060","온코닉테라퓨틱스","-.128775462420979","OK","805"
"2026-01-07","ALL","외국인수급","A476830","알지노믹스","","ERROR","806"
"2026-01-07","ALL","외국인수급","A478340","나라스페이스테크놀로지","","ERROR","807"
"2026-01-07","ALL","외국인수급","A481070","에이유브랜즈","-.927306447507182","OK","808"
"2026-01-07","ALL","외국인수급","A482630","삼양엔씨켐",".997188543314005","OK","809"
"2026-01-07","ALL","외국인수급","A483650","달바글로벌","2.13069425851089","OK","810"
"2026-01-07","ALL","외국인수급","A484120","도우인시스","-.749941410827279","OK","811"
"2026-01-07","ALL","외국인수급","A484590","삼양컴텍","-.916708146673303","OK","812"
"2026-01-07","ALL","외국인수급","A484870","엠앤씨솔루션","5.12578188196285E-02","OK","813"
"2026-01-07","ALL","외국인수급","A486990","노타","-.461930551130933","OK","814"
"2026-01-07","ALL","외국인수급","A488280","에스투더블유","4.95386573337576","OK","815"
"2026-01-07","ALL","외국인수급","A488900","비츠로넥스텍","-1.15454602497333","OK","816"
"2026-01-07","ALL","외국인수급","A489790","한화비전","-.329870959438266","OK","817"
"2026-01-07","ALL","외국인수급","A490470","세미파이브","","ERROR","818"
"2026-01-07","ALL","외국인수급","A491000","리브스메드","","ERROR","819"
"2026-01-07","ALL","외국인수급","A494120","큐리오시스",".233528860121729","OK","820"
"2026-01-07","ALL","외국인수급","A499790","GS피앤엘","1.31739294869101","OK","821"
"2026-01-07","ALL","외국인수급","A900140","엘브이엠씨홀딩스","-9.32980873892085E-02","OK","822"
"2026-01-07","ALL","외국인수급","A900290","GRT","-.247747747747748","OK","823"
"2026-01-07","ALL","외국인수급","A950160","코오롱티슈진","4.35585862985716E-03","OK","824"
"2026-01-07","ALL","외국인수급","A950210","프레스티지바이오파마","-4.62562841596572E-02","OK","825"
"2026-01-07","ALL","외국인수급","A950250","테라뷰","","ERROR","826"
