universe,strategy,period,cost_bp,n_phases,median_delta_cagr,mean_delta_cagr,min_delta_cagr,cagr_better_phases,median_delta_sharpe,sharpe_better_phases,median_mdd_improvement,mdd_better_phases,median_delta_annual_turnover,median_cagr,worst_phase_cagr,median_mdd,worst_phase_mdd,median_sharpe,worst_phase_sharpe,median_annual_turnover
KOSDAQ,ACT1_LOW05,BULL_2025,0,10,0.003037517678591506,0.007251126506232897,-0.0036878263998731953,8,0.007770552639892125,8,0.0,4,0.01865243749363632,0.7300264768086453,0.6720466921853916,-0.15509012135098876,-0.1663476443247348,2.4963317652141166,2.3947403030914773,10.202928692835291
KOSDAQ,ACT5_LOW30,BULL_2025,0,10,0.031163560151509118,0.03237500753177469,0.005566772924064933,10,0.1055900596675472,10,0.002920683513055189,8,1.4802359786291435,0.7599542313953724,0.7005379286474454,-0.14925653240609243,-0.15936985736962583,2.580511763868593,2.490128463831411,11.643126485648299
KOSDAQ,AMIHUD20_TOP05,BULL_2025,0,10,0.0029396151292817585,0.003944235136901919,-0.0010108864916638094,9,0.007987261325072659,10,0.0,2,-0.0036761857979792367,0.7340702499204408,0.6728409407526612,-0.1546507585853727,-0.1663476443247348,2.508743987742098,2.3920103085888544,10.169171762786572
KOSDAQ,TURNOVER20_LOW30,BULL_2025,0,10,0.03329285662272041,0.0318771251624155,0.007335266237533888,10,-0.06931827230569465,2,-0.009509005440097806,0,0.2697426777683969,0.7685816739826117,0.7258372864670899,-0.16508769758165415,-0.1760537964673491,2.454075610193434,2.3789133533327718,10.436168423762666
KOSDAQ,TURNOVER20_TOP01_LOW30,BULL_2025,0,10,0.032525791785895986,0.033586038897577164,-0.019313492071545202,8,-0.04484465928580539,2,-0.0102753425106476,0,0.22421022876337116,0.7778592556430881,0.7078848875333417,-0.16660167300908268,-0.17492262581883122,2.4912385618000954,2.3772807379050143,10.404684992043254
KOSDAQ,ACT1_LOW05,BULL_2025,30,10,0.0028195842215512634,0.006937571087696081,-0.003605501921792875,8,0.0074143637166621534,8,0.0,3,0.01865243749363632,0.6766811090844621,0.6216128256117608,-0.15816626742452872,-0.16946425601296422,2.3650319438378213,2.257003946173994,10.202928692835291
KOSDAQ,ACT5_LOW30,BULL_2025,30,10,0.02304421975188753,0.024049798135998147,-0.0033890088039241206,9,0.08509267064008452,10,0.002359521430749578,7,1.4802359786291435,0.6980846442588284,0.6412665711324279,-0.15332449511066615,-0.16283502806217764,2.4276812382568793,2.3280860057963584,11.643126485648299
KOSDAQ,AMIHUD20_TOP05,BULL_2025,30,10,0.0028522418395725557,0.0038436043599827663,-0.0009152816767656891,9,0.007955418825652538,10,0.0,2,-0.0036761857979792367,0.6806837984105384,0.6225332390948508,-0.1577359228018147,-0.16946425601296422,2.372994085991497,2.2547054586866606,10.169171762786572
KOSDAQ,TURNOVER20_LOW30,BULL_2025,30,10,0.03055068932657179,0.029424991392679067,0.006122682988010553,10,-0.06598590974470597,2,-0.009573456315919271,0,0.2697426777683969,0.7131760314580587,0.6726015368436384,-0.1681597393210731,-0.18048134728585596,2.3227115053891687,2.2507292605577547,10.436168423762666
KOSDAQ,TURNOVER20_TOP01_LOW30,BULL_2025,30,10,0.030040707510333498,0.03121442272411168,-0.019820479134581515,8,-0.04094309967039367,2,-0.010267022565692008,0,0.22421022876337116,0.7223893779102506,0.6555200520402413,-0.1699722139499077,-0.17934401433447167,2.358618180497659,2.2494694831753,10.404684992043254
KOSDAQ,ACT1_LOW05,BULL_2025,60,10,0.002611694615925475,0.006635905679929421,-0.003524643985689746,7,0.007049487316776348,8,0.0,3,0.01865243749363632,0.6253614007215588,0.5726405312043299,-0.16123495030285184,-0.1725731147346884,2.232148302827479,2.1182703360676585,10.202928692835291
KOSDAQ,ACT5_LOW30,BULL_2025,60,10,0.015412766197556382,0.016210963255785592,-0.011777203662817426,8,0.0642920750804532,9,0.0018020107125162332,7,1.4802359786291435,0.6383084386822262,0.5839804081858759,-0.15737798188818014,-0.16753725956044396,2.274232193672183,2.164514344172682,11.643126485648299
KOSDAQ,AMIHUD20_TOP05,BULL_2025,60,10,0.0027673587071354033,0.0037453364026091675,-0.0008245461830669321,9,0.007919407366161924,10,0.0,2,-0.0036761857979792367,0.6288790025677622,0.5736791365532095,-0.1610395564761301,-0.1725731147346884,2.239987012038233,2.1164000242166425,10.169171762786572
KOSDAQ,TURNOVER20_LOW30,BULL_2025,60,10,0.0279412617490985,0.027089033729882715,0.004973495241672676,10,-0.062488199517612086,2,-0.009637480563564726,0,0.2697426777683969,0.6594383406496229,0.620943611305609,-0.17122424780645162,-0.18489104452768057,2.1929334693751277,2.113958787301493,10.436168423762666
KOSDAQ,TURNOVER20_TOP01_LOW30,BULL_2025,60,10,0.02767192046835365,0.02895255612234382,-0.020281689322160235,8,-0.03691779503102488,2,-0.010258631020866604,0,0.22421022876337116,0.6685825387409371,0.6046978572597923,-0.17360128225985416,-0.18374762398187428,2.2248806715362255,2.1198290656595558,10.404684992043254
KOSDAQ,ACT1_LOW05,EARLY_2016_2019,0,10,0.013426680369010291,0.013210619159043046,0.008806053819395032,10,0.06256773700146814,10,0.005388240641383157,10,0.051007202546989205,0.04167413983155388,0.015757892807993112,-0.31481345388653736,-0.32363022370095473,0.2996754915166932,0.18009937487400823,8.878989330121023
KOSDAQ,ACT5_LOW30,EARLY_2016_2019,0,10,0.020472939199697948,0.017360025927969525,-0.0015654338617190344,9,0.09434686457438901,9,-0.006429452024372395,2,1.9949998930718786,0.049264001499411014,0.01765229027217341,-0.32791352221035724,-0.34473731922048834,0.3342048647666771,0.18857687141446397,10.834008303363024
KOSDAQ,AMIHUD20_TOP05,EARLY_2016_2019,0,10,0.0105897243739701,0.011057120061863079,0.009393942506473518,10,0.04886947829276245,10,0.0030442535483543587,10,0.011695297883705713,0.0386557776436085,0.017311378894230067,-0.31852263019747623,-0.33072195768624335,0.2859666845369463,0.18732394519215562,8.836024163931473
KOSDAQ,TURNOVER20_LOW30,EARLY_2016_2019,0,10,0.01759184826979443,0.01623863615462533,0.004714956383194746,10,0.06698760290488641,10,-0.009512666473558362,0,0.08417635714077054,0.043833300760477534,0.017067314842462267,-0.33044416251454073,-0.34835778270740736,0.30328507958651474,0.1880292548926461,8.912015609900703
KOSDAQ,TURNOVER20_TOP01_LOW30,EARLY_2016_2019,0,10,0.01602202631509042,0.01884964811992451,0.006654767550408058,10,0.06320745640416889,10,0.0003276511714878083,6,0.0949595010332116,0.047783803658809076,0.016074239505372123,-0.32109170672639825,-0.3511017554993803,0.32020170019694216,0.18390764825884792,8.93295425157386
KOSDAQ,ACT1_LOW05,EARLY_2016_2019,30,10,0.012895823743237889,0.012709907606862947,0.008373697207275765,10,0.06217182406959397,10,0.00796156686447863,10,0.051007202546989205,0.014275606891932413,-0.010925705268715724,-0.3263732421659935,-0.3463425788390522,0.17294821774408523,0.05442725729093277,8.878989330121023
KOSDAQ,ACT5_LOW30,EARLY_2016_2019,30,10,0.013756880619766987,0.010788361947763957,-0.008145740531986245,8,0.06445241780243127,8,-0.013739366944879206,1,1.9949998930718786,0.015815007062280673,-0.015067340737852208,-0.3531349628526963,-0.3616872049386619,0.17999582715896037,0.03219251011677951,10.834008303363024
KOSDAQ,AMIHUD20_TOP05,EARLY_2016_2019,30,10,0.010252408537147872,0.010732790646072344,0.009113009477677791,10,0.04878569593194265,10,0.0045961548860447565,10,0.011695297883705713,0.011475238385673103,-0.009288019103778966,-0.32996603797358903,-0.3533921429536716,0.15971550750992408,0.06232884091471971,8.836024163931473
KOSDAQ,TURNOVER20_LOW30,EARLY_2016_2019,30,10,0.016761049579946175,0.015586165345280012,0.00424916874339798,10,0.07501294894761992,10,-0.008427775058408471,1,0.08417635714077054,0.01625501687378983,-0.009818413300316853,-0.34300444767073535,-0.3709970691729604,0.18452803819545868,0.0688477986916425,8.912015609900703
KOSDAQ,TURNOVER20_TOP01_LOW30,EARLY_2016_2019,30,10,0.01529665418943571,0.018071185333751794,0.006186339438022492,10,0.07018125939806337,10,-0.0002506084574693257,5,0.0949595010332116,0.020068269069045352,-0.010799428850479464,-0.33576232354541946,-0.37365963743155095,0.2011704020369477,0.0652063687776758,8.93295425157386
KOSDAQ,ACT1_LOW05,EARLY_2016_2019,60,10,0.012382838444576494,0.012225699612128892,0.007957315105122431,10,0.061595912454849445,10,0.009395024173687538,10,0.051007202546989205,-0.012431458474677304,-0.03693677722132893,-0.34544523765531,-0.3685769504277725,0.04634181855456941,-0.07120898441052365,8.878989330121023
KOSDAQ,ACT5_LOW30,EARLY_2016_2019,60,10,0.007398976729643292,0.004570268864871485,-0.014353825630617378,8,0.03447708941326763,8,-0.011741042937628898,0,1.9949998930718786,-0.01660998961348903,-0.046776745025487676,-0.37505768563335246,-0.3907326293507969,0.026064710345872464,-0.12354063334036851,10.834008303363024
KOSDAQ,AMIHUD20_TOP05,EARLY_2016_2019,60,10,0.009925075186076104,0.010417485296926177,0.008840019095940232,10,0.04867579493897815,10,0.006257199526469692,10,0.011695297883705713,-0.015022847608359313,-0.03522018216711731,-0.34965062156936777,-0.3753178784548692,0.03359135364387949,-0.06263380622856271,8.836024163931473
KOSDAQ,TURNOVER20_LOW30,EARLY_2016_2019,60,10,0.015960482346569493,0.014955830078540223,0.0037848069658942274,10,0.08298214941232046,10,-0.007946283071169014,1,0.08417635714077054,-0.010624178687417773,-0.03602213768681195,-0.36143922056127853,-0.39287389053887134,0.06584473609208716,-0.05005554448401731,8.912015609900703
KOSDAQ,TURNOVER20_TOP01_LOW30,EARLY_2016_2019,60,10,0.014597188680039008,0.017319506526989104,0.005737125180272806,10,0.0780802651884711,10,-0.0022892027045121055,2,0.0949595010332116,-0.006943860730624529,-0.03699122828389367,-0.35756373201677283,-0.3954573190746111,0.08220499238762483,-0.053323643643076665,8.93295425157386
KOSDAQ,ACT1_LOW05,FULL_2016_2026,0,10,0.007362437911927477,0.00750011585373842,0.0018767209839818388,10,0.02362842213757571,10,0.0061811368439823045,10,0.06947837372118393,0.10776975028252056,0.0857327742412437,-0.45838917204329716,-0.4831363358988515,0.5042625316090358,0.4327100215905667,9.808084011997133
KOSDAQ,ACT5_LOW30,FULL_2016_2026,0,10,0.010633390048145452,0.013975089543795982,0.0021036194963355292,10,0.034176781213273805,10,0.0020908303807304907,6,1.7973517521781277,0.11543444170100114,0.09036952087201877,-0.4688556167135885,-0.4945320369582782,0.5298854218412381,0.44907107069487856,11.541845736863552
KOSDAQ,AMIHUD20_TOP05,FULL_2016_2026,0,10,0.006013615327000288,0.006149928504079805,0.004472394959158299,10,0.019482876024540186,10,0.0066594294805567,9,0.0033685857388210394,0.10523892456231021,0.08716727657309065,-0.4618252990333909,-0.48780719045462473,0.49665697335366876,0.4376653373229184,9.745325408267494
KOSDAQ,TURNOVER20_LOW30,FULL_2016_2026,0,10,0.011543938858518232,0.011261423976945762,0.004336904350832338,10,0.025933430901179888,10,0.004884019668077222,7,0.15926223059603029,0.11077881754488117,0.08856592695507448,-0.46452613612380944,-0.4922861888536757,0.5041154914175026,0.4360455128924503,9.901777187484406
KOSDAQ,TURNOVER20_TOP01_LOW30,FULL_2016_2026,0,10,0.015071567876706493,0.0146608566514965,0.004656042466750554,10,0.038187264036400964,10,0.006320382492528753,6,0.1488758968784314,0.11510304929423543,0.09402839585967993,-0.4593367822562796,-0.49148344094961305,0.5176842738936295,0.4534104624213014,9.896673254392777
KOSDAQ,ACT1_LOW05,FULL_2016_2026,30,10,0.006904206496965104,0.007070889434676042,0.001631591998628057,10,0.02291210850750658,10,0.008495928957724053,10,0.06947837372118393,0.0756789169123181,0.05417190792408588,-0.4819998783226891,-0.5084385517487726,0.40009912090680366,0.32837396270299046,9.808084011997133
KOSDAQ,ACT5_LOW30,FULL_2016_2026,30,10,0.0044859050778127685,0.007787071518629074,-0.00403854581679175,8,0.014902384636235888,8,-0.0019220345672985584,2,1.7973517521781277,0.07763456616748654,0.053066808158739986,-0.49922362925982194,-0.5221827644510864,0.40715163341046684,0.3251272069244487,11.541845736863552
KOSDAQ,AMIHUD20_TOP05,FULL_2016_2026,30,10,0.005826687765635219,0.0059609639407183,0.004317680979271099,10,0.019485978672628496,10,0.006841141678166629,10,0.0033685857388210394,0.07337728966994772,0.05574814301783659,-0.4835347154560446,-0.5130105820994205,0.3927723723868732,0.33375410363933045,9.745325408267494
KOSDAQ,TURNOVER20_LOW30,FULL_2016_2026,30,10,0.010635275973663094,0.010407763093899302,0.0036981010516976554,10,0.0290456351760279,10,0.005992804176602307,8,0.15926223059603029,0.07833894584987511,0.05662270691429705,-0.47834900170152944,-0.5175190084089463,0.403622020433803,0.33483838870207744,9.901777187484406
KOSDAQ,TURNOVER20_TOP01_LOW30,FULL_2016_2026,30,10,0.014140519120265038,0.01372173480279475,0.003968770315472492,10,0.04108038000537628,10,0.012142006786246773,9,0.1488758968784314,0.08239394141889445,0.06197147247390111,-0.4745307713144982,-0.516784605897375,0.4164635985300288,0.3521344118663727,9.896673254392777
KOSDAQ,ACT1_LOW05,FULL_2016_2026,60,10,0.006465522140826074,0.006659487913268291,0.0013986619017778423,10,0.02218466834007829,10,0.008979262426826895,10,0.06947837372118393,0.04448082403251541,0.02349201933886924,-0.5052531316619137,-0.5327209788899258,0.29574786930145547,0.22406841901011174,9.808084011997133
KOSDAQ,ACT5_LOW30,FULL_2016_2026,60,10,-0.0013009557938866712,0.0019599804460270986,-0.009809831327484808,4,-0.004460106423623711,4,-0.008962448331483464,1,1.7973517521781277,0.04106549557552597,0.01699024833634022,-0.5296149447210498,-0.5534565158127767,0.284183863952333,0.2009792881239136,11.541845736863552
KOSDAQ,AMIHUD20_TOP05,FULL_2016_2026,60,10,0.005645315611063295,0.00577755620280751,0.004167985518694239,10,0.019481418979527418,10,0.00653878849445777,10,0.0033685857388210394,0.04239765322642963,0.025200920567084006,-0.5066335095933253,-0.5369992255871805,0.2885908863775979,0.22987579468690406,9.745325408267494
KOSDAQ,TURNOVER20_LOW30,FULL_2016_2026,60,10,0.00976795428497812,0.009592570165664994,0.003091487021910533,10,0.03224553976949204,10,0.009987685146189418,9,0.15926223059603029,0.04680879852305697,0.02557960575160001,-0.5018423362362272,-0.5415235579839968,0.3029534103584989,0.2334720758753715,9.901777187484406
KOSDAQ,TURNOVER20_TOP01_LOW30,FULL_2016_2026,60,10,0.013249262635844694,0.012823093743378911,0.003315995255841031,10,0.04394875271036619,10,0.015327873632915712,9,0.1488758968784314,0.05060608487929541,0.030816568821153023,-0.5005573966888723,-0.5408527647778976,0.3151741836102643,0.2506964167486807,9.896673254392777
KOSDAQ,ACT1_LOW05,LATE_2020_2022,0,10,0.000613259364027563,-0.00026759953314947627,-0.010255974805683854,5,0.0020102189691723615,5,-0.00011085961286794177,5,0.09787070653128627,0.05165786419417617,0.036874211470173,-0.4046883609544193,-0.41780699604482696,0.31848480695349235,0.27046242224358147,10.383171790035966
KOSDAQ,ACT5_LOW30,LATE_2020_2022,0,10,0.008091131810490038,0.007136437723658085,-0.019322518966738977,7,0.02558129738801418,7,0.0035116173419626473,7,1.6911437065304034,0.06908929485018267,0.021225373056046992,-0.39918188989349557,-0.4235861198266132,0.3745825820196552,0.21927747501293463,11.955916796386209
KOSDAQ,AMIHUD20_TOP05,LATE_2020_2022,0,10,0.003297833051710497,0.0035194892270778546,-0.0001293807619831,9,0.010595175492842668,9,3.5766817812477036e-05,6,-0.0004965685169491252,0.05703873945196147,0.035183959867747916,-0.40333818960612694,-0.41780699604482696,0.33589307940497803,0.2648670753907801,10.290082451098112
KOSDAQ,TURNOVER20_LOW30,LATE_2020_2022,0,10,-0.0038965864055439114,-0.005412568342769308,-0.014039362220903406,0,-0.011899733173573457,0,-0.0060472118942961894,3,0.18218006752619154,0.045989357556003196,0.021512126361775685,-0.4075603368049319,-0.4146423134513354,0.3003802070719359,0.22240262730407678,10.48374934979466
KOSDAQ,TURNOVER20_TOP01_LOW30,LATE_2020_2022,0,10,0.006295116288512537,0.001949514582182932,-0.019393313281430347,7,0.0199808845500333,7,-0.0025503923990780053,4,0.17916086926155383,0.05154324729989168,0.0342883551416977,-0.40726367632929955,-0.4111287758663087,0.31771309538931014,0.26325279223272186,10.462494353918292
KOSDAQ,ACT1_LOW05,LATE_2020_2022,30,10,0.0002819504429639741,-0.0005354557879678867,-0.010259127675759316,5,0.0012453639535175837,5,0.00024341684178375012,6,0.09787070653128627,0.019365033134856602,0.005495319115415898,-0.40732567636720035,-0.42887969901489353,0.21276590201942241,0.16635235954358507,10.383171790035966
KOSDAQ,ACT5_LOW30,LATE_2020_2022,30,10,0.002449303284111304,0.0017663497568654485,-0.024016522497766868,6,0.00793602928033299,6,0.004266786609957551,8,1.6911437065304034,0.031201700189861126,-0.014618239458110027,-0.40191455927051545,-0.4261381951192509,0.2519793388876204,0.09815132875775323,11.955916796386209
KOSDAQ,AMIHUD20_TOP05,LATE_2020_2022,30,10,0.0032300623401213535,0.003419262030023995,-0.00012104113146604867,9,0.010695222218005784,9,0.00026480836026743226,7,-0.0004965685169491252,0.024759205911438653,0.004116785718195626,-0.40680318724240244,-0.4212405670373711,0.23068593390875647,0.16137897233052537,10.290082451098112
KOSDAQ,TURNOVER20_LOW30,LATE_2020_2022,30,10,-0.0043515298868598284,-0.005841041878600628,-0.014180452006520072,0,-0.01092978911974389,0,-0.006591358312765416,3,0.18218006752619154,0.013367004138443495,-0.00967334568273781,-0.4102444970588025,-0.4285015869937031,0.19650316484700958,0.12067376184116108,10.48374934979466
KOSDAQ,TURNOVER20_TOP01_LOW30,LATE_2020_2022,30,10,0.005430630063758823,0.0012985205522875298,-0.019257831055096375,7,0.021532776126514733,7,-0.002838969720880713,3,0.17916086926155383,0.01875791496941215,0.0026865631216419494,-0.41099091325052534,-0.42544872765276986,0.21368884685780604,0.1615532102465292,10.462494353918292
KOSDAQ,ACT1_LOW05,LATE_2020_2022,60,10,-3.04355288288094e-05,-0.0007873780100512429,-0.010252914470955776,5,0.0004804334147429923,5,0.00027159207269211727,6,0.09787070653128627,-0.011974747840342137,-0.024971191240259705,-0.41535387352295,-0.4424952855618157,0.1070805697346506,0.062214370616008284,10.383171790035966
KOSDAQ,ACT5_LOW30,LATE_2020_2022,60,10,-0.002846315627292484,-0.003272237900001007,-0.0283919822690899,4,-0.00973528061516922,4,0.009457104104502567,7,1.6911437065304034,-0.005395446751233379,-0.049252805166336344,-0.4075193338133085,-0.42930933900641555,0.12920362331192334,-0.02343146382951569,11.955916796386209
KOSDAQ,AMIHUD20_TOP05,LATE_2020_2022,60,10,0.0031633101124385332,0.003321760368611748,-0.00011307268186022679,9,0.010789730524374763,9,0.0003253606770101669,7,-0.0004965685169491252,-0.006572931788604575,-0.02605460564118023,-0.4143975743850253,-0.4348868867963267,0.1255549605913019,0.057865968438909315,10.290082451098112
KOSDAQ,TURNOVER20_LOW30,LATE_2020_2022,60,10,-0.004776049321451259,-0.00623943960736798,-0.014300556419302834,0,-0.009966360142691397,0,-0.009437913958975419,1,0.18218006752619154,-0.018277812536700522,-0.03994412154597249,-0.422823884787983,-0.44204974053047463,0.09260345245394916,0.018945735300461054,10.48374934979466
KOSDAQ,TURNOVER20_TOP01_LOW30,LATE_2020_2022,60,10,0.004611237473906016,0.0006840631026149069,-0.019112905521209034,7,0.023069226893927156,7,-0.0072143205858976045,0,0.17916086926155383,-0.013045089657524933,-0.028084659950298185,-0.42113975002939263,-0.43965673245264736,0.1096782119335907,0.05942874289375892,10.462494353918292
KOSDAQ,ACT1_LOW05,NORMAL_2023_2024,0,10,0.009205919771123727,0.008926984985113063,-0.00101097624785762,9,0.03437078881579375,9,-0.0006510897666581195,4,0.07339055558591401,0.07638494729455014,0.02070996103674516,-0.3361389489758606,-0.3653541083385832,0.4206071179604291,0.20819819641017445,10.173670779010774
KOSDAQ,ACT5_LOW30,NORMAL_2023_2024,0,10,0.015920738497810394,0.020286991508675502,-0.0003043018112975915,9,0.054984590471760214,9,0.00642897762890271,9,1.7804293898399903,0.07586940583893098,0.04526158341959552,-0.3285106918001084,-0.35869135469049707,0.4174424608739853,0.30355327530029597,11.882708237520479
KOSDAQ,AMIHUD20_TOP05,NORMAL_2023_2024,0,10,0.003177144357861872,0.003791796202895292,0.001588366916421391,10,0.011844240722480859,10,1.1102230246251565e-16,7,-0.002354789166234994,0.07315317469831717,0.009280516530132399,-0.33605461104032325,-0.36376563369844783,0.4076777182931781,0.16301061703127762,10.076841208718292
KOSDAQ,TURNOVER20_LOW30,NORMAL_2023_2024,0,10,0.017682766419946594,0.021498427709817115,0.011390092391316164,10,0.061455477280766724,10,-0.0066752688668569315,0,0.16812637690971588,0.08358944143115599,0.03897114033129623,-0.3457710385450346,-0.36823904377943495,0.44081977027465247,0.27847453887063744,10.24253328547803
KOSDAQ,TURNOVER20_TOP01_LOW30,NORMAL_2023_2024,0,10,0.022188156056109354,0.02364068630858427,0.00202466850213745,10,0.07385291242959735,10,0.0055719607742907296,9,0.1383071726708094,0.0813429255691388,0.04364944802187143,-0.3281034306776895,-0.35703298162292607,0.43348338984574364,0.29578933760986215,10.230386642104373
KOSDAQ,ACT1_LOW05,NORMAL_2023_2024,30,10,0.008765707848320425,0.008429609080990597,-0.0014162715080592303,9,0.03384291235931426,9,-0.0007241192939209107,4,0.07339055558591401,0.044187572229487104,-0.01024232649564727,-0.34486696631734426,-0.37435398220840865,0.2989981984701314,0.08505485995824111,10.173670779010774
KOSDAQ,ACT5_LOW30,NORMAL_2023_2024,30,10,0.009698917645486804,0.014122420365441512,-0.005206333199450075,7,0.03500999928325757,7,0.004732323974207531,9,1.7804293898399903,0.038713237346139406,0.008260184027340411,-0.3390044369078992,-0.36903444698961707,0.2778510804400556,0.15855719789684755,11.882708237520479
KOSDAQ,AMIHUD20_TOP05,NORMAL_2023_2024,30,10,0.003065466824397456,0.003682466706580123,0.001534922632221214,10,0.011842486500197244,10,1.1102230246251565e-16,5,-0.002354789166234994,0.04104034577607929,-0.02108540717611418,-0.344741697482301,-0.37272254953411244,0.28680147777998377,0.040690163499911565,10.076841208718292
KOSDAQ,TURNOVER20_LOW30,NORMAL_2023_2024,30,10,0.016673845996590497,0.020332334153566434,0.010710244469787966,10,0.06450144197203568,10,-0.006804610526871646,0,0.16812637690971588,0.05054799995259818,0.007084618165098089,-0.354612510161805,-0.377373050802039,0.32120717859527165,0.15786740126193752,10.24253328547803
KOSDAQ,TURNOVER20_TOP01_LOW30,NORMAL_2023_2024,30,10,0.021162325309696417,0.022538807312238274,0.001851401078442061,10,0.07569219446568229,10,0.005266911935658425,8,0.1383071726708094,0.04894803101048273,0.012245411739817191,-0.3370171570953507,-0.3661814038767225,0.31551834149299773,0.1773280140133963,10.230386642104373
KOSDAQ,ACT1_LOW05,NORMAL_2023_2024,60,10,0.008342962542483623,0.00795314377827192,-0.001797422492476386,9,0.03329569956200717,9,-0.0007951737118097602,4,0.07339055558591401,0.012600267467120174,-0.04029246979949819,-0.35349000043094225,-0.38323683973305833,0.17643114827543108,-0.037960935968378864,10.173670779010774
KOSDAQ,ACT5_LOW30,NORMAL_2023_2024,60,10,0.0038482646879625104,0.008321958940014884,-0.009803472822615511,6,0.014952510856239137,6,0.0031938049966575566,7,1.7804293898399903,0.002790261522701676,-0.027481804742322646,-0.3495922822684206,-0.37922457196840653,0.1380581712215473,0.013692602916427203,11.882708237520479
KOSDAQ,AMIHUD20_TOP05,NORMAL_2023_2024,60,10,0.0029574759532625117,0.0035761550004889788,0.0014831797343823894,10,0.011833176058556898,10,-5.551115123125783e-17,4,-0.002354789166234994,0.009851172172320899,-0.05057321792842606,-0.35332474288226073,-0.38156386549216037,0.16569535896343657,-0.08148758772641439,10.076841208718292
KOSDAQ,TURNOVER20_LOW30,NORMAL_2023_2024,60,10,0.015707909141950804,0.019214995013828007,0.0100601661065709,10,0.06753524917781621,10,-0.006929499235748704,0,0.16812637690971588,0.018474936033896716,-0.02386132155595666,-0.3634034431890956,-0.386385967302208,0.20149974898834017,0.037307377957097265,10.24253328547803
KOSDAQ,TURNOVER20_TOP01_LOW30,NORMAL_2023_2024,60,10,0.020176424247916547,0.021480031035575876,0.0016865634355105463,10,0.07748502823039796,10,0.004968416617014082,8,0.1383071726708094,0.01748584668131148,-0.018251269520826785,-0.34582274488813997,-0.3752104664244936,0.19756992431648385,0.058451182991124465,10.230386642104373
KOSDAQ,ACT1_LOW05,PRE_STRESS_2016_2024,0,10,0.008193981956596708,0.007726781143096284,0.0033585662202815225,10,0.031059713819745288,10,0.008995675677345882,10,0.07286898627042149,0.05313311469132309,0.03094666126393042,-0.45768000346429094,-0.4831363358988515,0.3324554482733169,0.2475274047699443,9.67398314022
KOSDAQ,ACT5_LOW30,PRE_STRESS_2016_2024,0,10,0.014658668428199406,0.014487355056297214,0.0029546936844242477,10,0.05491505662048837,10,0.0020908303807304907,6,1.8328637514684356,0.059049063390810064,0.04188009013540284,-0.4688556167135885,-0.4945320369582782,0.35479899895832734,0.28975295096687104,11.449480220983826
KOSDAQ,AMIHUD20_TOP05,PRE_STRESS_2016_2024,0,10,0.006739525014084258,0.006917690748778194,0.005386425948736395,10,0.02616079259197697,10,0.007615797348506703,10,0.0026292862046926047,0.05076054582909517,0.027025851576429005,-0.45938048660193026,-0.48780719045462473,0.3233024185270188,0.23223380649583997,9.609785689183731
KOSDAQ,TURNOVER20_LOW30,PRE_STRESS_2016_2024,0,10,0.01075624320115287,0.01000988861304335,0.0014384083619467525,10,0.035616007592025656,10,0.015189096414530479,9,0.13406116393130496,0.05547189055843782,0.03116590535014141,-0.45167440928569225,-0.4922861888536757,0.3377096824287592,0.2488007481296164,9.739173761829143
KOSDAQ,TURNOVER20_TOP01_LOW30,PRE_STRESS_2016_2024,0,10,0.015625182040668206,0.014126940656836085,0.0065630646707925955,10,0.055191890338730176,10,0.02106529533050644,9,0.12934643096804344,0.05822844449525022,0.036089403668462694,-0.4487103794972375,-0.49148344094961305,0.3478659747235083,0.2670197592091901,9.730380588027174
KOSDAQ,ACT1_LOW05,PRE_STRESS_2016_2024,30,10,0.007715053336674438,0.007294284680331886,0.0030769671089503348,10,0.03023343400380632,10,0.008495928957724053,10,0.07286898627042149,0.02300638327749338,0.0013332289791212482,-0.4819998783226891,-0.5084385517487726,0.21671297001874368,0.13112145049312637,9.67398314022
KOSDAQ,ACT5_LOW30,PRE_STRESS_2016_2024,30,10,0.008326997607099762,0.008409218611217772,-0.0031202350415200364,6,0.03214335770439902,6,-0.0019220345672985584,2,1.8328637514684356,0.023207144059746,0.006675672513469788,-0.49922362925982194,-0.5221827644510864,0.21757232434038704,0.15297388056553807,11.449480220983826
KOSDAQ,AMIHUD20_TOP05,PRE_STRESS_2016_2024,30,10,0.006528815468496485,0.00670865072116662,0.005205937632018154,10,0.02611655101553661,10,0.006841141678166629,10,0.0026292862046926047,0.02094768976282546,-0.0022482946763200395,-0.4835347154560446,-0.5130105820994205,0.20857781014055746,0.11637984902451826,9.609785689183731
KOSDAQ,TURNOVER20_LOW30,PRE_STRESS_2016_2024,30,10,0.01004252682089457,0.009308122199556146,0.0009741587573119936,10,0.039332718003394204,10,0.014172350315964366,9,0.13406116393130496,0.025015068739958624,0.001344813172711179,-0.4768591061544571,-0.5175190084089463,0.22597362754656442,0.13667357230201962,9.739173761829143
KOSDAQ,TURNOVER20_TOP01_LOW30,PRE_STRESS_2016_2024,30,10,0.014794930936806283,0.013311495523553952,0.005988719655990016,10,0.0582983818428667,10,0.018781555098744462,9,0.12934643096804344,0.027693085929779815,0.00615843041723152,-0.4745307713144982,-0.516784605897375,0.2358792199579866,0.15483317115196626,9.730380588027174
KOSDAQ,ACT1_LOW05,PRE_STRESS_2016_2024,60,10,0.0072559430558140625,0.006879443199222235,0.0028082394624983076,10,0.029391700733418416,10,0.008979262426826895,10,0.07286898627042149,-0.00629282966599215,-0.027463296333636866,-0.5052531316619137,-0.5327209788899258,0.10098697667047382,0.014745760849249969,9.67398314022
KOSDAQ,ACT5_LOW30,PRE_STRESS_2016_2024,60,10,0.0023598745322447323,0.002681247328534897,-0.008832993634965591,6,0.009367131283686686,6,-0.008962448331483464,1,1.8328637514684356,-0.01146932833252029,-0.027385948147445882,-0.5296149447210498,-0.5534565158127767,0.0801999228766095,0.016406849200639832,11.449480220983826
KOSDAQ,AMIHUD20_TOP05,PRE_STRESS_2016_2024,60,10,0.006324383884464102,0.006505657728061454,0.0050311453985008026,10,0.026059108424087304,10,0.00653878849445777,10,0.0026292862046926047,-0.008026810971560217,-0.0307210864538896,-0.5066335095933253,-0.5369992255871805,0.09365601407103039,0.0005632043842052671,9.609785689183731
KOSDAQ,TURNOVER20_LOW30,PRE_STRESS_2016_2024,60,10,0.009359488216279355,0.008637012718508762,0.00053432172499146,10,0.04303571338511906,10,0.009987685146189418,9,0.13406116393130496,-0.004597943805988269,-0.02764811266562095,-0.5018423362362272,-0.5415235579839968,0.11423994810482122,0.024562760303617495,9.739173761829143
KOSDAQ,TURNOVER20_TOP01_LOW30,PRE_STRESS_2016_2024,60,10,0.013998043229927204,0.012529721520655313,0.0054408001968022646,10,0.06137561749887188,10,0.015327873632915712,9,0.12934643096804344,-0.001996318644971462,-0.022942211417988467,-0.5005573966888723,-0.5408527647778976,0.12388909786541885,0.0426560931297214,9.730380588027174
KOSDAQ,ACT1_LOW05,YTD_2026,0,10,0.0008215385603590475,0.002363258537463253,-0.022075647489144368,6,0.0013121626884422533,6,0.0015179210864283421,9,0.09780635100487878,0.11709384879289964,-0.0517508945388796,-0.443114876874017,-0.4590110015467186,0.4833670040640236,0.21810931294184904,11.18063560316689
KOSDAQ,ACT5_LOW30,YTD_2026,0,10,-0.0007728748301075172,-0.016564595930698554,-0.16205451227058676,5,-0.0015927063128293867,5,0.010866702548018192,10,1.649389730781004,0.08363321941657342,-0.08088989284542514,-0.4306365095303536,-0.45311217139736026,0.4335614675664921,0.16465233003709537,12.832285743266908
KOSDAQ,AMIHUD20_TOP05,YTD_2026,0,10,-0.004041302992365048,-0.004372010801886572,-0.009506813798822789,1,-0.005933324830554615,1,3.885780586188048e-16,7,0.007439095176035693,0.10544182881964959,-0.08390357659249847,-0.44479782948882196,-0.46306000124805546,0.4659381522821504,0.1597681536111229,11.116751546158769
KOSDAQ,TURNOVER20_LOW30,YTD_2026,0,10,-0.0037235209371542233,0.006687614762430594,-0.03255947374779278,4,0.0019340818830595463,6,-0.013723019094328937,0,0.35592020156583715,0.10926517729378249,-0.044518227560499835,-0.4582476728430684,-0.4738101100168587,0.4769583149337622,0.24488084070378174,11.55151414013375
KOSDAQ,TURNOVER20_TOP01_LOW30,YTD_2026,0,10,-0.009742986663023201,0.0004906269381576567,-0.04514205556676498,4,-0.009396660940512197,4,-0.010865151397803752,0,0.3599801858618896,0.11157477885603329,-0.05970877473741576,-0.4558922514251529,-0.4755795507950764,0.4803311759986698,0.218713967062162,11.580306779531771
KOSDAQ,ACT1_LOW05,YTD_2026,30,10,0.0005794302925474781,0.001994026073150801,-0.0216578975490076,5,0.0010435807902754446,5,0.0014973163718272064,9,0.09780635100487878,0.08081115883071,-0.08375181430477174,-0.4464592436032467,-0.46235248747786606,0.42890188117350564,0.16274624248195466,11.18063560316689
KOSDAQ,ACT5_LOW30,YTD_2026,30,10,-0.005738034759326216,-0.021024459518937177,-0.16163257771476092,4,-0.010384024343618091,4,0.009884140816913467,10,1.649389730781004,0.04514279051403658,-0.11630788607902631,-0.43489879686200106,-0.4568052163596632,0.37368007335953163,0.1009124727826419,12.832285743266908
KOSDAQ,AMIHUD20_TOP05,YTD_2026,30,10,-0.003944430731158022,-0.004257735578157573,-0.009265074931106065,1,-0.005918166572330408,1,1.6653345369377348e-16,5,0.007439095176035693,0.06974667718934013,-0.11425974292299867,-0.44820698586714647,-0.46637486569698305,0.41179685920210546,0.10523469880104042,11.116751546158769
KOSDAQ,TURNOVER20_LOW30,YTD_2026,30,10,-0.004691693427480548,0.005267019801729733,-0.033355198912787376,4,0.0026731670786800943,6,-0.013521813116093018,0,0.35592020156583715,0.07243661046413041,-0.07737335519606436,-0.46152428926742434,-0.47713500742708204,0.4235985925520867,0.19056445138618014,11.55151414013375
KOSDAQ,TURNOVER20_TOP01_LOW30,YTD_2026,30,10,-0.010520125710571815,-0.0006994358166099834,-0.04557031940014844,4,-0.008300380716911332,4,-0.010857180595297222,0,0.3599801858618896,0.07473598522760316,-0.09200791995781143,-0.4588011638908994,-0.47887519069279627,0.4271172176826075,0.1643477064552656,11.580306779531771
KOSDAQ,ACT1_LOW05,YTD_2026,60,10,0.00035201229305614756,0.0016457377504568993,-0.02124353706980253,5,0.0007746952951504515,5,0.0014768815635297083,9,0.09780635100487878,0.045662350279591424,-0.11471419820403461,-0.4498177961701936,-0.46567754984828535,0.3743812228170158,0.10750260627590327,11.18063560316689
KOSDAQ,ACT5_LOW30,YTD_2026,60,10,-0.010358033721895588,-0.02516535101164987,-0.16106673109211878,4,-0.019201560908616164,4,0.009187295050053446,10,1.649389730781004,0.007323769551398351,-0.15041284163813085,-0.4391346772871972,-0.46047834526782105,0.3117388326241367,0.03731509961612496,12.832285743266908
KOSDAQ,AMIHUD20_TOP05,YTD_2026,60,10,-0.003849463185610247,-0.004146142880164838,-0.009028663203073162,1,-0.0059017667903480675,1,1.6653345369377348e-16,5,0.007439095176035693,0.03516030664295311,-0.14364865545874406,-0.4515994190443385,-0.46967344637419106,0.35760381170350297,0.05082557208186328,11.116751546158769
KOSDAQ,TURNOVER20_LOW30,YTD_2026,60,10,-0.005595378902128911,0.0039296659413831534,-0.034064270268678865,4,0.00340888871639225,6,-0.01343899622845357,0,0.35592020156583715,0.03678364412376178,-0.10914222086263159,-0.46478508811647445,-0.48044316936194276,0.3701794993429065,0.13635456486380595,11.55151414013375
KOSDAQ,TURNOVER20_TOP01_LOW30,YTD_2026,60,10,-0.01118389391639335,-0.001814360899588574,-0.045921955130911796,4,-0.007200346350022757,4,-0.010848977459633258,0,0.3599801858618896,0.03907092478790364,-0.1232402947455612,-0.4616977280213626,-0.48215434153654746,0.3738430232609209,0.11009001007084863,11.580306779531771
KOSPI_EX_K200,ACT5_LOW10,BULL_2025,0,10,0.0015405965251745757,0.00637122926796172,-0.01740905615651278,5,0.016435994569949264,6,0.0035715206276442646,7,0.4644401348817908,0.48456920524029345,0.425311721571644,-0.13695715225679234,-0.15178059409141964,1.9649038456953223,1.790071858639726,8.595641433938109
KOSPI_EX_K200,ADV20_LOW10,BULL_2025,0,10,0.000408405093287767,0.0011381569641264022,-0.0045841704757603186,5,-0.002637466067218819,5,0.0,4,0.006085439419754479,0.47627520233399934,0.43556265581487463,-0.14033854858835515,-0.15198717469391532,1.9087061801990144,1.8149427051236815,8.173194277049443
KOSPI_EX_K200,AMIHUD20_TOP05,BULL_2025,0,10,0.0005875106945241182,-0.0007346538645853773,-0.010313068965200678,6,-0.0013833216696597095,5,5.551115123125783e-17,5,0.014880383240972073,0.47423765257549455,0.43322414623473104,-0.14033854858835515,-0.15153729735356491,1.9040780451496708,1.809597550080507,8.175626439347248
KOSPI_EX_K200,TURNOVER20_TOP01,BULL_2025,0,10,0.0225722774492485,0.022714600938172503,0.013111465086373508,10,0.07901385582858789,10,0.00772587560086363,10,-0.020630332292681075,0.4966722495942467,0.4527008525237719,-0.13289863837189891,-0.14608589619032153,1.990456287499597,1.8927480032172195,8.126919685209014
KOSPI_EX_K200,TURNOVER20_TOP01_LOW10,BULL_2025,0,10,0.020167952851179338,0.017329813535072392,-0.003066038608475541,9,0.05748003234129895,8,0.005447767704816864,9,0.02914432414818524,0.48868638084272165,0.45035785429539654,-0.13523771976916066,-0.14624358788762515,1.9484371633044426,1.8616760456565418,8.172834739934785
KOSPI_EX_K200,ACT5_LOW10,BULL_2025,30,10,-0.0005616273490699486,0.004214009468759672,-0.019618351222407293,5,0.008788941488616198,6,0.0033276654731427824,7,0.4644401348817908,0.44693306516896847,0.38781891271338886,-0.13934196874595484,-0.1543205359277492,1.8456457739480379,1.6624575469209129,8.595641433938109
KOSPI_EX_K200,ADV20_LOW10,BULL_2025,30,10,0.000420499235733951,0.001076558143793993,-0.004500976699753911,5,-0.0023150419109947418,5,-1.6653345369377348e-16,3,0.006085439419754479,0.4406929326089596,0.40057204883216846,-0.14271757921297834,-0.1542795048786404,1.7981958895081047,1.6994109752341722,8.173194277049443
KOSPI_EX_K200,AMIHUD20_TOP05,BULL_2025,30,10,0.000538537836193731,-0.0007884227061066395,-0.010181386660249148,6,-0.0012182722897464693,5,-1.1102230246251565e-16,4,0.014880383240972073,0.43864941949510294,0.3982482312241784,-0.14271757921297834,-0.15384715574252195,1.7933123662463302,1.6937807495401027,8.175626439347248
KOSPI_EX_K200,TURNOVER20_TOP01,BULL_2025,30,10,0.022357735153020752,0.022300551182355167,0.012851257052486353,10,0.07889879282946577,10,0.007737367511923499,10,-0.020630332292681075,0.46090128796078056,0.41760629751848466,-0.1353472189850075,-0.14846708176642354,1.8767070937418113,1.776725003180001,8.126919685209014
KOSPI_EX_K200,TURNOVER20_TOP01_LOW10,BULL_2025,30,10,0.019254883771038234,0.0168157923963685,-0.0033486654126411164,9,0.05804194394878692,8,0.005463632374580363,9,0.02914432414818524,0.45292530297036393,0.4150236231408224,-0.1375243170465047,-0.14856591244646578,1.8363769155922942,1.7447038085151778,8.172834739934785
KOSPI_EX_K200,ACT5_LOW10,BULL_2025,60,10,-0.002562889622405473,0.0021565585223775495,-0.021709012440125575,4,0.0010609265620364905,6,0.0030844617405643704,7,0.4644401348817908,0.4102132417962241,0.35127336695767464,-0.14212221437408817,-0.15685546813924967,1.7251902138704787,1.5340786697111155,8.595641433938109
KOSPI_EX_K200,ADV20_LOW10,BULL_2025,60,10,0.0004317647739418007,0.0010171864952400523,-0.004419107686908896,5,-0.0019832370688253054,5,-1.6653345369377348e-16,3,0.006085439419754479,0.4059343131044155,0.36640016422361654,-0.14517817388214005,-0.15656772578024236,1.6865586047208536,1.5828855409070783,8.173194277049443
KOSPI_EX_K200,AMIHUD20_TOP05,BULL_2025,60,10,0.0004915018971161089,-0.0008392697673005323,-0.010050114755679962,6,-0.0010593871057140714,5,-1.6653345369377348e-16,3,0.014880383240972073,0.4038862402208363,0.36409167205864756,-0.14517817388214005,-0.1561528449309536,1.6814110720383586,1.5769624986040112,8.175626439347248
KOSPI_EX_K200,TURNOVER20_TOP01,BULL_2025,60,10,0.022140412175787105,0.02189295105971909,0.01259578257987437,10,0.0787264060104873,10,0.007748764463990587,10,-0.020630332292681075,0.4259512981358603,0.3833256102302678,-0.13779119002369533,-0.15084385444212234,1.7652038416425486,1.6596747255346185,8.126919685209014
KOSPI_EX_K200,TURNOVER20_TOP01_LOW10,BULL_2025,60,10,0.018373547861394002,0.016316000515349583,-0.0036163754799980463,9,0.05810998609842266,8,0.005479417404384457,9,0.02914432414818524,0.41798926239531187,0.3805160029915393,-0.13982367549292496,-0.1508840370102319,1.7228710166089178,1.6269813428130626,8.172834739934785
KOSPI_EX_K200,ACT5_LOW10,EARLY_2016_2019,0,10,0.004191527925212601,0.005036265402829865,0.0008091192586032747,10,0.026096096912911284,10,0.009266810572651885,10,0.42931874308052365,-0.022124601519995124,-0.04020329512178089,-0.32453595070917685,-0.3365888685499655,-0.06130189877059679,-0.1814334528078065,8.40249736273802
KOSPI_EX_K200,ADV20_LOW10,EARLY_2016_2019,0,10,0.0013975919303114148,0.0016118010604275978,-0.0010770276846614468,9,0.00948627500769881,9,0.0017676418622102341,7,-0.005030311081753336,-0.028719053737052636,-0.03942397510969775,-0.3364859906402733,-0.3485301636480991,-0.1031975526541005,-0.1753118542115179,7.974463205390979
KOSPI_EX_K200,AMIHUD20_TOP05,EARLY_2016_2019,0,10,0.0018416573600104624,0.0018981577333852528,0.00011476056447601302,10,0.011808839923049708,10,0.0014028941645396475,8,0.015741036138392506,-0.028073861860048066,-0.0396812057344863,-0.3355648010510469,-0.3472492311922062,-0.09997884309334201,-0.17848022549168147,7.994181884403478
KOSPI_EX_K200,TURNOVER20_TOP01,EARLY_2016_2019,0,10,0.009138157657635038,0.009615094019097015,0.0052949241874072905,10,0.058496164520389964,10,0.012027193543094172,10,0.016415939621277076,-0.021058565058082235,-0.0316935553997324,-0.32594207635333694,-0.3360017222021283,-0.05560846932152874,-0.12528643612230914,7.998331573622625
KOSPI_EX_K200,TURNOVER20_TOP01_LOW10,EARLY_2016_2019,0,10,0.008067881384523523,0.008151819110405134,0.0016122181775098943,10,0.054437369532873606,10,0.010791082844030908,10,0.057585160982987826,-0.020631975768277855,-0.034592397220399085,-0.3294579299890506,-0.3390918316565159,-0.04905216637007437,-0.1392718932276337,8.041753045873953
KOSPI_EX_K200,ACT5_LOW10,EARLY_2016_2019,30,10,0.002937874381601424,0.00374156446299716,-0.0004176433458223938,9,0.01829410131251491,9,0.008036439945973972,10,0.42931874308052365,-0.04638687362309862,-0.06413659799418903,-0.34301951380324935,-0.3547996385353962,-0.21929783898851601,-0.34114728990360516,8.40249736273802
KOSPI_EX_K200,ADV20_LOW10,EARLY_2016_2019,30,10,0.0013940196900494306,0.0015897045700714596,-0.0010196185246957867,9,0.009895662134425443,9,0.0017442429032830664,7,-0.005030311081753336,-0.05168006695427524,-0.06227124962831898,-0.35377207686059176,-0.36557354673088394,-0.25320152237812277,-0.326492120838216,7.974463205390979
KOSPI_EX_K200,AMIHUD20_TOP05,EARLY_2016_2019,30,10,0.0017398585947902,0.001808256195917579,7.747519546230652e-05,10,0.011321319480681463,10,0.00135231529914015,8,0.015741036138392506,-0.05102506073082452,-0.062401008693724114,-0.3536474366351123,-0.3643582989864065,-0.2502862524694302,-0.33016860599430387,7.994181884403478
KOSPI_EX_K200,TURNOVER20_TOP01,EARLY_2016_2019,30,10,0.008877562730949973,0.009336694105407616,0.005207320665994164,10,0.057496432340384346,10,0.011482038791541749,10,0.016415939621277076,-0.04423879930471858,-0.054730408475323844,-0.3441179864758467,-0.3533670902505507,-0.20713565341489826,-0.27843264160737846,7.998331573622625
KOSPI_EX_K200,TURNOVER20_TOP01_LOW10,EARLY_2016_2019,30,10,0.00773385817536848,0.007787613672199633,0.0014091733560408493,10,0.05482159700681195,10,0.010042377188815177,10,0.057585160982987826,-0.043909878962784865,-0.05775706523654667,-0.34749934748248257,-0.35657644010270895,-0.19847248096138553,-0.291171552217405,8.041753045873953
KOSPI_EX_K200,ACT5_LOW10,EARLY_2016_2019,60,10,0.0017404747940514276,0.002504569133209822,-0.0015876825628236002,9,0.010651882550395314,8,0.006864576705865433,10,0.42931874308052365,-0.07007168359077975,-0.08749746229667554,-0.36116590768441437,-0.3731356521460174,-0.3766860148505313,-0.4999918621581033,8.40249736273802
KOSPI_EX_K200,ADV20_LOW10,EARLY_2016_2019,60,10,0.0013898342960473875,0.00156774475958954,-0.0009642291554042837,9,0.010288016950699641,9,0.0018216315524316462,7,-0.005030311081753336,-0.07404834067812327,-0.08459741592427739,-0.37060461947270723,-0.3821868429336006,-0.40263087496454775,-0.47781788257479546,7.974463205390979
KOSPI_EX_K200,AMIHUD20_TOP05,EARLY_2016_2019,60,10,0.0016417051579744601,0.0017214344657109804,4.183144268454786e-05,10,0.0108265764373347,10,0.0013033968736906876,8,0.015741036138392506,-0.07345652015573012,-0.08469119403506964,-0.3712274499062443,-0.3810348065428768,-0.4000534220811363,-0.48109087127174327,7.994181884403478
KOSPI_EX_K200,TURNOVER20_TOP01,EARLY_2016_2019,60,10,0.008623887589703005,0.009065785905837198,0.005120862149957883,10,0.056461729842989444,10,0.010878243852507463,10,0.016415939621277076,-0.06689268721698177,-0.07724169914513968,-0.36167673335745754,-0.37029439985626567,-0.35810884099686996,-0.431400355702061,7.998331573622625
KOSPI_EX_K200,TURNOVER20_TOP01_LOW10,EARLY_2016_2019,60,10,0.0074107104745749774,0.007435648092241653,0.0012145181823772777,10,0.05516007741304227,10,0.009292492350548964,10,0.057585160982987826,-0.06665718830810868,-0.08038866842715597,-0.3648247983706986,-0.37361484176094506,-0.3480722418021305,-0.44287096805945136,8.041753045873953
KOSPI_EX_K200,ACT5_LOW10,FULL_2016_2026,0,10,0.009346632208765193,0.00949613064435979,0.006957528654772505,10,0.038855133633602434,10,0.0024504271510620845,10,0.41276948809151115,0.0889330867417919,0.07967947869832748,-0.5666656694625586,-0.5809714654991763,0.496578607925508,0.458864479986123,8.681350355484735
KOSPI_EX_K200,ADV20_LOW10,FULL_2016_2026,0,10,0.003857687918966568,0.004076816280066042,0.0014798582303570118,10,0.015275368198314876,10,-0.00021360259796493475,4,0.0048815039572662755,0.08275146449923465,0.07441053860420199,-0.5735624662637645,-0.5880284127664523,0.46884665400903813,0.43368995384233616,8.291853856431612
KOSPI_EX_K200,AMIHUD20_TOP05,FULL_2016_2026,0,10,0.003670589527893453,0.004028426384003869,0.0015902259419002807,10,0.01528364517029121,10,1.3650031340239899e-05,5,0.0025380134924448683,0.08314926397348577,0.07519029610773842,-0.5724343157852148,-0.5874218644217786,0.47105224040365545,0.4372515085259993,8.288776126070871
KOSPI_EX_K200,TURNOVER20_TOP01,FULL_2016_2026,0,10,0.009712005356625086,0.010386602823748325,0.005752825308326992,10,0.0416170797327248,10,0.012364080512710818,10,0.01017774271202665,0.08956560605767694,0.08185714054408888,-0.5596399968116303,-0.5751030755791192,0.4990332384074212,0.4681564647087864,8.293654404648507
KOSPI_EX_K200,TURNOVER20_TOP01_LOW10,FULL_2016_2026,0,10,0.009020684414945745,0.009351887970806794,0.0024557803024019,10,0.034309073645447136,10,0.010156856517157864,10,0.06969184216888635,0.08812152421780517,0.08178671002510374,-0.5603225206247394,-0.578139184294252,0.4892114229706025,0.4635666262282886,8.355374358858835
KOSPI_EX_K200,ACT5_LOW10,FULL_2016_2026,30,10,0.007831663297725666,0.007965721032376494,0.005406340368492302,10,0.03330061683803373,10,0.0015881502077652043,8,0.41276948809151115,0.06092004728436984,0.05195927955717616,-0.5845963048755008,-0.5986312035800245,0.3787491899368532,0.34079279318351413,8.681350355484735
KOSPI_EX_K200,ADV20_LOW10,FULL_2016_2026,30,10,0.0037344473542150203,0.003957881759881143,0.0014269019005344052,10,0.015443386811564597,10,-0.00016990070053896078,4,0.0048815039572662755,0.05616389971786595,0.04796622569159292,-0.5899625604203841,-0.6046788850118148,0.35749901746872537,0.3222334719012376,8.291853856431612
KOSPI_EX_K200,AMIHUD20_TOP05,FULL_2016_2026,30,10,0.0035542613162777847,0.003915152671015831,0.0015495411263397596,10,0.015204686528910438,10,1.8447513101205182e-05,5,0.0025380134924448683,0.05649675186269998,0.0487281351578388,-0.5890476696091977,-0.6041246367205406,0.3592037695467206,0.32563175898635816,8.288776126070871
KOSPI_EX_K200,TURNOVER20_TOP01,FULL_2016_2026,30,10,0.009449825958322888,0.01010454766705129,0.0055622975840707856,10,0.041053307047271226,10,0.011835884069204383,10,0.01017774271202665,0.06285854333436125,0.055375780321781365,-0.577029575144894,-0.5922443051735653,0.38701491760917794,0.35557766422953563,8.293654404648507
KOSPI_EX_K200,TURNOVER20_TOP01_LOW10,FULL_2016_2026,30,10,0.00861744315460311,0.00892135878045679,0.0021835364493334453,10,0.034761120687056,10,0.009650956188908377,10,0.06969184216888635,0.06128865392897653,0.05509552359285608,-0.5778634041296161,-0.5953688793649707,0.3780202981747758,0.35207507910244723,8.355374358858835
KOSPI_EX_K200,ACT5_LOW10,FULL_2016_2026,60,10,0.006384577758806964,0.0065035673074934856,0.003846099806203984,10,0.027737033867007474,10,0.0007911907151175734,6,0.41276948809151115,0.03359897712090243,0.02492245165628848,-0.6018095448007317,-0.6155632090932273,0.2608284621292237,0.22282917673609562,8.681350355484735
KOSPI_EX_K200,ADV20_LOW10,FULL_2016_2026,60,10,0.0036147831600374936,0.0038421987728832984,0.0013755905575307814,10,0.015604373564934979,10,-6.548188646021691e-05,5,0.0048815039572662755,0.030203144547292005,0.022146785123090762,-0.6057462453176763,-0.6206713455640964,0.24589692026300278,0.21080253120710107,8.291853856431612
KOSPI_EX_K200,AMIHUD20_TOP05,FULL_2016_2026,60,10,0.00344129877088184,0.0038048950653674306,0.001509851417758279,10,0.015118417055052541,10,2.2864722589055475e-05,5,0.0025380134924448683,0.03047390498528102,0.022891239985159073,-0.6050301220264815,-0.6201662282260287,0.24712146167594895,0.21403507446869088,8.288776126070871
KOSPI_EX_K200,TURNOVER20_TOP01,FULL_2016_2026,60,10,0.009194386647254471,0.009829787001949008,0.005377433573769075,10,0.040469729427104015,10,0.011329795868265657,10,0.01017774271202665,0.03681001114131688,0.029516727241274632,-0.5939568930649403,-0.6087093850087995,0.2748765625826652,0.2430830408248098,8.293654404648507
KOSPI_EX_K200,TURNOVER20_TOP01_LOW10,FULL_2016_2026,60,10,0.008228025855075094,0.008505785376189578,0.0019227683435987242,10,0.035646078365667314,10,0.009168627571973453,10,0.06969184216888635,0.03509108773942837,0.029036605849413144,-0.5944811201596222,-0.6119105022224296,0.2667385226407537,0.24066477724543484,8.355374358858835
KOSPI_EX_K200,ACT5_LOW10,LATE_2020_2022,0,10,0.00825993075815179,0.0030518638301604726,-0.01779937620040717,6,0.028399476018751035,6,-0.0008256871148196177,0,0.3782735496309453,0.1288796499571433,0.10024965228444538,-0.41750905718904635,-0.42052659447100926,0.6141804828182917,0.5099024607082279,8.817871782828323
KOSPI_EX_K200,ADV20_LOW10,LATE_2020_2022,0,10,0.0013536415529826762,0.001303623782891994,-0.0026725917803067656,6,0.0028805110159141334,6,-0.0020792288790221214,0,0.013978880097765156,0.13209633447455793,0.085793968664998,-0.41809910358137714,-0.421408756641796,0.6240995494404215,0.4559500628373191,8.459971030458936
KOSPI_EX_K200,AMIHUD20_TOP05,LATE_2020_2022,0,10,0.002272853267663688,0.0023494039188401094,-0.00036792024309262317,9,0.007714864181207953,8,-0.0008133918467387868,0,-0.004794226548859193,0.1304853919719472,0.08901452299381263,-0.4173838559524963,-0.421408756641796,0.6191750883525984,0.46838545103398227,8.444473544839834
KOSPI_EX_K200,TURNOVER20_TOP01,LATE_2020_2022,0,10,0.004520960353716297,0.0024509911390324436,-0.005859317751134796,6,0.01691221774183188,6,7.019965964516484e-05,5,0.019094027795478752,0.12818766477572485,0.08336830405997153,-0.4146298157716429,-0.4189701379709123,0.6126615933329946,0.44870620407114575,8.492172289097635
KOSPI_EX_K200,TURNOVER20_TOP01_LOW10,LATE_2020_2022,0,10,0.006244098038990509,0.006456749136969408,-0.001823121777789094,9,0.016474557028918535,9,-0.0027740283956149137,3,0.08229519594916379,0.13582361421994826,0.09083367447231572,-0.41820106697656967,-0.4266289062709955,0.6296672523710098,0.47266250184303127,8.546012441320734
KOSPI_EX_K200,ACT5_LOW10,LATE_2020_2022,30,10,0.0068300250845553245,0.0017204865748166932,-0.018575587223347068,6,0.02421261803714686,6,-0.0008623007209147548,0,0.3782735496309453,0.09912826517038331,0.07154107356291384,-0.4198240581381581,-0.42282166331468707,0.5061864919116341,0.40358458462099184,8.817871782828323
KOSPI_EX_K200,ADV20_LOW10,LATE_2020_2022,30,10,0.0012443915493005608,0.0012314622991061118,-0.002656304358883199,6,0.003111456563692494,6,-0.002071066776460573,0,0.013978880097765156,0.10369520394367016,0.05855377853960708,-0.4203739091036271,-0.4241245383878701,0.5219077500315574,0.35409811347046005,8.459971030458936
KOSPI_EX_K200,AMIHUD20_TOP05,LATE_2020_2022,30,10,0.0022035558719750714,0.002297924940600593,-0.00032665090583683387,9,0.007850768389444679,8,-0.0008078479540258865,0,-0.004794226548859193,0.10216434106859251,0.06171910504016642,-0.4195587002849938,-0.4241245383878701,0.5169066415183676,0.3663881848881222,8.444473544839834
KOSPI_EX_K200,TURNOVER20_TOP01,LATE_2020_2022,30,10,0.004425386615507065,0.0023210417854468758,-0.00576467024369931,6,0.01678088981590209,6,5.628448749256387e-05,5,0.019094027795478752,0.09985145513204408,0.05621020849012259,-0.41686462940761176,-0.42139993141148535,0.5096381850006138,0.34605740658087075,8.492172289097635
KOSPI_EX_K200,TURNOVER20_TOP01_LOW10,LATE_2020_2022,30,10,0.0056939916185407835,0.006013569181956391,-0.001956466469183793,9,0.01682860136414846,9,-0.00279085891494002,3,0.08229519594916379,0.1068809858334,0.06331086729235302,-0.42066113257974264,-0.4289580444360883,0.5286065202521848,0.37109522158066593,8.546012441320734
KOSPI_EX_K200,ACT5_LOW10,LATE_2020_2022,60,10,0.005466025553146681,0.0004528381226929001,-0.019302467188610173,6,0.020011388192176793,6,-0.0008835344060110217,1,0.3782735496309453,0.07013038565509211,0.0435520529510256,-0.4220640314687115,-0.42510993530343255,0.3981883657093901,0.29695144140938945,8.817871782828323
KOSPI_EX_K200,ADV20_LOW10,LATE_2020_2022,60,10,0.0011395828443501177,0.0011620097219807945,-0.0026391695465790566,6,0.003344733033612962,6,-0.0021530291773135257,0,0.013978880097765156,0.07597850145146123,0.03197001470434224,-0.42267780369316504,-0.42683020452539766,0.4196128182805058,0.2519615644322177,8.459971030458936
KOSPI_EX_K200,AMIHUD20_TOP05,LATE_2020_2022,60,10,0.002136235572403944,0.002247519510310503,-0.00028711971348349685,9,0.00798523243041907,8,-0.0006749079197272967,1,-0.004794226548859193,0.0745248263387287,0.035080829129480184,-0.42164641343098924,-0.42683020452539766,0.4145372598249717,0.2640964246725646,8.444473544839834
KOSPI_EX_K200,TURNOVER20_TOP01,LATE_2020_2022,60,10,0.004331635807296563,0.002195873372836754,-0.0056710481161628135,6,0.016628975914321276,6,4.2474165811878795e-05,5,0.019094027795478752,0.07219888583160916,0.029706044710810176,-0.420982141136773,-0.42413477452289294,0.406518281125278,0.24311740116643657,8.492172289097635
KOSPI_EX_K200,TURNOVER20_TOP01_LOW10,LATE_2020_2022,60,10,0.005166684013342304,0.005587932250108585,-0.0020823328686356835,9,0.01717994983674556,9,-0.0038188323348832265,3,0.08229519594916379,0.07886958668011224,0.03645507958573124,-0.42622318757822847,-0.4312801193575676,0.4273714191825021,0.26925089361513865,8.546012441320734
KOSPI_EX_K200,ACT5_LOW10,NORMAL_2023_2024,0,10,0.022852723564457667,0.020401379989327582,0.004880468793564852,10,0.11303445268844295,10,0.002642759246763937,6,0.3528140312831951,0.11821540825759547,0.07383364635758771,-0.2060168698143683,-0.22027579331742986,0.6894955836661104,0.475256839069575,8.883827967928653
KOSPI_EX_K200,ADV20_LOW10,NORMAL_2023_2024,0,10,0.009377447384038451,0.010500910007168619,0.0053425158237931925,10,0.04415889239815607,10,-0.000552053367700811,3,0.01496935234673824,0.10229953072180864,0.05949733080089059,-0.2050488171847803,-0.2247584072172798,0.6145506312835678,0.4024366899227818,8.552482455404608
KOSPI_EX_K200,AMIHUD20_TOP05,NORMAL_2023_2024,0,10,0.008553364513038453,0.00895844573364537,0.003058930401277138,10,0.04007996849509571,10,-0.0001858773454091467,5,-0.0198294146803617,0.1023599354150172,0.057612042357092275,-0.20439432370581717,-0.22374918310965652,0.6116912543971305,0.3929680180484779,8.523964842974026
KOSPI_EX_K200,TURNOVER20_TOP01,NORMAL_2023_2024,0,10,0.01213073695707434,0.012118266624666262,0.003518978177009302,10,0.06515490331072787,10,0.002256197163607976,8,-0.028827719852917433,0.10382182334916479,0.06534844162982778,-0.20224799723789516,-0.21999996504493213,0.6234374957171479,0.4345475846217445,8.505091413275732
KOSPI_EX_K200,TURNOVER20_TOP01_LOW10,NORMAL_2023_2024,0,10,0.011407569130128303,0.010864761825058179,0.0025823196697154494,10,0.046688364294887374,10,-0.005191499833458069,1,0.047200240089216194,0.10576790679557202,0.058580181543195664,-0.20942396005151137,-0.22404425284829677,0.6283317647132468,0.39746108725883467,8.584298549812718
KOSPI_EX_K200,ACT5_LOW10,NORMAL_2023_2024,30,10,0.02111627006115624,0.018628899904565354,0.003803713414157972,10,0.10658640359614675,10,0.004792576988098041,8,0.3528140312831951,0.0888336064180395,0.0455663743255319,-0.2148529085035255,-0.22915017082172318,0.5474336391928747,0.33285137663260794,8.883827967928653
KOSPI_EX_K200,ADV20_LOW10,NORMAL_2023_2024,30,10,0.00907963728684602,0.010194239987631692,0.0051449879261358245,10,0.04410748265550335,10,2.7796907746679977e-06,5,0.01496935234673824,0.0745627308103961,0.03261669028439873,-0.2173145781499748,-0.23307564783245782,0.4770375110395673,0.26577474326998063,8.552482455404608
KOSPI_EX_K200,AMIHUD20_TOP05,NORMAL_2023_2024,30,10,0.008367980440059597,0.008796366395671319,0.0030541419409941817,10,0.04057003283409011,10,0.00031798359499485285,6,-0.0198294146803617,0.07469944685205965,0.030898677037584976,-0.21493975473180704,-0.23255022690972293,0.47671673077338994,0.2568938700130488,8.523964842974026
KOSPI_EX_K200,TURNOVER20_TOP01,NORMAL_2023_2024,30,10,0.011844781556356487,0.011906129786411012,0.0035334409476859285,10,0.0633835311262127,10,0.004025630266750346,8,-0.028827719852917433,0.07615256717759766,0.03843851352289862,-0.210764742329613,-0.22805876944126136,0.48712138801500654,0.29696784918456165,8.505091413275732
KOSPI_EX_K200,TURNOVER20_TOP01_LOW10,NORMAL_2023_2024,30,10,0.011007317764768154,0.010455831112787407,0.0023304369141898817,10,0.048441115720885,10,-0.0029256315560518553,4,0.047200240089216194,0.07768691470056488,0.03157430756069779,-0.21792735249619255,-0.232965712072846,0.4917534786137713,0.2602610063599309,8.584298549812718
KOSPI_EX_K200,ACT5_LOW10,NORMAL_2023_2024,60,10,0.0193933857036932,0.01693135928647458,0.002775766971614635,10,0.1000211477151369,10,0.005686160038407717,9,0.3528140312831951,0.06019374211169548,0.018014080806906474,-0.22387172456218268,-0.24635310817221034,0.405320148659716,0.18980586470576313,8.883827967928653
KOSPI_EX_K200,ADV20_LOW10,NORMAL_2023_2024,60,10,0.008790542041891558,0.00989602372762488,0.0049537640798391624,10,0.044045042139611745,10,0.004414523400626202,7,0.01496935234673824,0.04749654483293808,0.006391342514788789,-0.23173957058995892,-0.2611320051346684,0.3409642147136688,0.1285254095577075,8.552482455404608
KOSPI_EX_K200,AMIHUD20_TOP05,NORMAL_2023_2024,60,10,0.008216589856702261,0.008636673343985412,0.0030476761529965035,10,0.041042228932549205,10,0.003294118754325781,6,-0.0198294146803617,0.04770589363294997,0.004833631947834149,-0.2316831611814572,-0.2632949408691363,0.3417410179427529,0.12024687697091384,8.523964842974026
KOSPI_EX_K200,TURNOVER20_TOP01,NORMAL_2023_2024,60,10,0.011565298808221547,0.011696879791293701,0.003544986477466816,10,0.06154652570195146,10,0.006904559337250982,9,-0.028827719852917433,0.04914978568687267,0.012181716784144703,-0.22434565469795253,-0.24985993937292328,0.35077824791563456,0.15881716148461875,8.505091413275732
KOSPI_EX_K200,TURNOVER20_TOP01_LOW10,NORMAL_2023_2024,60,10,0.010619533365110567,0.010060133551844385,0.002089280477322708,10,0.0501135684699171,10,0.0006597708368271671,5,0.047200240089216194,0.05029117671818162,0.005230459961799827,-0.2288486991225408,-0.26396825470524055,0.3550304135509153,0.12249547717153297,8.584298549812718
KOSPI_EX_K200,ACT5_LOW10,PRE_STRESS_2016_2024,0,10,0.007202890527834405,0.0077442859811231776,0.0023963752625790757,10,0.034112672567741226,10,0.0024504271510620845,10,0.3982872236860473,0.05869713747343175,0.04565284371087697,-0.5666656694625586,-0.5809714654991763,0.3869738340900516,0.32439789789874746,8.655448089419332
KOSPI_EX_K200,ADV20_LOW10,PRE_STRESS_2016_2024,0,10,0.003180044027211837,0.0034130288678750455,0.0010839271182263577,10,0.01479895878371279,10,-0.00021360259796493475,4,0.0016173820878382372,0.050210657361711264,0.04434039556652425,-0.5735624662637645,-0.5880284127664523,0.34583763476331564,0.31758285798463015,8.269384973482596
KOSPI_EX_K200,AMIHUD20_TOP05,PRE_STRESS_2016_2024,0,10,0.0038661051240210798,0.003558017821398396,0.0013917473036653139,10,0.018432966098096082,10,1.3650031340239899e-05,5,-0.0018723324168368194,0.051807811143427474,0.04520609278285437,-0.5724343157852148,-0.5874218644217786,0.35370460838080653,0.3219611883029129,8.26571910558181
KOSPI_EX_K200,TURNOVER20_TOP01,PRE_STRESS_2016_2024,0,10,0.008346831999597515,0.00790217975176304,0.0031172116125939286,10,0.040721690031869234,10,0.012364080512710818,10,0.010091555946631914,0.05653028858681186,0.050331140955925946,-0.5596399968116303,-0.5751030755791192,0.37760564184597767,0.34811567531527216,8.276315833803487
KOSPI_EX_K200,TURNOVER20_TOP01_LOW10,PRE_STRESS_2016_2024,0,10,0.008776571161142388,0.008214241177576275,0.0022587954712141034,10,0.03917027166259063,10,0.010156856517157864,10,0.06788821259683964,0.05677664094533863,0.04882971959866911,-0.5603225206247394,-0.578139184294252,0.3757736946033844,0.33746363177675237,8.331696540275004
KOSPI_EX_K200,ACT5_LOW10,PRE_STRESS_2016_2024,30,10,0.0056633981363721775,0.006334206347071714,0.0011124951460537158,10,0.02744141171160136,10,0.0015881502077652043,8,0.3982872236860473,0.03162183280641395,0.01873086380890432,-0.5845963048755008,-0.5986312035800245,0.25675525103926616,0.19370719299409433,8.655448089419332
KOSPI_EX_K200,ADV20_LOW10,PRE_STRESS_2016_2024,30,10,0.0030898723935443018,0.003315234990573246,0.0010131533992918662,10,0.015125402133870217,10,-0.00016990070053896078,4,0.0016173820878382372,0.02451951682171416,0.01863152206214247,-0.5899625604203841,-0.6046788850118148,0.22193173716600217,0.19326191012966176,8.269384973482596
KOSPI_EX_K200,AMIHUD20_TOP05,PRE_STRESS_2016_2024,30,10,0.0037579964491727402,0.003465365887411398,0.0013640942574972836,10,0.01841964772328275,10,1.8447513101205182e-05,5,-0.0018723324168368194,0.02602109302377953,0.019504195621892872,-0.5890476696091977,-0.6041246367205406,0.2293275796395013,0.19752541482355343,8.26571910558181
KOSPI_EX_K200,TURNOVER20_TOP01,PRE_STRESS_2016_2024,30,10,0.008112409996794745,0.007683292881101656,0.003005681821548256,10,0.03987390563788501,10,0.011835884069204383,10,0.010091555946631914,0.03045806329429046,0.024633170319657616,-0.577029575144894,-0.5922443051735653,0.25138330535939446,0.22270551679349196,8.276315833803487
KOSPI_EX_K200,TURNOVER20_TOP01_LOW10,PRE_STRESS_2016_2024,30,10,0.008404494252909345,0.007814871500810195,0.0019976784461082087,10,0.04008982865818192,10,0.009650956188908377,10,0.06788821259683964,0.030643623875951986,0.022815568099894268,-0.5778634041296161,-0.5953688793649707,0.25143129198405745,0.21356026628359237,8.331696540275004
KOSPI_EX_K200,ACT5_LOW10,PRE_STRESS_2016_2024,60,10,0.004236985148503292,0.004987516227785926,-0.00011071884743918403,9,0.020886325838288464,9,0.0007911907151175734,6,0.3982872236860473,0.005211364530594675,-0.007525645653821633,-0.6018095448007317,-0.6155632090932273,0.12636920313245564,0.06314607423738404,8.655448089419332
KOSPI_EX_K200,ADV20_LOW10,PRE_STRESS_2016_2024,60,10,0.003002117065051324,0.0032200801573374683,0.0009450948008559168,10,0.015447165157374897,10,-6.548188646021691e-05,5,0.0016173820878382372,-0.000559015128505369,-0.006469832005526532,-0.6057462453176763,-0.6206713455640964,0.0979909804823704,0.06905313921279481,8.269384973482596
KOSPI_EX_K200,AMIHUD20_TOP05,PRE_STRESS_2016_2024,60,10,0.0036527560325302355,0.003375032467949257,0.0013369426648318639,10,0.018449174060106766,10,2.2864722589055475e-05,5,-0.0018723324168368194,0.0008412825799663515,-0.005591009814360892,-0.6050301220264815,-0.6201662282260287,0.1047936255119151,0.07319919732477162,8.26571910558181
KOSPI_EX_K200,TURNOVER20_TOP01,PRE_STRESS_2016_2024,60,10,0.007884220996157543,0.00747016038506042,0.002897617974862099,10,0.039007643050978494,10,0.011329795868265657,10,0.010091555946631914,0.005003521907405606,-0.0004612519070932297,-0.5939568930649403,-0.6087093850087995,0.12500407733012342,0.09742098196507314,8.276315833803487
KOSPI_EX_K200,TURNOVER20_TOP01_LOW10,PRE_STRESS_2016_2024,60,10,0.008044933437539703,0.007429633144010528,0.0017476172877650686,10,0.04097941053565342,10,0.009168627571973453,10,0.06788821259683964,0.005131001455299766,-0.00257918581813954,-0.5944811201596222,-0.6119105022224296,0.12692479136167048,0.08976199163493845,8.331696540275004
KOSPI_EX_K200,ACT5_LOW10,YTD_2026,0,10,0.03998876645399885,0.037393958435824125,0.006883330334729099,10,0.08510869004937126,10,0.010880374245139046,10,0.48814185955965606,0.0015106450862027998,-0.07808857275110093,-0.36997142656248333,-0.38169382890167625,0.22762295943656033,0.03858877553500231,9.207016129584048
KOSPI_EX_K200,ADV20_LOW10,YTD_2026,0,10,0.014966376662378489,0.016008471364201582,0.0004965013780477978,10,0.03341330462190813,10,0.007492765994671635,10,0.019606186456236685,-0.016777725822544,-0.08341363291488268,-0.37543117694005684,-0.3860305692080367,0.18990270796360156,0.030665279634473932,8.751432459781341
KOSPI_EX_K200,AMIHUD20_TOP05,YTD_2026,0,10,0.01515166018826869,0.015264070092115977,-0.00037627260952555197,9,0.032547403919940945,9,0.007492765994671746,10,0.019595933099412655,-0.017715174150769286,-0.08231737688571772,-0.3754311769400566,-0.3860305692080366,0.18767645749129885,0.032931343864695546,8.746639998076542
KOSPI_EX_K200,TURNOVER20_TOP01,YTD_2026,0,10,0.030683221163086694,0.030606639897131215,-0.002423908529910146,9,0.0661404866457277,9,0.009966350006197888,10,0.07890140001135482,0.006344523600231744,-0.06992532141569396,-0.3729997991206985,-0.3823289511061917,0.2387600184030844,0.062433230560504475,8.822941367420736
KOSPI_EX_K200,TURNOVER20_TOP01_LOW10,YTD_2026,0,10,0.018407432889065434,0.016191523341326307,-0.030352422874604268,8,0.045371731671331406,8,-5.0789038293752586e-05,5,0.12736072131732268,-0.008110179440934395,-0.08589041009318243,-0.3836745853567312,-0.3949339578641997,0.2067543588869076,0.027873808966902187,8.862383830596102
KOSPI_EX_K200,ACT5_LOW10,YTD_2026,30,10,0.03743933521619236,0.03493892026190325,0.005021369714579227,10,0.0817913054135177,10,0.01032275091569479,10,0.48814185955965606,-0.025051050554474763,-0.10188880149298851,-0.3735971045504347,-0.3855296504452679,0.16795026306364388,-0.02047170936296482,9.207016129584048
KOSPI_EX_K200,ADV20_LOW10,YTD_2026,30,10,0.014501720006486751,0.015533691934120231,0.00040682894876264974,10,0.033271509089111015,10,0.007444853866763801,10,0.019606186456236685,-0.04324480534354164,-0.10582821796815067,-0.3792638585368431,-0.38920868133995745,0.1298681270166373,-0.024584725745813288,8.751432459781341
KOSPI_EX_K200,AMIHUD20_TOP05,YTD_2026,30,10,0.014696629454339027,0.014802026593285954,-0.00045518672498379154,9,0.03236838907648418,9,0.00744485386676369,10,0.019595933099412655,-0.04412688320470887,-0.1048413169147141,-0.37926385853684325,-0.3892086813399577,0.12769096327741167,-0.022571913342856936,8.746639998076542
KOSPI_EX_K200,TURNOVER20_TOP01,YTD_2026,30,10,0.029862345829238857,0.029598707448343264,-0.0028516486591281254,9,0.06535432314379405,9,0.010106135835832752,10,0.07890140001135482,-0.019176351465517494,-0.09263244154971972,-0.3765672581595751,-0.3855184684712004,0.1817311021712777,0.007165563558601342,8.822941367420736
KOSPI_EX_K200,TURNOVER20_TOP01_LOW10,YTD_2026,30,10,0.017617186523934014,0.015430667879577364,-0.029974428921949015,7,0.04517594624373663,8,0.00020263790343139076,6,0.12736072131732268,-0.033405168928983986,-0.10826784626675334,-0.3871311598659041,-0.3981149430381109,0.14950683558714412,-0.02702536582792026,8.862383830596102
KOSPI_EX_K200,ACT5_LOW10,YTD_2026,60,10,0.0349938047906187,0.03258353201982715,0.0032502337343580656,10,0.078452341039281,10,0.009965626196880295,10,0.48814185955965606,-0.050934612462606166,-0.12509995663093043,-0.37720545731485083,-0.3893456357388013,0.10842227694632742,-0.07952919465525322,9.207016129584048
KOSPI_EX_K200,ADV20_LOW10,YTD_2026,60,10,0.014090579091803945,0.015072332225367292,0.00032133524198429964,10,0.03312660791885337,10,0.00742337685608091,10,0.019606186456236685,-0.06902677903398369,-0.12771715201845335,-0.3830769237072892,-0.39237364255904117,0.0699203954710832,-0.07983548941931436,8.751432459781341
KOSPI_EX_K200,AMIHUD20_TOP05,YTD_2026,60,10,0.014254466820532385,0.014353185543412394,-0.0005299075481195459,9,0.0321843917335331,9,0.007423376856080854,10,0.019595933099412655,-0.06985570843543193,-0.12683510811017262,-0.3830769237072891,-0.39237364255904206,0.06779144606805061,-0.07807542216346619,8.746639998076542
KOSPI_EX_K200,TURNOVER20_TOP01,YTD_2026,60,10,0.028853961241714077,0.028621454341560104,-0.0032553641110166787,9,0.06456115424033712,9,0.010290941305129475,10,0.07890140001135482,-0.04407352318917712,-0.11480790279112396,-0.380117833722741,-0.3886948202844761,0.12484335852852696,-0.048110106358178154,8.822941367420736
KOSPI_EX_K200,TURNOVER20_TOP01_LOW10,YTD_2026,60,10,0.016854557940948034,0.014697427628234939,-0.029594677700785166,7,0.04497215141713935,8,0.0004798948331773967,6,0.12736072131732268,-0.058080245980366374,-0.13011992747374035,-0.3905717194185662,-0.4012825598402825,0.09220122868744315,-0.08193027561311528,8.862383830596102
NON_K200_50_50,ACT5_RULE,BULL_2025,0,10,0.017376307897074228,0.01796101083904942,-0.002351416309508192,9,0.06721837224956095,9,0.0031354825451681556,9,0.9633924627148138,0.6154426517203835,0.5892149626455441,-0.13642122588355143,-0.14232132938021047,2.441633171093725,2.3674087265859303,10.15009114862887
NON_K200_50_50,AMIHUD_RULE,BULL_2025,0,10,0.0010160944898749413,0.0014199465422562562,-0.00421977603732504,7,0.0016978435715955253,6,5.551115123125783e-17,5,0.009512199690537848,0.5989158751087046,0.554527363202538,-0.14060160273407513,-0.14461426977774283,2.3759569155438065,2.2774247437648723,9.177307788866223
NON_K200_50_50,TURNOVER_RULE,BULL_2025,0,10,0.023846140648239644,0.0253507510785274,-0.0029064054383358684,9,-0.000978854163336873,5,-0.0035412499149451437,0,0.1393456605907737,0.6331808161551001,0.586956740163523,-0.1438106409181139,-0.15171125757276482,2.414008959194674,2.3094552155189247,9.299701924754027
NON_K200_50_50,TURNOVER_SIMPLE_DIAG,BULL_2025,0,10,0.029374957428085824,0.027735797604418265,0.015177867894034192,10,0.017715780362681288,7,-0.0013142087567624694,1,0.12565294233685798,0.6327492408696399,0.5901888876786945,-0.14250873621724497,-0.1493859497660044,2.4115062799668125,2.3334490417540925,9.30377599457591
NON_K200_50_50,ACT5_RULE,BULL_2025,30,10,0.012478038037156858,0.013000749736246075,-0.006829269140896876,8,0.052836842457114175,8,0.002723878713708605,9,0.9633924627148138,0.5661745947209578,0.5410510583816424,-0.14011807339184001,-0.14664016024744742,2.2900986963313428,2.2163180347353033,10.15009114862887
NON_K200_50_50,AMIHUD_RULE,BULL_2025,30,10,0.0009768753130754426,0.0013512826508745635,-0.004163096154007562,7,0.0017544938562212842,6,3.3306690738754696e-16,6,0.009512199690537848,0.5545383734890557,0.5121504044247251,-0.14371754319298513,-0.1484338301689242,2.2401374309966506,2.1436998229877084,9.177307788866223
NON_K200_50_50,TURNOVER_RULE,BULL_2025,30,10,0.02213313464126676,0.023978719987097573,-0.003611034192388507,9,0.0011685544971302697,5,-0.003514226102884821,0,0.1393456605907737,0.5883334059112386,0.54343140794723,-0.14709405676517207,-0.15558769389046279,2.2799515353428412,2.17946714269758,9.299701924754027
NON_K200_50_50,TURNOVER_SIMPLE_DIAG,BULL_2025,30,10,0.0278058167627947,0.026360452416821455,0.014205203201840266,10,0.01921980004022794,7,-0.0013478701466130838,0,0.12565294233685798,0.587649925959813,0.5464168428395797,-0.14584435775937238,-0.15330348536872418,2.2783742375544813,2.2001257703842465,9.30377599457591
NON_K200_50_50,ACT5_RULE,BULL_2025,60,10,0.007839359075316743,0.008300142510919794,-0.011059182156141434,7,0.038100001579020715,7,0.0028993678891252594,9,0.9633924627148138,0.5191985626736617,0.4942898278247414,-0.14380326638343044,-0.15094267866613575,2.13719468512699,2.0636001569949216,10.15009114862887
NON_K200_50_50,AMIHUD_RULE,BULL_2025,60,10,0.0009389721576866794,0.0012852091753049245,-0.0041063663446121446,7,0.0018068655401870526,6,1.6653345369377348e-16,5,0.009512199690537848,0.511345817405603,0.47088314783465024,-0.14653614189908842,-0.15224058607362423,2.1044637743462715,2.0082210351419874,9.177307788866223
NON_K200_50_50,TURNOVER_RULE,BULL_2025,60,10,0.0204951964636364,0.022661001013488512,-0.004276533960900775,9,0.003362936958676288,5,-0.0034872923281089596,0,0.1393456605907737,0.5446692627289027,0.5010529701821929,-0.1503682585557009,-0.15945083073183064,2.1449592402342423,2.0477674519274007,9.299701924754027
NON_K200_50_50,TURNOVER_SIMPLE_DIAG,BULL_2025,60,10,0.0262986713663943,0.025037764870460277,0.013272691127403924,10,0.020759137267657213,7,-0.0017204226119819088,0,0.12565294233685798,0.5437474879563406,0.503802357577362,-0.14894238742551869,-0.15720747530118928,2.1440938648442938,2.065340857896649,9.30377599457591
NON_K200_50_50,ACT5_RULE,EARLY_2016_2019,0,10,0.011398084814447096,0.011124146903639586,0.0014258970214131583,10,0.0653667795496202,10,0.00138550706032603,5,1.195893643037902,0.014833401652005973,-0.004739791935461146,-0.3198026183597674,-0.3310682809723505,0.17207989033822224,0.06016975434291487,9.626254246447711
NON_K200_50_50,AMIHUD_RULE,EARLY_2016_2019,0,10,0.006359268568582821,0.006370349402131092,0.004688722998109296,10,0.03625111514256171,10,0.004122889579484201,10,0.012557646540157563,0.006461962776983077,-0.00839348131193296,-0.31712000418294994,-0.32821195394905645,0.12466683405881379,0.03880946358139473,8.418072639591326
NON_K200_50_50,TURNOVER_RULE,EARLY_2016_2019,0,10,0.010726161639410314,0.013838892756005038,0.007920821755771024,10,0.06209712899830028,10,0.006294847110278112,9,0.07765013770363716,0.01531155986677979,-0.006115208906766201,-0.31667104973948357,-0.3317736555271522,0.17499441215991374,0.0579725974140357,8.48036797723244
NON_K200_50_50,TURNOVER_SIMPLE_DIAG,EARLY_2016_2019,0,10,0.013553167521303644,0.013354401776273927,0.0055127581990292995,10,0.07786611583722344,10,0.0036710816989665718,10,0.04681797318205927,0.013216974892636846,-0.004719604812908895,-0.3165170166607322,-0.33070333760456805,0.16353875325391887,0.06505852523107045,8.456395449577146
NON_K200_50_50,ACT5_RULE,EARLY_2016_2019,30,10,0.007673578655096491,0.007273224854234895,-0.0023623493721446343,9,0.04414176478143918,9,-0.0012066413519659647,5,1.195893643037902,-0.01394318025346769,-0.03294019055062203,-0.34168733050228445,-0.35297309675974153,0.007440095976040789,-0.10499433342899674,9.626254246447711
NON_K200_50_50,AMIHUD_RULE,EARLY_2016_2019,30,10,0.006111949953165496,0.0061717476696707685,0.004548926129026132,10,0.03577676443388083,10,0.004001232653582265,10,0.012557646540157563,-0.01862566340404087,-0.03311925264607951,-0.3365018981508782,-0.3473479418624016,-0.019437760875766104,-0.10624018053175491,8.418072639591326
NON_K200_50_50,TURNOVER_RULE,EARLY_2016_2019,30,10,0.010167637595011603,0.013265969167574942,0.0074032037812327145,10,0.0668533887874177,10,0.005924604731515959,9,0.07765013770363716,-0.010187437264958354,-0.031068943146656536,-0.33628169505454303,-0.35148842906418587,0.03561443959845039,-0.08127995716147605,8.48036797723244
NON_K200_50_50,TURNOVER_SIMPLE_DIAG,EARLY_2016_2019,30,10,0.013082524901175785,0.012883202133530914,0.005211502399793511,10,0.08236927410623143,10,0.00354864515246589,10,0.04681797318205927,-0.012167274249839821,-0.02966328746758984,-0.33618239114789916,-0.3494034913505806,0.023609095477938373,-0.07505919389967287,8.456395449577146
NON_K200_50_50,ACT5_RULE,EARLY_2016_2019,60,10,0.004128991569495755,0.0036125793341150623,-0.00595604356929158,8,0.021888646115072574,8,-0.0036441186120637625,3,1.195893643037902,-0.041936324399990454,-0.060373478714119466,-0.365334616378637,-0.37418474633438825,-0.1567085086826571,-0.26991994385411366,9.626254246447711
NON_K200_50_50,AMIHUD_RULE,EARLY_2016_2019,60,10,0.00587269380214972,0.005978856494315077,0.004413020077872254,10,0.03528290003307301,10,0.00375782211747111,10,0.012557646540157563,-0.0431133093263521,-0.0572535717836824,-0.3556165009971962,-0.3659572328772036,-0.16319830505403954,-0.25081934379295034,8.418072639591326
NON_K200_50_50,TURNOVER_RULE,EARLY_2016_2019,60,10,0.00968755784097386,0.012712278656961628,0.006905731133690085,10,0.07192243121651914,10,0.005422371702866968,9,0.07765013770363716,-0.03507199237972347,-0.05542164178361486,-0.35559779616123166,-0.37064116366469746,-0.10350350336426499,-0.22010418002205157,8.48036797723244
NON_K200_50_50,TURNOVER_SIMPLE_DIAG,EARLY_2016_2019,60,10,0.012626306860613279,0.012426608049223575,0.004921415083298353,10,0.08680864069238428,10,0.0032242608838051745,8,0.04681797318205927,-0.0369413631539286,-0.05400715129560196,-0.35530580713910226,-0.3692616568167746,-0.11604647314137562,-0.2151433083973026,8.456395449577146
NON_K200_50_50,ACT5_RULE,FULL_2016_2026,0,10,0.009892988537386738,0.01177125604062539,0.006606862467771313,10,0.038167329420609714,10,0.0039014924473534385,8,1.1053184968827274,0.10537517037002353,0.09164729012970407,-0.5159726884168544,-0.5343075684561203,0.5391865723147136,0.48604281778795794,10.124018411193846
NON_K200_50_50,AMIHUD_RULE,FULL_2016_2026,0,10,0.005064464692988491,0.005073797827281368,0.0032645598281997312,10,0.018808414656447753,10,0.003123364146988772,10,0.0022724896722419174,0.09786789900708248,0.08494334597774489,-0.5150954537695068,-0.535181566368703,0.5094696542825636,0.46072829734732024,9.015652821037225
NON_K200_50_50,TURNOVER_RULE,FULL_2016_2026,0,10,0.012619693951986477,0.012331296865512575,0.003969246622917977,10,0.03934427338766702,10,0.015961415337182316,10,0.11014301144385819,0.1056022222637294,0.09320886264827188,-0.5024113715039032,-0.526438568783096,0.530109718414789,0.48471335965613144,9.123574482388605
NON_K200_50_50,TURNOVER_SIMPLE_DIAG,FULL_2016_2026,0,10,0.011644733361390047,0.011312058051126362,0.006143634903654549,10,0.037637613907838985,10,0.014564317399659188,10,0.08538776200418408,0.103656115904879,0.09179285457143704,-0.5034641097095658,-0.5236713179973711,0.5250196453165519,0.4813309733025584,9.104551726757423
NON_K200_50_50,ACT5_RULE,FULL_2016_2026,30,10,0.0060166402590816626,0.007925204616400828,0.0028420697056925626,10,0.023883006093913473,10,0.0009235254969323647,6,1.1053184968827274,0.07241678302935328,0.05889797044525902,-0.5397432916263012,-0.5570206775251952,0.4126665404124945,0.35916097186745966,10.124018411193846
NON_K200_50_50,AMIHUD_RULE,FULL_2016_2026,30,10,0.0049168368135095175,0.0049257889054835635,0.0031526626145423897,10,0.01886198134066286,10,0.0028883164968067088,10,0.0022724896722419174,0.06863299867818196,0.05597333733766141,-0.5357670950537449,-0.555692135717518,0.39718245209673353,0.3477772559815237,9.015652821037225
NON_K200_50_50,TURNOVER_RULE,FULL_2016_2026,30,10,0.011875693814892285,0.011640389738245238,0.003480916311060289,10,0.041130110086916194,10,0.015151351457866113,10,0.11014301144385819,0.07582757614715219,0.06366268392387608,-0.5238360692892566,-0.5471914368382294,0.41984005789803147,0.37391330008348495,9.123574482388605
NON_K200_50_50,TURNOVER_SIMPLE_DIAG,FULL_2016_2026,30,10,0.01103325923014209,0.010729727431837376,0.00566915650739408,10,0.03907654301553065,10,0.013879442932598907,10,0.08538776200418408,0.07399612318191351,0.06233962503497814,-0.5247492525542484,-0.5445113634695316,0.4141720982368142,0.36982953256531004,9.104551726757423
NON_K200_50_50,ACT5_RULE,FULL_2016_2026,60,10,0.002343570702476261,0.004279500560485361,-0.0007227059351027076,8,0.009525039989169537,8,-0.002428404503180104,1,1.1053184968827274,0.040402529741715876,0.02709256451460762,-0.5623716157501817,-0.5786502036091568,0.28595601929654213,0.23230607228009575,10.124018411193846
NON_K200_50_50,AMIHUD_RULE,FULL_2016_2026,60,10,0.004773314374530435,0.0047819026643254325,0.003044282048526803,10,0.018907000749922492,10,0.002754730380813475,10,0.0022724896722419174,0.040145750504572475,0.027746235628833382,-0.5553832052272383,-0.5753171233108956,0.28473291469540274,0.2348914502144143,9.015652821037225
NON_K200_50_50,TURNOVER_RULE,FULL_2016_2026,60,10,0.011161369220204387,0.010976590093345173,0.0030150246612765663,10,0.0428932499950162,10,0.014380464531632442,10,0.11014301144385819,0.04682302094392954,0.034830286336186234,-0.5443584089320134,-0.5670548071808421,0.3094047113174936,0.2629020083695076,9.123574482388605
NON_K200_50_50,TURNOVER_SIMPLE_DIAG,FULL_2016_2026,60,10,0.010445245785584478,0.010169574866181908,0.005214872372824475,10,0.040492929299478175,10,0.012095373384303942,10,0.08538776200418408,0.04510163464568995,0.033649447587566605,-0.5451418211280464,-0.5644596495321739,0.30315954222949565,0.25837505622123486,9.104551726757423
NON_K200_50_50,ACT5_RULE,LATE_2020_2022,0,10,0.005740946320510143,0.005320108390007272,-0.01410634127886845,6,0.020513929776619977,6,0.0009382333306663382,7,1.016345512840263,0.10164384181974961,0.07323031473337527,-0.40666883261899495,-0.42030292131825664,0.5044540856027965,0.40235706042681213,10.39355156373195
NON_K200_50_50,AMIHUD_RULE,LATE_2020_2022,0,10,0.0028096369463035398,0.0029272687364530594,0.0005888886825635709,10,0.009869323048890544,10,-0.00030418661075759523,3,-0.002596102859270033,0.09531150461796023,0.08017086867597434,-0.4079545100723163,-0.4187512366283451,0.4800614023440073,0.42641663716770456,9.363045265291284
NON_K200_50_50,TURNOVER_RULE,LATE_2020_2022,0,10,0.005059435570758386,0.004327712091907898,-0.007187534192947265,8,0.011863944426377115,8,-0.0021886459896908184,4,0.1413066089523376,0.10019385094544819,0.07935050029900115,-0.4096662202044199,-0.41504919447253485,0.49159427009631146,0.41994350114662593,9.504628311509924
NON_K200_50_50,TURNOVER_SIMPLE_DIAG,LATE_2020_2022,0,10,-0.0018717696889783975,-0.0011478421230195711,-0.006025395180691229,4,-0.009187432924558453,4,-0.0008943494383018002,4,0.10940714198233703,0.09332596981435337,0.07823857684242896,-0.4087295149595686,-0.412184704282165,0.4711472570933992,0.41792148289576037,9.483455375962455
NON_K200_50_50,ACT5_RULE,LATE_2020_2022,30,10,0.0022926732439105812,0.001890877023990134,-0.01681392194017639,6,0.008445090841209618,6,0.0007687990546186851,7,1.016345512840263,0.06802096647037614,0.04038456717464567,-0.4093194228061811,-0.42310182844239874,0.3844806968465816,0.28316259619047357,10.39355156373195
NON_K200_50_50,AMIHUD_RULE,LATE_2020_2022,30,10,0.00275650930089133,0.002853632863325206,0.0005849434538751641,10,0.009960182946320284,10,-0.0002945733691240293,4,-0.002596102859270033,0.06464220275684107,0.05027680942121626,-0.4104716425133595,-0.42137637035531594,0.3712230594946258,0.3192998977846749,9.363045265291284
NON_K200_50_50,TURNOVER_RULE,LATE_2020_2022,30,10,0.004495744592408424,0.003758850213339171,-0.007461277934080801,8,0.01306615533668945,8,-0.0020745875926408974,4,0.1413066089523376,0.06909639415739965,0.04904036019821456,-0.4118294192739817,-0.417541766560509,0.38441716172326834,0.31360306163905727,9.504628311509924
NON_K200_50_50,TURNOVER_SIMPLE_DIAG,LATE_2020_2022,30,10,-0.0021676912463944875,-0.0014617891609998378,-0.006143175655112465,4,-0.00881345166862918,4,-0.0007884056192992706,4,0.10940714198233703,0.062439186473635555,0.0480837341261815,-0.41076309483154644,-0.4146771748503226,0.3623297074054228,0.31069474746702586,9.483455375962455
NON_K200_50_50,ACT5_RULE,LATE_2020_2022,60,10,-0.0009666417864779842,-0.0013499062730661481,-0.019356832124714174,5,-0.003632541919408025,5,0.0006005046872000763,6,1.016345512840263,0.03538427090608154,0.008504855665711464,-0.41201989816300727,-0.4258906843855875,0.2644960480164711,0.16347182880581454,10.39355156373195
NON_K200_50_50,AMIHUD_RULE,LATE_2020_2022,60,10,0.002704138506123721,0.0027817642486867244,0.0005807832843980343,10,0.010045614174695364,10,-0.00028501620042065134,4,-0.002596102859270033,0.03479828371308047,0.021177709795670907,-0.4129807472054499,-0.4239927110530314,0.2625050693543698,0.21174388192226273,9.363045265291284
NON_K200_50_50,TURNOVER_RULE,LATE_2020_2022,60,10,0.003948783223761687,0.0032172758206918005,-0.0077149913850385055,8,0.01425012737011605,8,-0.0019612480323926706,4,0.1413066089523376,0.03884347828164181,0.01954805592529074,-0.41406664322710496,-0.4200263857264581,0.277168500023266,0.20684671517668402,9.504628311509924
NON_K200_50_50,TURNOVER_SIMPLE_DIAG,LATE_2020_2022,60,10,-0.0024463742974291103,-0.0017580678856493836,-0.00625011167634848,4,-0.008444447353999837,4,-0.0006831435881228809,4,0.10940714198233703,0.03239129161670595,0.018739193658580122,-0.41279161493570504,-0.41716173178914717,0.25351803209579704,0.20330094650193217,9.483455375962455
NON_K200_50_50,ACT5_RULE,NORMAL_2023_2024,0,10,0.02050546593686209,0.02045174681433437,0.0054161572808029135,10,0.08999862894593477,10,0.005214537189179691,9,1.0642260077260612,0.1048846213972664,0.0667005884289189,-0.26392286306734236,-0.2798859920754305,0.5892640993806599,0.41816891757098473,10.376676589787564
NON_K200_50_50,AMIHUD_RULE,NORMAL_2023_2024,0,10,0.0064672807846184455,0.006309835548300424,0.0028487596816886285,10,0.028856572059458102,10,-8.768927358954182e-05,5,-0.015260872751552412,0.0907920322814012,0.062388313241194204,-0.2692525220817916,-0.28158614155156836,0.526696307411078,0.3988889362027637,9.301719211470138
NON_K200_50_50,TURNOVER_RULE,NORMAL_2023_2024,0,10,0.015870655970043335,0.017489675657768468,0.0026615938928338245,10,0.0670570883257737,10,-0.0005708650569933305,5,0.09151013376434847,0.10209405192566168,0.07571092717670425,-0.27023960033879746,-0.28126986369969165,0.5712107628262457,0.45453036694093957,9.396298880922053
NON_K200_50_50,TURNOVER_SIMPLE_DIAG,NORMAL_2023_2024,0,10,0.0158274987835626,0.01720860384484164,0.00803341695812132,10,0.06703567319624204,10,-0.002343566983195655,1,0.0720820351801228,0.09965442503292377,0.07229335290755623,-0.27042522553248416,-0.2848242076090445,0.5610095262597319,0.43995028238603606,9.378571989622191
NON_K200_50_50,ACT5_RULE,NORMAL_2023_2024,30,10,0.016308870611867254,0.016428762680910158,0.0014800575878375355,10,0.0739692015505714,10,0.0038618182125221834,9,1.0642260077260612,0.07092997087852526,0.03420679767073209,-0.273870934767342,-0.28976707639731836,0.4371441469375895,0.2676690754046579,10.376676589787564
NON_K200_50_50,AMIHUD_RULE,NORMAL_2023_2024,30,10,0.006340476161597719,0.006169604382824078,0.00282234926824132,10,0.029283964895635756,10,-8.996327049620723e-05,4,-0.015260872751552412,0.06098584860106715,0.0330904611292373,-0.2778338699561896,-0.2899867923124988,0.39173879907075015,0.2625027399591078,9.301719211470138
NON_K200_50_50,TURNOVER_RULE,NORMAL_2023_2024,30,10,0.015192190555601837,0.016737234709877293,0.002437923854386348,10,0.0689290542140981,10,-0.0006737512723717365,5,0.09151013376434847,0.07139999146050835,0.045834147168383854,-0.278741501921273,-0.2896848172809716,0.43565501787771105,0.3200898110847323,9.396298880922053
NON_K200_50_50,TURNOVER_SIMPLE_DIAG,NORMAL_2023_2024,30,10,0.015187799186371365,0.016511160552769556,0.007678420684049447,10,0.06829205058350908,10,-0.0020165299599214093,1,0.0720820351801228,0.06943689814182996,0.04253941131797334,-0.2790502431887373,-0.2933257476017639,0.4275978725991288,0.3052324097642292,9.378571989622191
NON_K200_50_50,ACT5_RULE,NORMAL_2023_2024,60,10,0.012330545399604542,0.012614422989238783,-0.0022363095988366943,9,0.057928496138901386,9,0.0025402587153999234,9,1.0642260077260612,0.037978469699975204,0.002664477542710708,-0.28332672245205687,-0.2996674565056908,0.28504299357699026,0.11660394301888485,10.376676589787564
NON_K200_50_50,AMIHUD_RULE,NORMAL_2023_2024,60,10,0.006215670416393593,0.006032197248829996,0.0027952176926560046,10,0.029680587259112365,10,-9.21448845254691e-05,4,-0.015260872751552412,0.03196242795498161,0.004569152934941645,-0.2863235896410033,-0.2982981085956824,0.2568003786519834,0.1255589826235797,9.301719211470138
NON_K200_50_50,TURNOVER_RULE,NORMAL_2023_2024,60,10,0.014538166471615988,0.016011962291924697,0.0022243506247541234,10,0.07076119581163867,10,-0.0007743941385136566,5,0.09151013376434847,0.041527587917089104,0.016754938171068767,-0.2873881374901605,-0.29801017704683086,0.30016741602539637,0.18508825165423645,9.396298880922053
NON_K200_50_50,TURNOVER_SIMPLE_DIAG,NORMAL_2023_2024,60,10,0.014570474559910007,0.015838161514056037,0.007336522174401949,10,0.0695179694129093,10,-0.0020004839912885486,0,0.0720820351801228,0.040017168977693585,0.01357902083189133,-0.28758252809610035,-0.3017353840195144,0.29367358464914955,0.16997141210557845,9.378571989622191
NON_K200_50_50,ACT5_RULE,PRE_STRESS_2016_2024,0,10,0.012490624034651954,0.011243648462458533,0.0027263434224857885,10,0.05603612473882913,10,0.0039014924473534385,8,1.12992464173705,0.06220818078421342,0.04643834861055196,-0.5159726884168544,-0.5343075684561203,0.39078673691478694,0.32008209177880326,10.056742469707201
NON_K200_50_50,AMIHUD_RULE,PRE_STRESS_2016_2024,0,10,0.0054210622276872344,0.005245197104225152,0.0036559369639155292,10,0.02408398869170092,10,0.003123364146988772,10,0.00010404689363952002,0.05433143146608577,0.04558764132818838,-0.5150954537695068,-0.535181566368703,0.3551566414273142,0.31640589140115816,8.938771529578476
NON_K200_50_50,TURNOVER_RULE,PRE_STRESS_2016_2024,0,10,0.012093344767548864,0.011519403707549314,0.005377405739465324,10,0.04788279177142224,10,0.015961415337182316,10,0.09814662577617561,0.06127495226991897,0.04980145696396021,-0.5024113715039032,-0.526438568783096,0.38119614640428034,0.3317643288758587,9.032429735416883
NON_K200_50_50,TURNOVER_SIMPLE_DIAG,PRE_STRESS_2016_2024,0,10,0.00947128405968034,0.009431831472388307,0.0051628893248021335,10,0.03925867340926062,10,0.014564317399659188,10,0.07028341293764839,0.05967907509840975,0.04958694054929702,-0.5034641097095658,-0.5236713179973711,0.37555329521701497,0.331766374419323,9.009840730256915
NON_K200_50_50,ACT5_RULE,PRE_STRESS_2016_2024,30,10,0.008696034705481304,0.007490540773461252,-0.0006827103229318787,9,0.03987805657735943,9,0.0009235254969323647,6,1.12992464173705,0.030679485424436548,0.015283627141689404,-0.5397432916263012,-0.5570206775251952,0.24918881058206582,0.17889325307384737,10.056742469707201
NON_K200_50_50,AMIHUD_RULE,PRE_STRESS_2016_2024,30,10,0.005290112430434535,0.005097850204259524,0.0035542944233151186,10,0.024167248094937366,10,0.0028883164968067088,10,0.00010404689363952002,0.026430069334617112,0.017924967374918443,-0.5357670950537449,-0.555692135717518,0.22973597802125567,0.1907343333919794,8.938771529578476
NON_K200_50_50,TURNOVER_RULE,PRE_STRESS_2016_2024,30,10,0.011451540562567919,0.010904766766458285,0.00489957137773156,10,0.049885840454471794,10,0.015151351457866113,10,0.09814662577617561,0.032940379724681224,0.021723999877903744,-0.5238360692892566,-0.5471914368382294,0.25817019234124605,0.20856670712756653,9.032429735416883
NON_K200_50_50,TURNOVER_SIMPLE_DIAG,PRE_STRESS_2016_2024,30,10,0.008948372695084195,0.00895717522947237,0.004792154590826048,10,0.04106628875134645,10,0.013879442932598907,10,0.07028341293764839,0.0314057382038484,0.02161658309099823,-0.5247492525542484,-0.5445113634695316,0.25164715608524135,0.20798045477748325,9.009840730256915
NON_K200_50_50,ACT5_RULE,PRE_STRESS_2016_2024,60,10,0.005096680536094189,0.003931814469656558,-0.003908999796973345,6,0.023588633464147177,6,-0.002428404503180104,1,1.12992464173705,4.98835911473261e-05,-0.014980051970367558,-0.5623716157501817,-0.5786502036091568,0.10747724674882997,0.03790415430522324,10.056742469707201
NON_K200_50_50,AMIHUD_RULE,PRE_STRESS_2016_2024,60,10,0.005162175919983525,0.004954473243867041,0.0034402833180027237,10,0.02429380438659625,10,0.002754730380813475,10,0.00010404689363952002,-0.0007622581943974027,-0.009034939869053349,-0.5553832052272383,-0.5753171233108956,0.10434683951991479,0.06520223858733361,8.938771529578476
NON_K200_50_50,TURNOVER_RULE,PRE_STRESS_2016_2024,60,10,0.010834299701391992,0.010313719043021563,0.0044425147558314615,10,0.051866308493024475,10,0.014380464531632442,10,0.09814662577617561,0.005322008324410876,-0.005632332466934398,-0.5443584089320134,-0.5670548071808421,0.1350030094185051,0.08522616096021715,9.032429735416883
NON_K200_50_50,TURNOVER_SIMPLE_DIAG,PRE_STRESS_2016_2024,60,10,0.00844572138737476,0.008500345719656854,0.004436842729510837,10,0.04283963116867416,10,0.012095373384303942,10,0.07028341293764839,0.0038567790113464007,-0.005638004493255022,-0.5451418211280464,-0.5644596495321739,0.127753052268222,0.08405142658393398,9.009840730256915
NON_K200_50_50,ACT5_RULE,YTD_2026,0,10,0.018572271680813213,0.011601910107122892,-0.0641727632448148,7,0.03348338617904101,7,0.012872106185651211,10,1.0760781291868495,0.05975047695059155,-0.027579040804024624,-0.3967479839219532,-0.40232872268341746,0.3690290678392798,0.2025052550959425,11.053890948681987
NON_K200_50_50,AMIHUD_RULE,YTD_2026,0,10,0.005173860894318372,0.005831017069033051,-0.0024369880989723036,9,0.00956168098576421,9,0.002369422404659649,10,0.01801594857544231,0.057970536643584536,-0.04385957260205897,-0.40450487662060736,-0.41413932211420124,0.36716535447485965,0.17077409367354146,9.994336436935413
NON_K200_50_50,TURNOVER_RULE,YTD_2026,0,10,0.005400308404397536,0.008855499156010504,-0.030482357516110614,6,0.013426992091191775,7,-0.006960407646326772,0,0.2420537313830735,0.044027763033674505,-0.012727977423685477,-0.41320316671827984,-0.4218720440213364,0.3456643175982235,0.24020259355116386,10.259827613160402
NON_K200_50_50,TURNOVER_SIMPLE_DIAG,YTD_2026,0,10,0.01664499889023152,0.02006673900646736,-0.003596664946437844,9,0.03260778268658682,9,-0.003202143530480095,0,0.22431678487095574,0.06576058381031746,-0.010595038983767124,-0.409919379993136,-0.4180381823807293,0.3842748034596391,0.24354463854270184,10.239821435855443
NON_K200_50_50,ACT5_RULE,YTD_2026,30,10,0.014664624694970207,0.008029094713138462,-0.06541075767481164,7,0.027329363548215496,7,0.012582909620097782,10,1.0760781291868495,0.024764358507995854,-0.05988598029003833,-0.40074944269451035,-0.4061955460506387,0.3033683509167082,0.1373755181134729,11.053890948681987
NON_K200_50_50,AMIHUD_RULE,YTD_2026,30,10,0.004924413508517134,0.005612091531303431,-0.002441175769766435,9,0.009435021808770122,9,0.0023394599132866567,10,0.01801594857544231,0.026592250844712173,-0.07251707237478289,-0.40813806136237096,-0.4173667581563748,0.3087844095431102,0.11236974348765393,9.994336436935413
NON_K200_50_50,TURNOVER_RULE,YTD_2026,30,10,0.0045490441859417086,0.00784426999072172,-0.03069661889374098,6,0.01374720880282787,7,-0.007000215399202925,0,0.2420537313830735,0.012222045023589367,-0.04311019215281253,-0.41655954971940357,-0.4253313795843445,0.2871788733701185,0.18169914988245842,10.259827613160402
NON_K200_50_50,TURNOVER_SIMPLE_DIAG,YTD_2026,30,10,0.01545467812102519,0.01877568433349327,-0.004510016834581743,9,0.032691921738986995,9,-0.003256164717344523,0,0.22431678487095574,0.0336399081176838,-0.04094467217819098,-0.41338290306921044,-0.4213760140405125,0.3263358351059062,0.1850663214692594,10.239821435855443
NON_K200_50_50,ACT5_RULE,YTD_2026,60,10,0.010974826201471,0.004656894386272192,-0.06651652922593132,7,0.021132432164645998,7,0.012230677510326915,10,1.0760781291868495,-0.009110599246206663,-0.09116041633916228,-0.40493174247643826,-0.410544298589964,0.23756938215779755,0.07241523543502773,11.053890948681987
NON_K200_50_50,AMIHUD_RULE,YTD_2026,60,10,0.004684811147240842,0.005400706550066381,-0.002443065061970673,9,0.009306232309132884,9,0.002309720746737298,10,0.01801594857544231,-0.0038908622195639175,-0.10034846452903012,-0.4117529047710639,-0.42057997895133425,0.2502800327782866,0.05411929412868163,9.994336436935413
NON_K200_50_50,TURNOVER_RULE,YTD_2026,60,10,0.0037416240699130743,0.006883156551250114,-0.030872475929553334,6,0.01406012460249273,7,-0.007039375415679061,0,0.2420537313830735,-0.018651748881087504,-0.07259308962778799,-0.42000279195776963,-0.4292044850074317,0.2285980147780033,0.12333905115408778,10.259827613160402
NON_K200_50_50,TURNOVER_SIMPLE_DIAG,YTD_2026,60,10,0.01431804650581181,0.01754115471489104,-0.005367965190047785,9,0.03276936813822387,9,-0.0030765637941003177,0,0.22431678487095574,0.0024503034870385076,-0.07039895281817254,-0.4170440785643348,-0.4246985407069481,0.26828580361525567,0.1267309103532287,10.239821435855443
