date,sample,return_type,horizon,factor_breadth_20d,breadth_bin,breadth_group,breadth_transition,breadth_delta,base_state,factor_substate,REVISION_state,high_base_cell,high_revision_cell,high_factor_substate_cell,fwd_mean_across_phases,fwd_median_across_phases,MKT_RET_20D,MKT_RET_60D,MKT_VOL_20D,MKT_DD_60D,LIQ_5D_20D,RELATIVE_WORKING_BREADTH,ABS_CONFIRMED_BREADTH,DEFENSIVE_WORKING_BREADTH,WPLUS_PAIR_SHARE,CONFLICT_PAIR_SHARE,LEADER_STRENGTH_60D,SPREAD_DISPERSION_20D,FAMILY_MEMBER_AGREEMENT,MKT_MOM_ACCEL
2016-02-01,TRAIN_2016_2022,NET60,20,0.75,HIGH,HIGH,HIGH_ENTRY,,,,,,,,-0.0423740152127486,-0.0444263564635961,,,,,,,,,,,,,,
2016-02-11,TRAIN_2016_2022,NET60,20,0.625,HIGH,HIGH,HIGH_PERSIST,-0.125,,,,,,,0.0074150300764171,0.0131652980537214,,,,,,,,,,,,,,
2016-04-08,TRAIN_2016_2022,NET60,20,0.75,HIGH,HIGH,HIGH_ENTRY,0.375,B4,F_HIGH,W+,HIGH|B4,HIGH|W+,HIGH|F_HIGH,-0.0337499623857312,-0.0336115376374369,0.0143228046159702,0.0370929162241844,0.0781169365223925,-0.000322935090425,0.4324324324324324,0.5,0.5,0.0,0.1666666666666666,0.0,0.132641565364493,0.0206819471017541,0.5,0.0019584992079087343
2016-04-25,TRAIN_2016_2022,NET60,20,0.625,HIGH,HIGH,HIGH_ENTRY,0.125,B4,F_HIGH,W+,HIGH|B4,HIGH|W+,HIGH|F_HIGH,-0.0231708014156096,-0.0242803338919399,0.0242923607321634,0.0370498061443878,0.0815835204237123,0.0,0.4458333333333333,0.375,0.375,0.0,0.1666666666666666,0.3333333333333333,0.251316466917473,0.0298772442700813,0.75,0.0119424253507008
2016-05-02,TRAIN_2016_2022,NET60,20,0.625,HIGH,HIGH,HIGH_PERSIST,0.0,B4,F_HIGH,N+,HIGH|B4,HIGH|N+,HIGH|F_HIGH,0.0027854037979546,0.0053007353796718,-0.00283285647069,0.0063239632225926,0.0774956370132518,-0.0195178986765648,0.3850454227812718,0.375,0.375,0.0,0.0,0.3333333333333333,0.2526944093457887,0.0375030823775513,0.75,-0.004940844211554199
2016-05-11,TRAIN_2016_2022,NET60,20,0.625,HIGH,HIGH,HIGH_PERSIST,0.0,B3,F_LOW,W+,HIGH|B3,HIGH|W+,HIGH|F_LOW,-0.020123712119551,-0.0248807280426034,0.0067226891129732,0.0826555852533126,0.1014485280860706,-0.0008875895844074,0.2904128761371588,0.375,0.125,0.25,0.0,0.1666666666666666,0.1638645035484463,0.015730601664161,0.25,-0.020829172638131
2016-05-18,TRAIN_2016_2022,NET60,20,0.75,HIGH,HIGH,HIGH_PERSIST,0.125,B4,F_HIGH,W+,HIGH|B4,HIGH|W+,HIGH|F_HIGH,-0.0379631012152037,-0.0357706638990622,-0.0072204979665212,0.0743720953374755,0.1114689312370481,-0.0218032844068272,0.3875262789067975,0.375,0.375,0.0,0.1666666666666666,0.3333333333333333,0.0722345211491135,0.0351870879552276,0.5,-0.03201119641234637
2016-06-09,TRAIN_2016_2022,NET60,20,0.625,HIGH,HIGH,HIGH_ENTRY,0.125,B4,F_HIGH,W+,HIGH|B4,HIGH|W+,HIGH|F_HIGH,0.0089304211815736,0.0085071379789297,0.0100733461283828,0.0314280961027211,0.0967455624082689,-0.0033418983446393,0.4011142061281337,0.5,0.5,0.0,0.1666666666666666,0.3333333333333333,0.082017524941537,0.0369352824431911,0.75,-0.0004026859058575659
2016-06-23,TRAIN_2016_2022,NET60,20,0.625,HIGH,HIGH,HIGH_ENTRY,0.125,B3,F_LOW,N-,HIGH|B3,HIGH|N-,HIGH|F_LOW,0.0581422057722627,0.0561059283141343,-0.0102592140800806,-0.0018910741128395,0.1287800348414729,-0.0376502397256972,0.2785419532324621,0.25,0.125,0.125,0.0,0.0,0.0980333215288274,0.0103382043876228,0.75,-0.009628856042467432
2016-06-30,TRAIN_2016_2022,NET60,20,0.75,HIGH,HIGH,HIGH_PERSIST,0.125,B4,F_LOW,W-,HIGH|B4,HIGH|W-,HIGH|F_LOW,0.0559533191012597,0.0549733642286551,-0.0352599240593189,-0.0160595245211944,0.2204775582623395,-0.0445246819553172,0.5416379903647626,0.375,0.0,0.375,0.0,0.0,0.0834213505633635,0.0126548037719071,0.75,-0.02990674921892077
2016-07-14,TRAIN_2016_2022,NET60,20,0.875,HIGH,HIGH,HIGH_ENTRY,0.375,B4,F_HIGH,W+,HIGH|B4,HIGH|W+,HIGH|F_HIGH,0.0172248162192161,0.0169259944886116,0.024286824655668,0.0081636835002998,0.2160568895018853,-0.0176784073865221,0.4313186813186813,0.5,0.5,0.0,0.1666666666666666,0.0,0.0792767752631677,0.0148577200465564,0.75,0.021565596822234735
2016-07-21,TRAIN_2016_2022,NET60,20,0.75,HIGH,HIGH,HIGH_PERSIST,-0.125,B4,F_HIGH,W+,HIGH|B4,HIGH|W+,HIGH|F_HIGH,0.0239477441718832,0.0215958874580489,0.0244553424311029,-0.0017322586274335,0.206330440628915,-0.0141156467997,0.3982179575051405,0.5,0.5,0.0,0.5,0.0,0.0662141227672059,0.018684615607119,1.0,0.025032761973580734
2016-07-28,TRAIN_2016_2022,NET60,20,0.875,HIGH,HIGH,HIGH_PERSIST,0.125,B3,F_HIGH,W+,HIGH|B3,HIGH|W+,HIGH|F_HIGH,0.0198848968627036,0.0208541476902076,0.0299418617049049,0.0162804618037075,0.0905535685450603,-0.015915972119973,0.3280821917808219,0.375,0.375,0.0,0.1666666666666666,0.0,0.0799200375354163,0.01331249452733,0.75,0.024515041103669064
2016-08-04,TRAIN_2016_2022,NET60,20,0.875,HIGH,HIGH,HIGH_PERSIST,0.0,B3,F_HIGH,W+,HIGH|B3,HIGH|W+,HIGH|F_HIGH,0.0142550510957365,0.0129357077461211,0.004871593158277,-0.0057056557529983,0.0548578293654032,-0.0189113321104079,0.3472602739726027,0.875,0.75,0.125,0.5,0.0,0.0647872692859357,0.0165422186106326,0.75,0.0067734784092764325
2016-08-11,TRAIN_2016_2022,NET60,20,0.75,HIGH,HIGH,HIGH_PERSIST,-0.125,B3,F_HIGH,W+,HIGH|B3,HIGH|W+,HIGH|F_HIGH,-0.0277897624817027,-0.0304069538001737,0.0040547639287087,0.019613667652311,0.0605768109026678,-0.0136953252264013,0.3353909465020576,0.5,0.5,0.0,0.1666666666666666,0.0,0.0502556248818706,0.025505541589298,1.0,-0.002483125288728301
2016-08-19,TRAIN_2016_2022,NET60,20,1.0,HIGH,HIGH,HIGH_PERSIST,0.25,B4,F_LOW,W+,HIGH|B4,HIGH|W+,HIGH|F_LOW,-0.0378696030683975,-0.038474156660028,-0.0093445752275999,0.004470348225416,0.0714774678548536,-0.0233283173038939,0.3995887594242632,0.875,0.5,0.375,0.1666666666666666,0.0,0.047062279250792,0.0247537005223735,1.0,-0.010834691302738567
2016-08-26,TRAIN_2016_2022,NET60,20,1.0,HIGH,HIGH,HIGH_PERSIST,0.0,B3,F_LOW,W-,HIGH|B3,HIGH|W-,HIGH|F_LOW,-0.0190655922183444,-0.0165741322247698,-0.0258634700232575,-0.0320724313004967,0.0784247720804344,-0.0413677998754145,0.2703071672354948,0.875,0.25,0.625,0.0,0.0,0.0469689528525388,0.0218182291038401,1.0,-0.0151726595897586
2016-09-02,TRAIN_2016_2022,NET60,20,0.75,HIGH,HIGH,HIGH_PERSIST,-0.25,B3,F_LOW,W-,HIGH|B3,HIGH|W-,HIGH|F_LOW,-0.0321029753412282,-0.0327884260330856,-0.0253271337580636,-0.0405531220975362,0.120292480525928,-0.0421759045191103,0.2648464163822525,0.625,0.0,0.625,0.0,0.0,0.0411116993014982,0.0249077431311601,0.5,-0.0118094263922182
2016-09-09,TRAIN_2016_2022,NET60,20,0.75,HIGH,HIGH,HIGH_PERSIST,0.0,B3,F_LOW,W-,HIGH|B3,HIGH|W-,HIGH|F_LOW,-0.0244223096013504,-0.0235956766643969,-0.047966998421117,-0.0208911170935006,0.1169290040094768,-0.0519379081815309,0.332425068119891,0.625,0.0,0.625,0.0,0.0,0.0537745964271419,0.0188771079970565,0.5,-0.041003292723283465
2016-10-06,TRAIN_2016_2022,NET60,20,0.75,HIGH,HIGH,HIGH_ENTRY,0.25,B4,F_LOW,W-,HIGH|B4,HIGH|W-,HIGH|F_LOW,-0.0726339971680263,-0.0732702985948136,0.0043620415305156,-0.0163066486823458,0.1222616896739105,-0.0303140274672835,0.3955071477195371,0.375,0.125,0.25,0.0,0.1666666666666666,0.0877117502936301,0.0312533247840437,1.0,0.009797591091297533
2016-10-13,TRAIN_2016_2022,NET60,20,0.75,HIGH,HIGH,HIGH_PERSIST,0.0,B3,F_HIGH,W+,HIGH|B3,HIGH|W+,HIGH|F_HIGH,-0.0597700139773106,-0.0611844188245515,-0.0036322407441244,-0.0475787638320732,0.1273969177594647,-0.0553814979393944,0.3152173913043478,0.625,0.375,0.25,0.1666666666666666,0.3333333333333333,0.0945358118000309,0.0380984905583003,1.0,0.012227347199899999
2016-10-20,TRAIN_2016_2022,NET60,20,0.75,HIGH,HIGH,HIGH_PERSIST,0.0,B3,F_LOW,W-,HIGH|B3,HIGH|W-,HIGH|F_LOW,-0.0304226648616782,-0.0315144611738473,-0.029514798726854,-0.0608812576069988,0.0973680695277107,-0.0651968458957686,0.2554347826086957,0.75,0.25,0.5,0.0,0.1666666666666666,0.1133463179512287,0.0403365018031909,1.0,-0.009221046191187732
2016-10-27,TRAIN_2016_2022,NET60,20,0.875,HIGH,HIGH,HIGH_PERSIST,0.125,B3,F_LOW,W-,HIGH|B3,HIGH|W-,HIGH|F_LOW,-0.0773460055984806,-0.0790404173495777,-0.0526661264441489,-0.069849960364476,0.1138895114101665,-0.0758150775796224,0.3133922501699524,0.75,0.125,0.625,0.0,0.0,0.1079468573330919,0.038361668970822,0.75,-0.029382806322656902
2016-11-03,TRAIN_2016_2022,NET60,20,0.75,HIGH,HIGH,HIGH_PERSIST,-0.125,B2,F_LOW,W-,HIGH|B1_B2,HIGH|W-,HIGH|F_LOW,-0.0319712853840316,-0.0340732671877606,-0.0992263034025264,-0.1182106227126731,0.161326257244752,-0.1265323819829887,0.3095238095238095,0.625,0.0,0.625,0.0,0.0,0.1221206157673631,0.033404544593529,0.5,-0.05982276249830203
2016-11-24,TRAIN_2016_2022,NET60,20,0.75,HIGH,HIGH,HIGH_ENTRY,0.25,B2,F_LOW,N-,HIGH|B1_B2,HIGH|N-,HIGH|F_LOW,0.0345742924700741,0.0361626934435379,-0.0701860740774996,-0.1121712065647255,0.2685149516108169,-0.1231074310624482,0.2673869007427414,0.25,0.0,0.25,0.0,0.0,0.1552378214439344,0.0421624559098151,1.0,-0.03279567188925777
2016-12-08,TRAIN_2016_2022,NET60,20,1.0,HIGH,HIGH,HIGH_ENTRY,0.5,B2,F_LOW,W-,HIGH|B1_B2,HIGH|W-,HIGH|F_LOW,0.0231550949871526,0.0220051500035634,-0.0434029600987869,-0.1038499690313147,0.1510443986178195,-0.1330202171739365,0.2602006688963211,0.75,0.25,0.5,0.0,0.0,0.1338858377860413,0.0350259725074121,1.0,-0.00878630375501533
2016-12-15,TRAIN_2016_2022,NET60,20,0.625,HIGH,HIGH,HIGH_PERSIST,-0.375,B3,F_HIGH,N-,HIGH|B3,HIGH|N-,HIGH|F_HIGH,-0.0337809583193364,-0.0337618943994911,-0.01649905431918,-0.0764800452843125,0.1603739913409634,-0.092244267954238,0.4255177020708083,0.625,0.625,0.0,0.0,0.0,0.1217186055164692,0.019466971330024,0.25,0.008994294108924165
2017-01-31,TRAIN_2016_2022,NET60,20,0.75,HIGH,HIGH,HIGH_ENTRY,0.375,B3,F_LOW,N-,HIGH|B3,HIGH|N-,HIGH|F_LOW,0.0203654522503604,0.021021777879884,-0.0195385160366693,0.0135314685049361,0.086856421423416,-0.0351195037374554,0.2913907284768212,0.375,0.0,0.375,0.0,0.0,0.0636570316101138,0.0063860844534873,0.5,-0.024049005538314665
2017-02-07,TRAIN_2016_2022,NET60,20,0.625,HIGH,HIGH,HIGH_PERSIST,-0.125,B3,F_LOW,N-,HIGH|B3,HIGH|N-,HIGH|F_LOW,0.0422706945625616,0.0448170376641401,-0.0377252247593627,-0.005920433399158,0.0987230701552048,-0.0377252247593624,0.371523178807947,0.125,0.0,0.125,0.0,0.0,0.0868872900068831,0.0107384571872189,0.75,-0.035751746959643366
2017-02-14,TRAIN_2016_2022,NET60,20,0.625,HIGH,HIGH,HIGH_PERSIST,0.0,B3,F_LOW,N-,HIGH|B3,HIGH|N-,HIGH|F_LOW,0.0227257633356428,0.0217253315342323,-0.0195550944866219,-0.0177011876853879,0.0968127694821854,-0.0316422023733163,0.3514228987425546,0.25,0.25,0.0,0.0,0.0,0.0781212717492454,0.0199193214643653,0.75,-0.013654698591492601
2017-02-21,TRAIN_2016_2022,NET60,20,0.625,HIGH,HIGH,HIGH_PERSIST,0.0,B4,F_HIGH,W+,HIGH|B4,HIGH|W+,HIGH|F_HIGH,-0.0221768303345654,-0.0218849515553942,0.0143066469599351,0.0532989556135707,0.0962100802931634,-0.0135023380623504,0.3692918596955658,0.375,0.375,0.0,0.1666666666666666,0.3333333333333333,0.042049380227288,0.0282618491891941,0.75,-0.0034596715779218017
2017-03-08,TRAIN_2016_2022,NET60,20,0.75,HIGH,HIGH,HIGH_ENTRY,0.25,B3,F_HIGH,W+,HIGH|B3,HIGH|W+,HIGH|F_HIGH,0.0274098250731406,0.0262288559542122,0.0056148370564119,0.045018037575832,0.0747453882536701,-0.0323222086928908,0.3141534391534391,0.5,0.5,0.0,0.1666666666666666,0.0,0.0427721740306709,0.0255766385232963,0.5,-0.009391175468865434
2017-03-15,TRAIN_2016_2022,NET60,20,0.75,HIGH,HIGH,HIGH_PERSIST,0.0,B4,F_LOW,W+,HIGH|B4,HIGH|W+,HIGH|F_LOW,0.0252389352333822,0.0255737064382428,0.0046358245861946,0.0034078580540564,0.0859685276382924,-0.0271530654868455,0.4064771976206213,0.625,0.5,0.125,0.0,0.1666666666666666,0.0567029973382203,0.0194269138785509,0.5,0.0034998719015091333
2017-05-23,TRAIN_2016_2022,NET60,20,1.0,HIGH,HIGH,HIGH_ENTRY,0.5,B4,F_HIGH,W+,HIGH|B4,HIGH|W+,HIGH|F_HIGH,0.0528597593735836,0.0528028699512952,0.0183073118150209,0.0465504078432945,0.0924706427460887,0.0,0.4493333333333333,0.75,0.75,0.0,0.5,0.0,0.0517941640705955,0.0159446091568055,1.0,0.002790509200589401
2017-05-30,TRAIN_2016_2022,NET60,20,1.0,HIGH,HIGH,HIGH_PERSIST,0.0,B4,F_HIGH,W+,HIGH|B4,HIGH|W+,HIGH|F_HIGH,0.0684396732068737,0.0657628870959911,0.0290621179654897,0.072046610039685,0.0858173481587124,0.0,0.429427430093209,0.75,0.75,0.0,0.5,0.0,0.0433201215426469,0.0164636349614553,1.0,0.005046581285594699
2017-06-07,TRAIN_2016_2022,NET60,20,0.75,HIGH,HIGH,HIGH_PERSIST,-0.25,B4,F_HIGH,W+,HIGH|B4,HIGH|W+,HIGH|F_HIGH,0.0242236713950188,0.0221359822485822,0.0485279623027303,0.1129316733804572,0.0702409945810277,0.0,0.4493041749502982,0.5,0.5,0.0,0.5,0.0,0.0979329963808858,0.0301979366564842,1.0,0.010884071175911232
2017-06-14,TRAIN_2016_2022,NET60,20,0.875,HIGH,HIGH,HIGH_PERSIST,0.125,B4,F_HIGH,W+,HIGH|B4,HIGH|W+,HIGH|F_HIGH,0.0232263235024884,0.0206184516089926,0.0543403104733635,0.1090153635031807,0.0782303123167755,0.0,0.431023102310231,0.375,0.375,0.0,0.5,0.0,0.0769656316535858,0.0248550618221134,0.75,0.018001855972303263
2017-06-21,TRAIN_2016_2022,NET60,20,0.625,HIGH,HIGH,HIGH_PERSIST,-0.25,B4,F_HIGH,W+,HIGH|B4,HIGH|W+,HIGH|F_HIGH,0.0553417052484849,0.0501338307642142,0.0321655919099697,0.0903479212598452,0.0904684194249425,-0.0134399849910581,0.3650689428759028,0.375,0.375,0.0,0.1666666666666666,0.0,0.0996629234344488,0.0241702924117373,0.75,0.0020496181566879643
2017-06-28,TRAIN_2016_2022,NET60,20,0.75,HIGH,HIGH,HIGH_PERSIST,0.125,B3,F_HIGH,W+,HIGH|B3,HIGH|W+,HIGH|F_HIGH,0.0320375823853331,0.0321920397965705,0.0183402698651962,0.0794161991459534,0.0933282360845312,-0.0130781287851529,0.2675409836065573,0.5,0.5,0.0,0.5,0.0,0.1095159419352883,0.0210623786910324,1.0,-0.008131796516788265
2017-07-05,TRAIN_2016_2022,NET60,20,0.625,HIGH,HIGH,HIGH_PERSIST,-0.125,B3,F_HIGH,W+,HIGH|B3,HIGH|W+,HIGH|F_HIGH,0.0325895156928422,0.0280920261407551,-0.0153396426554516,0.0549384722516002,0.0956158365712657,-0.018243805018089,0.2366362451108213,0.625,0.625,0.0,0.1666666666666666,0.0,0.0969054146539466,0.0238321260338502,0.75,-0.033652466739318335
2017-07-12,TRAIN_2016_2022,NET60,20,0.875,HIGH,HIGH,HIGH_PERSIST,0.25,B3,F_LOW,W-,HIGH|B3,HIGH|W-,HIGH|F_LOW,-0.0068750236061016,-0.0151294917322615,-0.0311695990652308,0.0527317912747158,0.0863160578198885,-0.0322843688471981,0.2220052083333333,0.625,0.125,0.5,0.0,0.0,0.0904340655220194,0.0222816784732446,0.75,-0.0487468628234694
2017-07-19,TRAIN_2016_2022,NET60,20,0.75,HIGH,HIGH,HIGH_PERSIST,-0.125,B3,F_HIGH,W+,HIGH|B3,HIGH|W+,HIGH|F_HIGH,-0.0679836765151615,-0.0704717608775891,0.0005868959881036,0.0516786331814209,0.0900400410172345,-0.0128609768762261,0.3131510416666667,0.375,0.375,0.0,0.1666666666666666,0.3333333333333333,0.0924914371631584,0.0314310617485929,1.0,-0.016639315072370035
2017-08-31,TRAIN_2016_2022,NET60,20,0.625,HIGH,HIGH,HIGH_ENTRY,0.125,B3,F_HIGH,W+,HIGH|B3,HIGH|W+,HIGH|F_HIGH,-0.0052362208248959,-0.0006040459774754,-0.0030777178154698,-0.0212271105693029,0.1270930351599646,-0.0241139084035539,0.3348445595854922,0.375,0.25,0.125,0.1666666666666666,0.6666666666666666,0.0498213697798063,0.0260587185596602,0.75,0.003997985707631167
2017-09-07,TRAIN_2016_2022,NET60,20,0.625,HIGH,HIGH,HIGH_PERSIST,0.0,B4,F_HIGH,W+,HIGH|B4,HIGH|W+,HIGH|F_HIGH,0.0037777065195411,0.0080090026563508,0.0112225009559436,-0.0290919770288339,0.1120680008637707,-0.0302091373946051,0.4042690815006468,0.5,0.5,0.0,0.1666666666666666,0.3333333333333333,0.0856847511991572,0.0406308531354771,0.75,0.020919826632221566
2017-09-14,TRAIN_2016_2022,NET60,20,0.75,HIGH,HIGH,HIGH_PERSIST,0.125,B4,F_HIGH,W+,HIGH|B4,HIGH|W+,HIGH|F_HIGH,-0.0025038076578766,-0.000642856211559,0.0181485449036247,-0.0138653322700345,0.0927923711938517,-0.0222963339304093,0.4301423027166882,0.5,0.5,0.0,0.1666666666666666,0.3333333333333333,0.085153890125864,0.0523141827116356,1.0,0.02277032232696953
2017-11-24,TRAIN_2016_2022,NET60,20,0.625,HIGH,HIGH,HIGH_ENTRY,0.25,B4,F_HIGH,W+,HIGH|B4,HIGH|W+,HIGH|F_HIGH,-0.0674982220953309,-0.0660715031346963,0.1051505378630976,0.1393503461811536,0.1090048776545439,-0.0016056314744783,0.6168045830681095,0.625,0.625,0.0,0.1666666666666666,0.0,0.0802706129936597,0.0676547891727871,0.75,0.058700422469379725
2018-01-10,TRAIN_2016_2022,NET60,20,0.625,HIGH,HIGH,HIGH_ENTRY,0.25,B4,F_HIGH,R+,HIGH|B4,HIGH|R+,HIGH|F_HIGH,-0.0311477232700446,-0.0322008152763227,0.0883993143793386,0.1808267620002126,0.2050399965210403,0.0,0.5214917825537294,0.375,0.375,0.0,0.1666666666666666,0.0,0.1961454652566932,0.0725374653476465,0.75,0.02812372704593439
2018-01-17,TRAIN_2016_2022,NET60,20,0.625,HIGH,HIGH,HIGH_PERSIST,0.0,B4,F_HIGH,R+,HIGH|B4,HIGH|R+,HIGH|F_HIGH,-0.0597613385767724,-0.0607913263618241,0.1030090030308532,0.2170252466107376,0.2030254231026585,-0.0064940343576689,0.5138713745271122,0.25,0.25,0.0,0.1666666666666666,0.0,0.1811474112763092,0.0577514737289845,0.75,0.030667254160607324
2018-02-14,TRAIN_2016_2022,NET60,20,0.625,HIGH,HIGH,HIGH_ENTRY,0.125,B3,F_LOW,N-,HIGH|B3,HIGH|N-,HIGH|F_LOW,0.0200642143857595,0.0173840670786461,-0.0127166401567461,0.0825172406652048,0.2617895452950814,-0.0679127552835706,0.1894604767879548,0.625,0.25,0.375,0.0,0.1666666666666666,0.0248328640160298,0.0520829547159834,0.75,-0.0402223870451477
2018-02-23,TRAIN_2016_2022,NET60,20,0.75,HIGH,HIGH,HIGH_PERSIST,0.125,B3,F_LOW,W-,HIGH|B3,HIGH|W-,HIGH|F_LOW,-0.0208555809550788,-0.0213396887219249,-0.0087186870601975,0.0924229460217165,0.2681296507195042,-0.042325720325037,0.2041327489041953,0.625,0.125,0.5,0.0,0.0,0.0298086224744971,0.0392304464609511,0.75,-0.039526335734102996
2018-03-26,TRAIN_2016_2022,NET60,20,0.75,HIGH,HIGH,HIGH_ENTRY,0.375,B4,F_HIGH,W+,HIGH|B4,HIGH|W+,HIGH|F_HIGH,0.0641813668065804,0.0686767129672579,-0.0140244246710278,0.126360223973273,0.2453489760197157,-0.055756551119719,0.4840525328330206,0.625,0.375,0.25,0.1666666666666666,0.3333333333333333,0.0029175826197254,0.0499526863754462,1.0,-0.05614449932878547
2018-04-02,TRAIN_2016_2022,NET60,20,0.75,HIGH,HIGH,HIGH_PERSIST,0.0,B3,F_HIGH,W+,HIGH|B3,HIGH|W+,HIGH|F_HIGH,0.0556826217824481,0.0601004288785015,0.0156846330359587,0.0781314143529363,0.2448010860026287,-0.0391443489349351,0.304755944931164,0.5,0.5,0.0,0.1666666666666666,0.3333333333333333,0.0651422732883804,0.0567195280429385,1.0,-0.0103591717483534
2018-04-09,TRAIN_2016_2022,NET60,20,0.75,HIGH,HIGH,HIGH_PERSIST,0.0,B3,F_HIGH,W-,HIGH|B3,HIGH|W-,HIGH|F_HIGH,0.0473978996019816,0.0469778137887608,-0.0062375105401781,0.0696657420883477,0.2076755324413469,-0.0313472351995689,0.342714196372733,0.75,0.5,0.25,0.1666666666666666,0.3333333333333333,0.0510772265430599,0.0571718284852721,1.0,-0.029459424569627336
2018-04-16,TRAIN_2016_2022,NET60,20,0.625,HIGH,HIGH,HIGH_PERSIST,-0.125,B4,F_HIGH,W+,HIGH|B4,HIGH|W+,HIGH|F_HIGH,0.0240093098086268,0.0213842798909416,0.0265738307892049,0.0536761936576346,0.211225032196321,-0.0052317499551839,0.3901064495929868,0.625,0.625,0.0,0.1666666666666666,0.3333333333333333,0.0616230863532062,0.0432133370864964,0.75,0.008681766236660032
2018-04-23,TRAIN_2016_2022,NET60,20,0.625,HIGH,HIGH,HIGH_PERSIST,0.0,B4,F_HIGH,W+,HIGH|B4,HIGH|W+,HIGH|F_HIGH,0.0275790537018526,0.0316832213058891,0.0480759545547708,0.0243675990540936,0.1085336960463637,-0.0103611459827103,0.5734002509410289,0.5,0.5,0.0,0.1666666666666666,0.0,0.1116517763259128,0.0333606957438755,0.75,0.0399534215367396
2018-04-30,TRAIN_2016_2022,NET60,20,0.75,HIGH,HIGH,HIGH_PERSIST,0.125,B4,F_HIGH,W+,HIGH|B4,HIGH|W+,HIGH|F_HIGH,0.0393201242238145,0.0424167065940035,0.0288531117500354,0.0031534039973912,0.0988723943935184,-0.010431048052934,0.4610552763819096,0.625,0.625,0.0,0.1666666666666666,0.0,0.1677335095745858,0.040505585805977,0.5,0.027801977084238334
2018-05-09,TRAIN_2016_2022,NET60,20,0.625,HIGH,HIGH,HIGH_PERSIST,-0.125,B4,F_HIGH,W+,HIGH|B4,HIGH|W+,HIGH|F_HIGH,0.0538683813616025,0.0492039087034515,-0.0037002476412082,0.061953340388865,0.1453694547090905,-0.0339654005966661,0.4962121212121212,0.5,0.5,0.0,0.1666666666666666,0.3333333333333333,0.1793369726826995,0.0666927356931729,0.75,-0.0243513611041632
2018-05-16,TRAIN_2016_2022,NET60,20,0.75,HIGH,HIGH,HIGH_PERSIST,0.125,B4,F_HIGH,W+,HIGH|B4,HIGH|W+,HIGH|F_HIGH,0.0165222765808869,0.0186664436369186,-0.0274338815262245,0.0379692472042947,0.1528108586188662,-0.0315536026263953,0.4277638190954774,0.625,0.5,0.125,0.1666666666666666,0.3333333333333333,0.1505287505190422,0.0808711260435796,1.0,-0.0400902972609894
2018-05-24,TRAIN_2016_2022,NET60,20,0.625,HIGH,HIGH,HIGH_PERSIST,-0.125,B3,F_HIGH,W+,HIGH|B3,HIGH|W+,HIGH|F_HIGH,-0.0221936564829609,-0.0238628194894066,-0.0044418766377082,0.0287871578280825,0.1591237226174591,-0.0137707141385816,0.2876884422110553,0.625,0.5,0.125,0.1666666666666666,0.3333333333333333,0.141169100693716,0.0432209674404342,1.0,-0.0140375959137357
2018-05-31,TRAIN_2016_2022,NET60,20,0.875,HIGH,HIGH,HIGH_PERSIST,0.25,B3,F_HIGH,W+,HIGH|B3,HIGH|W+,HIGH|F_HIGH,-0.0800522484229072,-0.0824502469759734,0.0008591588959609,0.0458881079641004,0.1869095601520445,-0.0095808510847024,0.3128140703517588,0.625,0.5,0.125,0.5,0.0,0.1353499569103773,0.0338078367962528,0.75,-0.014436877092072567
2018-06-08,TRAIN_2016_2022,NET60,20,0.625,HIGH,HIGH,HIGH_PERSIST,-0.25,B3,F_HIGH,W+,HIGH|B3,HIGH|W+,HIGH|F_HIGH,-0.0614126281799285,-0.0624394750286177,0.0235164705985551,0.0133686345207317,0.1538327669854153,-0.0112476763426107,0.2672521957340025,0.375,0.375,0.0,0.0,0.0,0.1395256239442918,0.0253156437824233,0.25,0.019060259091644532
2018-06-25,TRAIN_2016_2022,NET60,20,0.625,HIGH,HIGH,HIGH_ENTRY,0.125,B3,F_LOW,W-,HIGH|B3,HIGH|W-,HIGH|F_LOW,-0.0570246112792304,-0.0528416194449821,-0.05410760120249,-0.0130364514908042,0.2243403347335675,-0.0671332150321875,0.243125,0.5,0.0,0.5,0.0,0.0,0.1304256401689837,0.0436701721517268,0.75,-0.049762117372221935
2018-07-16,TRAIN_2016_2022,NET60,20,0.625,HIGH,HIGH,HIGH_ENTRY,0.125,B2,F_LOW,W-,HIGH|B1_B2,HIGH|W-,HIGH|F_LOW,-0.0702576971081264,-0.0665087152383643,-0.0287610003195758,-0.0832633628880812,0.2286823494353889,-0.08714659426482,0.2173100871731008,0.375,0.125,0.25,0.0,0.0,0.1058678338267627,0.043721068819087,0.75,-0.0010065460235487364
2018-08-06,TRAIN_2016_2022,NET60,20,0.625,HIGH,HIGH,HIGH_ENTRY,0.125,B2,F_HIGH,W-,HIGH|B1_B2,HIGH|W-,HIGH|F_HIGH,0.0282423410114597,0.0249603826398758,-0.0220670224917504,-0.0929771142178064,0.221163769931508,-0.1221529042486895,0.238954573739888,0.625,0.25,0.375,0.0,0.1666666666666666,0.0721529439243914,0.056144131763182,0.75,0.008925348914185068
2018-08-13,TRAIN_2016_2022,NET60,20,0.625,HIGH,HIGH,HIGH_PERSIST,0.0,B2,F_LOW,W-,HIGH|B1_B2,HIGH|W-,HIGH|F_LOW,0.0712959263523692,0.0706669375223252,-0.0700379540086399,-0.1234217782317009,0.2356590746522799,-0.1495002023812551,0.3821339950372208,0.5,0.0,0.5,0.0,0.0,0.0622567699616897,0.0491547601753905,0.75,-0.028897361264739595
2018-08-21,TRAIN_2016_2022,NET60,20,0.75,HIGH,HIGH,HIGH_PERSIST,0.125,B2,F_HIGH,W+,HIGH|B1_B2,HIGH|W+,HIGH|F_HIGH,0.0268058860771206,0.0202912914938268,0.0442291200847873,-0.1060804070232815,0.2001649105775364,-0.1167486680122847,0.4150124069478908,0.75,0.75,0.0,0.1666666666666666,0.0,0.0797574975180728,0.0275927010259819,0.5,0.07958925575921447
2018-09-18,TRAIN_2016_2022,NET60,20,0.625,HIGH,HIGH,HIGH_ENTRY,0.25,B4,F_HIGH,W+,HIGH|B4,HIGH|W+,HIGH|F_HIGH,-0.105044916614131,-0.1130182465572099,0.0450240487632827,-0.0123956239536964,0.0825282795949024,-0.0063499554386937,0.4150246305418719,0.5,0.5,0.0,0.1666666666666666,0.3333333333333333,0.1145415825137046,0.0496590469371917,0.75,0.04915592341451483
2018-10-08,TRAIN_2016_2022,NET60,20,0.75,HIGH,HIGH,HIGH_ENTRY,0.25,B3,F_LOW,W-,HIGH|B3,HIGH|W-,HIGH|F_LOW,-0.1071639622759776,-0.1130542656476096,-0.0592353066856689,-0.0368720745016327,0.1308174394855513,-0.0692851767122619,0.2748466257668712,0.625,0.125,0.5,0.0,0.0,0.0911411411947495,0.0264942778478777,0.5,-0.04694461518512467
2018-10-16,TRAIN_2016_2022,NET60,20,0.625,HIGH,HIGH,HIGH_PERSIST,-0.125,B2,F_LOW,W-,HIGH|B1_B2,HIGH|W-,HIGH|F_LOW,-0.0828491074694963,-0.0832962851258755,-0.1070471975161068,-0.1030802029633918,0.2783729979558387,-0.1169496423574879,0.3920245398773006,0.375,0.0,0.375,0.0,0.0,0.0806073813833316,0.0180739911341735,0.75,-0.07268712986164287
2018-10-23,TRAIN_2016_2022,NET60,20,0.75,HIGH,HIGH,HIGH_PERSIST,0.125,B2,F_LOW,W-,HIGH|B1_B2,HIGH|W-,HIGH|F_LOW,-0.0621089881505043,-0.0603448073178159,-0.1270431507938083,-0.0473906021099965,0.2968625247778032,-0.1325863878861706,0.1802575107296137,0.375,0.0,0.375,0.0,0.0,0.0804905058788277,0.0280137943330696,1.0,-0.11124628342380946
2018-10-30,TRAIN_2016_2022,NET60,20,0.625,HIGH,HIGH,HIGH_PERSIST,-0.125,B2,F_LOW,N-,HIGH|B1_B2,HIGH|N-,HIGH|F_LOW,0.04030099698337,0.0380354108947539,-0.216344834357868,-0.1671690465871077,0.3522062935374832,-0.2220077004565676,0.5189486552567237,0.375,0.0,0.375,0.0,0.0,0.0366914458417436,0.0414099375964976,0.25,-0.16062181882883209
2018-12-26,TRAIN_2016_2022,NET60,20,0.625,HIGH,HIGH,HIGH_ENTRY,0.25,B2,F_LOW,N-,HIGH|B1_B2,HIGH|N-,HIGH|F_LOW,0.0624099186198761,0.0661201404782344,-0.0501331797580959,-0.1890916356250432,0.2000407635483412,-0.1843822687345802,0.3793939393939394,0.375,0.0,0.375,0.0,0.0,0.1127401219746284,0.0182678036467675,0.75,0.012897365450251837
2019-01-04,TRAIN_2016_2022,NET60,20,0.75,HIGH,HIGH,HIGH_PERSIST,0.125,B2,F_LOW,W-,HIGH|B1_B2,HIGH|W-,HIGH|F_LOW,0.0466771370144426,0.0475525084839582,-0.0598706645315897,-0.1309840234435754,0.2093506395174197,-0.1053644318691491,0.2961399276236429,0.625,0.0,0.625,0.0,0.0,0.0727796114002728,0.0205419831191481,0.5,-0.016209323383731232
2019-03-28,TRAIN_2016_2022,NET60,20,0.75,HIGH,HIGH,HIGH_ENTRY,0.25,B3,F_LOW,W+,HIGH|B3,HIGH|W+,HIGH|F_LOW,0.0610128041019592,0.0627737868541198,-0.0420972312003673,0.0950651311500068,0.190072931036071,-0.0420972312003672,0.2785800240673887,0.625,0.25,0.375,0.0,0.0,0.0578809345649997,0.03655215468143,0.5,-0.07378560825036956
2019-04-04,TRAIN_2016_2022,NET60,20,0.625,HIGH,HIGH,HIGH_PERSIST,-0.125,B3,F_HIGH,W+,HIGH|B3,HIGH|W+,HIGH|F_HIGH,0.0298239261805946,0.0284012781549963,0.0137230297116466,0.128519536365065,0.1484076072774398,-0.0082256460328747,0.2984984984984985,0.5,0.5,0.0,0.1666666666666666,0.0,0.0244542046443379,0.0309127586321268,0.75,-0.029116815743375067
2019-04-11,TRAIN_2016_2022,NET60,20,0.625,HIGH,HIGH,HIGH_PERSIST,0.0,B4,F_HIGH,W+,HIGH|B4,HIGH|W+,HIGH|F_HIGH,-0.0388169822825063,-0.0389466434900651,0.0147116053868454,0.1177265189578979,0.1411318967937091,0.0,0.3980757666867107,0.625,0.625,0.0,0.1666666666666666,0.0,0.0399454488611605,0.03006355476269,0.75,-0.02453056759912057
2019-04-18,TRAIN_2016_2022,NET60,20,0.75,HIGH,HIGH,HIGH_PERSIST,0.125,B4,F_LOW,N+,HIGH|B4,HIGH|N+,HIGH|F_LOW,0.0024978566232601,0.0095341480057784,0.0161950846833236,0.083183110360157,0.1455464255445044,-0.0202893490721464,0.4897836538461538,0.375,0.375,0.0,0.0,0.0,0.0331515865506965,0.0188741027380495,0.5,-0.011532618770062068
2019-04-25,TRAIN_2016_2022,NET60,20,0.625,HIGH,HIGH,HIGH_PERSIST,-0.125,B3,F_LOW,N+,HIGH|B3,HIGH|N+,HIGH|F_LOW,0.0376565448904257,0.0456451078384521,0.0403591085217487,0.0539035780008743,0.106014469301628,-0.0258252050211597,0.336144578313253,0.0,0.0,0.0,0.0,0.0,0.0749581850945445,0.0104792522211753,0.75,0.02239124918812393
2019-05-13,TRAIN_2016_2022,NET60,20,0.875,HIGH,HIGH,HIGH_ENTRY,0.375,B3,F_LOW,W-,HIGH|B3,HIGH|W-,HIGH|F_LOW,0.1231262722438332,0.1269831400505388,-0.0668166160421038,-0.0322886838110809,0.1515076316079627,-0.0746571050482801,0.3285111512959614,0.5,0.0,0.5,0.0,0.0,0.0756130319248701,0.0136712946533472,0.75,-0.05605372143841017
2019-05-20,TRAIN_2016_2022,NET60,20,0.75,HIGH,HIGH,HIGH_PERSIST,-0.125,B3,F_LOW,W-,HIGH|B3,HIGH|W-,HIGH|F_LOW,0.069974353073212,0.071831673664849,-0.0586455133350791,-0.0497456096603502,0.1730943404610582,-0.0777449831156545,0.3317278747742324,0.5,0.0,0.5,0.0,0.0,0.0784273021542489,0.0414059633467705,0.5,-0.042063643448295704
2019-05-27,TRAIN_2016_2022,NET60,20,0.75,HIGH,HIGH,HIGH_PERSIST,0.0,B2,F_HIGH,W-,HIGH|B1_B2,HIGH|W-,HIGH|F_HIGH,0.0241592996025113,0.0267158546925958,-0.0708646861005259,-0.0740582444055292,0.1747451667334276,-0.0948597960743796,0.2594594594594595,0.625,0.25,0.375,0.0,0.0,0.1102374158294696,0.0510898669151309,0.5,-0.046178604632016174
2019-06-03,TRAIN_2016_2022,NET60,20,0.75,HIGH,HIGH,HIGH_PERSIST,0.0,B2,F_LOW,W-,HIGH|B1_B2,HIGH|W-,HIGH|F_LOW,0.0022257774140022,0.0026728664119121,-0.0793803722167171,-0.0487150858627466,0.1805235256452462,-0.0902200597112868,0.2462462462462462,0.5,0.125,0.375,0.0,0.0,0.0902475053596829,0.0453029952019858,0.5,-0.06314201026246823
2019-06-11,TRAIN_2016_2022,NET60,20,0.75,HIGH,HIGH,HIGH_PERSIST,0.0,B3,F_HIGH,W+,HIGH|B3,HIGH|W+,HIGH|F_HIGH,-0.0888837591500183,-0.088153367857868,0.027334129442881,-0.0272049749007913,0.1611053796074471,-0.0493636625786199,0.3143371325734853,0.625,0.625,0.0,0.1666666666666666,0.0,0.0973199852727842,0.0403235305106675,0.5,0.036402454409811436
2019-06-18,TRAIN_2016_2022,NET60,20,0.75,HIGH,HIGH,HIGH_PERSIST,0.0,B3,F_HIGH,W+,HIGH|B3,HIGH|W+,HIGH|F_HIGH,-0.0588306351967483,-0.0572314907712624,0.01494214176208,-0.0291065478510669,0.1322165327468057,-0.0639645179125795,0.3958208955223881,0.5,0.5,0.0,0.1666666666666666,0.0,0.0876458711313903,0.0237735649052485,0.5,0.0246443243791023
2019-06-25,TRAIN_2016_2022,NET60,20,0.75,HIGH,HIGH,HIGH_PERSIST,0.0,B4,F_HIGH,W+,HIGH|B4,HIGH|W+,HIGH|F_HIGH,-0.0601408222568953,-0.0593513835446927,0.0273441485815897,-0.0069338188369705,0.1317495667695823,-0.0701095078510672,0.4150268336314848,0.5,0.5,0.0,0.1666666666666666,0.0,0.0390626853278218,0.0201519783896118,0.5,0.029655421527246532
2019-07-02,TRAIN_2016_2022,NET60,20,0.625,HIGH,HIGH,HIGH_PERSIST,-0.125,B3,F_HIGH,W+,HIGH|B3,HIGH|W+,HIGH|F_HIGH,-0.08623818697875,-0.0823510940239721,0.0063006041000228,-0.0556803429435212,0.1183202293625916,-0.084487896489385,0.3289708506841166,0.5,0.5,0.0,0.1666666666666666,0.0,0.0348565228091615,0.033526543988056,0.75,0.024860718414529866
2019-07-09,TRAIN_2016_2022,NET60,20,0.625,HIGH,HIGH,HIGH_PERSIST,0.0,B2,F_LOW,W-,HIGH|B1_B2,HIGH|W-,HIGH|F_LOW,-0.1182010124705113,-0.1209251961906718,-0.08931779810229,-0.1269370422596634,0.1537515095240308,-0.1342724070331228,0.3596908442330558,0.5,0.0,0.5,0.0,0.0,0.0412475577160992,0.0298545858892559,0.75,-0.0470054506824022
2019-07-30,TRAIN_2016_2022,NET60,20,0.625,HIGH,HIGH,HIGH_ENTRY,0.25,B2,F_LOW,W-,HIGH|B1_B2,HIGH|W-,HIGH|F_LOW,-0.0514884550411949,-0.0520593410119782,-0.1026982223245438,-0.1687216085360364,0.2254509136458649,-0.1594710346109915,0.4121500893388922,0.125,0.0,0.125,0.0,0.0,0.0413093522695027,0.0146289059473252,0.5,-0.046457686145865
2019-08-06,TRAIN_2016_2022,NET60,20,0.625,HIGH,HIGH,HIGH_PERSIST,0.0,B2,F_LOW,W-,HIGH|B1_B2,HIGH|W-,HIGH|F_LOW,0.0977844726067097,0.0986107470804731,-0.1475880072918981,-0.2025047291233731,0.3045622062968034,-0.2237235695565708,0.4848304580606781,0.5,0.0,0.5,0.0,0.0,0.0491820358701121,0.01352711521011,0.25,-0.0800864309174404
2019-08-13,TRAIN_2016_2022,NET60,20,0.625,HIGH,HIGH,HIGH_PERSIST,0.0,B2,F_LOW,W-,HIGH|B1_B2,HIGH|W-,HIGH|F_LOW,0.0421328907499979,0.0452128572717785,-0.1094729190088946,-0.1468987327204989,0.3431022351794761,-0.1723681362811557,0.2913946587537092,0.5,0.0,0.5,0.0,0.0,0.0405765759900732,0.0214936524140144,0.75,-0.0605066747687283
2019-09-20,TRAIN_2016_2022,NET60,20,0.625,HIGH,HIGH,HIGH_ENTRY,0.375,B4,F_LOW,W+,HIGH|B4,HIGH|W+,HIGH|F_LOW,0.0027870019142619,0.0042558757743602,0.0452840743058327,-0.0851142930123707,0.1818694530864752,-0.0839443803590878,0.4254566882734237,0.125,0.125,0.0,0.0,0.0,0.0239765978564515,0.0180525620416036,0.75,0.07365550530995627
2019-09-27,TRAIN_2016_2022,NET60,20,0.875,HIGH,HIGH,HIGH_PERSIST,0.25,B3,F_HIGH,W+,HIGH|B3,HIGH|W+,HIGH|F_HIGH,0.0192208354847209,0.0190988442321687,0.0364624210417092,-0.0986983611387406,0.1366670082201432,-0.0938410184572768,0.3630460448642267,0.5,0.5,0.0,0.5,0.0,0.0348370676440333,0.0182038493666019,0.75,0.06936187475462274
2019-10-22,TRAIN_2016_2022,NET60,20,0.625,HIGH,HIGH,HIGH_ENTRY,0.125,B3,F_HIGH,W+,HIGH|B3,HIGH|W+,HIGH|F_HIGH,0.0239479185833803,0.0254767907353825,-0.0035810226992393,-0.0316797121051315,0.1316111179169227,-0.0197563097244739,0.3665291691219799,0.375,0.375,0.0,0.1666666666666666,0.0,0.0530271669611377,0.0244091020354331,0.25,0.006978881335804533
2019-10-29,TRAIN_2016_2022,NET60,20,0.625,HIGH,HIGH,HIGH_PERSIST,0.0,B4,F_LOW,N+,HIGH|B4,HIGH|N+,HIGH|F_LOW,-0.0070632925861648,-0.0072135226880407,0.027743769529853,0.0323250960299994,0.1063583675054292,-0.0031714829944468,0.4102413184226015,0.25,0.25,0.0,0.0,0.0,0.0619765014819262,0.0230350810385226,0.25,0.0169687375198532
2019-12-03,TRAIN_2016_2022,NET60,20,0.75,HIGH,HIGH,HIGH_ENTRY,0.25,B3,F_LOW,N-,HIGH|B3,HIGH|N-,HIGH|F_LOW,0.0304405508464425,0.0260337623353957,-0.0475400381016599,0.0014493194906499,0.1305753204294227,-0.0496106751622558,0.2342028985507246,0.5,0.0,0.5,0.0,0.0,0.044088243982184,0.0125174996001156,0.5,-0.048023144598543205
2019-12-10,TRAIN_2016_2022,NET60,20,0.625,HIGH,HIGH,HIGH_PERSIST,-0.125,B3,F_LOW,W-,HIGH|B3,HIGH|W-,HIGH|F_LOW,0.0272274397114578,0.0233969906414939,-0.0488961328456591,-0.0077505963811596,0.1436022133868326,-0.0525744433412446,0.2314814814814814,0.25,0.0,0.25,0.0,0.0,0.0290534482136564,0.0090061673889183,0.25,-0.0463126007186059
2019-12-24,TRAIN_2016_2022,NET60,20,0.625,HIGH,HIGH,HIGH_ENTRY,0.125,B3,F_LOW,N+,HIGH|B3,HIGH|N+,HIGH|F_LOW,-0.0208725917871338,-0.0194275835425364,-0.0143194755339821,0.0160401188903871,0.1104380886857974,-0.0361069734221658,0.3911290322580645,0.375,0.25,0.125,0.0,0.1666666666666666,0.0124962717065025,0.0187798090585342,0.75,-0.0196661818307778
2020-01-03,TRAIN_2016_2022,NET60,20,0.625,HIGH,HIGH,HIGH_PERSIST,0.0,B4,F_LOW,N+,HIGH|B4,HIGH|N+,HIGH|F_LOW,-0.0132683526153172,-0.0144935400291516,0.054907540288438,0.0676816030661084,0.119312001390012,-0.0032307797426757,0.5054691997697179,0.375,0.375,0.0,0.0,0.0,0.0371081158410364,0.0283974386190104,0.25,0.03234700593306854
2020-01-17,TRAIN_2016_2022,NET60,20,0.625,HIGH,HIGH,HIGH_ENTRY,0.125,B4,F_HIGH,W+,HIGH|B4,HIGH|W+,HIGH|F_HIGH,0.0060025094728261,0.0122967771805841,0.0478096875228013,0.0506408057558867,0.2114581943227792,0.0,0.4759450171821305,0.5,0.5,0.0,0.1666666666666666,0.0,0.0304191287599532,0.0429060806650513,0.75,0.030929418937505733
2020-01-28,TRAIN_2016_2022,NET60,20,0.625,HIGH,HIGH,HIGH_PERSIST,0.0,B4,F_HIGH,N-,HIGH|B4,HIGH|N-,HIGH|F_HIGH,0.0360701342821305,0.0420190014696733,0.0271391281170783,0.015442362960228,0.2436606795043562,-0.0331046386825647,0.3996579247434436,0.5,0.5,0.0,0.1666666666666666,0.3333333333333333,0.016412914170333,0.049820208181382,0.75,0.0219916737970023
2020-02-04,TRAIN_2016_2022,NET60,20,0.625,HIGH,HIGH,HIGH_PERSIST,0.0,B3,F_LOW,W-,HIGH|B3,HIGH|W-,HIGH|F_LOW,-0.0532809107990073,-0.0498697983870868,-0.0189867646051468,-0.0143198927293456,0.2643377812482541,-0.0394672488190881,0.3692922374429224,0.375,0.25,0.125,0.0,0.1666666666666666,0.0235926652094005,0.0371994800791488,0.75,-0.014213467028698266
2020-03-10,TRAIN_2016_2022,NET60,20,0.625,HIGH,HIGH,HIGH_ENTRY,0.25,B2,F_LOW,N-,HIGH|B1_B2,HIGH|N-,HIGH|F_LOW,-0.1229199621127214,-0.1240152392233562,-0.1012012322691519,-0.0420997293399263,0.3210837759445262,-0.1136877410064483,0.2811244979919678,0.375,0.0,0.375,0.0,0.0,0.028020107731933,0.0302001103055787,0.75,-0.08716798915584313
2020-04-29,TRAIN_2016_2022,NET60,20,0.625,HIGH,HIGH,HIGH_ENTRY,0.125,B4,F_HIGH,W+,HIGH|B4,HIGH|W+,HIGH|F_HIGH,0.1478522942087649,0.1467461990525693,0.1643561011699421,-0.0365206976805875,0.2601790861787204,-0.0689752030056733,0.347326049453709,0.5,0.5,0.0,0.1666666666666666,0.0,0.1448660881505382,0.0692706515487363,0.75,0.17652966706347126
2020-09-01,TRAIN_2016_2022,NET60,20,0.75,HIGH,HIGH,HIGH_ENTRY,0.25,B3,F_HIGH,W+,HIGH|B3,HIGH|W+,HIGH|F_HIGH,0.0237986305314177,0.028287589129799,0.0373365910057073,0.1464874503137461,0.2764487161338791,-0.0036020918817921,0.3157596371882086,0.5,0.5,0.0,0.1666666666666666,0.0,0.1452340533141913,0.0317543107136347,1.0,-0.011492559098874734
2020-09-08,TRAIN_2016_2022,NET60,20,0.625,HIGH,HIGH,HIGH_PERSIST,-0.125,B4,F_HIGH,W+,HIGH|B4,HIGH|W+,HIGH|F_HIGH,-0.0058166924923928,-0.0045222992145355,0.0299811518897208,0.2867515830316631,0.2843059349447435,-0.0054895705784033,0.3790368271954674,0.625,0.625,0.0,0.5,0.0,0.1319708608713188,0.0119317596260571,0.25,-0.06560270912083357
2020-09-15,TRAIN_2016_2022,NET60,20,0.875,HIGH,HIGH,HIGH_PERSIST,0.25,B4,F_HIGH,W+,HIGH|B4,HIGH|W+,HIGH|F_HIGH,-0.0802916244008782,-0.0828659848306458,0.1295482691172371,0.2280864528376336,0.2153260369721872,0.0,0.3666666666666666,0.625,0.625,0.0,0.5,0.0,0.0579694664781035,0.0269025490849582,0.75,0.053519451504692575
2020-09-22,TRAIN_2016_2022,NET60,20,0.875,HIGH,HIGH,HIGH_PERSIST,0.0,B3,F_HIGH,W+,HIGH|B3,HIGH|W+,HIGH|F_HIGH,-0.0696078645195177,-0.0687536784592809,0.023665238989067,0.1867502326291634,0.2010863000296992,-0.0579497013092278,0.3421795595708639,0.75,0.75,0.0,0.5,0.0,0.0482049663761268,0.0209462546805106,0.75,-0.03858483855398747
2020-09-29,TRAIN_2016_2022,NET60,20,0.625,HIGH,HIGH,HIGH_PERSIST,-0.25,B3,F_HIGH,N-,HIGH|B3,HIGH|N-,HIGH|F_HIGH,-0.0515575223361144,-0.0494497401832706,-0.0037456724437546,0.1217823858287474,0.2711151312216865,-0.0594709514376463,0.1658206429780034,0.625,0.375,0.25,0.1666666666666666,0.3333333333333333,0.036396924497967,0.0545825267450173,0.75,-0.04433980105333707
2020-10-19,TRAIN_2016_2022,NET60,20,0.625,HIGH,HIGH,HIGH_ENTRY,0.125,B3,F_LOW,N-,HIGH|B3,HIGH|N-,HIGH|F_LOW,0.0176068400358257,0.0196039911477557,-0.0838246699438417,0.0547663623181873,0.2629310217490168,-0.0838246699438418,0.280652418447694,0.375,0.0,0.375,0.0,0.0,0.0598182271690376,0.061377879945872,0.25,-0.10208012404990413
2021-01-14,TRAIN_2016_2022,NET60,20,0.625,HIGH,HIGH,HIGH_ENTRY,0.25,B4,F_HIGH,W+,HIGH|B4,HIGH|W+,HIGH|F_HIGH,0.0443886629782438,0.0419800934442756,0.0613843965577374,0.1803544963296688,0.172662709758362,-0.0043951368265521,0.4856828193832599,0.5,0.5,0.0,0.1666666666666666,0.0,0.0345866427324901,0.0300504034643987,0.75,0.001266231114514467
2021-01-21,TRAIN_2016_2022,NET60,20,0.625,HIGH,HIGH,HIGH_PERSIST,0.0,B4,F_HIGH,W+,HIGH|B4,HIGH|W+,HIGH|F_HIGH,-0.0260183567838985,-0.0302487005964935,0.0447495581664929,0.2439008452575142,0.2106271764185743,0.0,0.3782297965915338,0.625,0.625,0.0,0.1666666666666666,0.0,0.0406899396211783,0.0304616225940743,0.75,-0.03655072358601184
2021-01-28,TRAIN_2016_2022,NET60,20,0.75,HIGH,HIGH,HIGH_PERSIST,0.125,B3,F_HIGH,W+,HIGH|B3,HIGH|W+,HIGH|F_HIGH,-0.0315618985081761,-0.0318797022173227,0.0201623747236145,0.184269939878402,0.2000358730990174,-0.0381451035067087,0.3543956043956044,0.75,0.75,0.0,0.5,0.0,0.0252114741513073,0.0122222394186152,0.5,-0.041260938569186174
2021-02-04,TRAIN_2016_2022,NET60,20,0.875,HIGH,HIGH,HIGH_PERSIST,0.125,B3,F_HIGH,W+,HIGH|B3,HIGH|W+,HIGH|F_HIGH,-0.0648754243315227,-0.0646022721903808,-0.0166122190249982,0.1274176021114936,0.243559098074006,-0.0307915404100477,0.215266337177375,0.875,0.75,0.125,0.5,0.0,0.0078030530515646,0.0133287053310119,0.75,-0.05908475306216274
2021-02-15,TRAIN_2016_2022,NET60,20,0.875,HIGH,HIGH,HIGH_PERSIST,0.0,B3,F_HIGH,W+,HIGH|B3,HIGH|W+,HIGH|F_HIGH,-0.0191005084678019,-0.0238410178139073,0.009591736307853,0.147878751186834,0.2422853732616987,-0.0093387291351895,0.2188015393073117,0.75,0.75,0.0,0.5,0.0,0.0377143992897276,0.0235765772276115,0.75,-0.039701180754425
2021-02-22,TRAIN_2016_2022,NET60,20,0.75,HIGH,HIGH,HIGH_PERSIST,-0.125,B3,F_HIGH,N-,HIGH|B3,HIGH|N-,HIGH|F_HIGH,0.0249908178605354,0.0230545640293102,-0.0181733590469022,0.0977091151380955,0.2139628343998137,-0.0295685176653672,0.3681318681318681,0.5,0.25,0.25,0.0,0.1666666666666666,0.051542906437695,0.0598953277424541,0.5,-0.05074306409293404
2021-03-02,TRAIN_2016_2022,NET60,20,0.75,HIGH,HIGH,HIGH_PERSIST,0.0,B3,F_HIGH,N-,HIGH|B3,HIGH|N-,HIGH|F_HIGH,0.0970206555453509,0.1019599301335826,-0.0216727184312621,0.0547895653174399,0.2554996095693118,-0.0589911138501394,0.2575342465753424,0.75,0.375,0.375,0.0,0.1666666666666666,0.0424996798240258,0.0471377345768323,0.5,-0.03993590687040873
2021-03-09,TRAIN_2016_2022,NET60,20,0.875,HIGH,HIGH,HIGH_PERSIST,0.125,B3,F_HIGH,N-,HIGH|B3,HIGH|N-,HIGH|F_HIGH,0.1072726922350327,0.1075774336089783,-0.0525080155094099,0.0024827011001917,0.2087519121706997,-0.0816827532380483,0.2344262295081967,0.75,0.25,0.5,0.0,0.1666666666666666,0.0907415713703011,0.0679472327001719,0.75,-0.05333558254280713
2021-03-16,TRAIN_2016_2022,NET60,20,0.75,HIGH,HIGH,HIGH_PERSIST,-0.125,B3,F_HIGH,N-,HIGH|B3,HIGH|N-,HIGH|F_HIGH,0.0919155503787724,0.0921968231902006,-0.0285204965516634,0.0410033523245236,0.2279673481746057,-0.037592880494756,0.2386673948661933,0.375,0.25,0.125,0.0,0.1666666666666666,0.078462164579855,0.0489894942777789,0.5,-0.04218828065983793
2021-03-23,TRAIN_2016_2022,NET60,20,0.875,HIGH,HIGH,HIGH_PERSIST,0.125,B3,F_HIGH,W+,HIGH|B3,HIGH|W+,HIGH|F_HIGH,0.1344991670506305,0.1321209404204244,-0.0074321950532519,0.0181392790140073,0.2277728934076838,-0.0367809537278942,0.2864953526517222,0.625,0.625,0.0,0.1666666666666666,0.0,0.0907712206945222,0.0199625013529294,0.75,-0.013478621391254334
2021-03-30,TRAIN_2016_2022,NET60,20,0.75,HIGH,HIGH,HIGH_PERSIST,-0.125,B4,F_HIGH,W+,HIGH|B4,HIGH|W+,HIGH|F_HIGH,0.1245130201850029,0.1263457058393218,0.0371645397888129,0.0351448514641343,0.1446140361426389,-0.0240189516591959,0.3656267104542967,0.625,0.625,0.0,0.5,0.0,0.1435456092069722,0.0253727728297593,1.0,0.025449589300768134
2021-04-06,TRAIN_2016_2022,NET60,20,0.875,HIGH,HIGH,HIGH_PERSIST,0.125,B4,F_HIGH,W+,HIGH|B4,HIGH|W+,HIGH|F_HIGH,0.0910390465508974,0.0911223114836663,0.0785094745372363,0.0049034031886061,0.112742552755478,-0.0095861487362856,0.4668493150684931,0.625,0.625,0.0,0.1666666666666666,0.0,0.1333815927413913,0.0247803960927926,0.75,0.07687500680770094
2021-04-13,TRAIN_2016_2022,NET60,20,0.625,HIGH,HIGH,HIGH_PERSIST,-0.25,B4,F_HIGH,W+,HIGH|B4,HIGH|W+,HIGH|F_HIGH,0.1074338982146299,0.1045210537292551,0.0718547303834988,0.0512726314357714,0.0788297670163804,0.0,0.5400219298245614,0.5,0.5,0.0,0.1666666666666666,0.0,0.1106261560054398,0.0347628363183049,0.75,0.054763853238241664
2021-04-20,TRAIN_2016_2022,NET60,20,0.875,HIGH,HIGH,HIGH_PERSIST,0.25,B4,F_HIGH,W+,HIGH|B4,HIGH|W+,HIGH|F_HIGH,0.0426203499878525,0.0434720131788588,0.0981535884321573,0.0701830826663856,0.0641600646022875,0.0,0.4833242208857299,0.625,0.625,0.0,0.5,0.0,0.1196916196507826,0.032210037597559,0.75,0.0747592275433621
2021-04-27,TRAIN_2016_2022,NET60,20,1.0,HIGH,HIGH,HIGH_PERSIST,0.125,B4,F_HIGH,W+,HIGH|B4,HIGH|W+,HIGH|F_HIGH,0.0106521754605783,0.0137488789115791,0.0895795451157508,0.1055815077406367,0.0705968387961475,-0.0045371682140141,0.4397163120567376,0.875,0.875,0.0,0.5,0.0,0.1192514034281145,0.0156913154159424,1.0,0.05438570920220523
2021-05-04,TRAIN_2016_2022,NET60,20,1.0,HIGH,HIGH,HIGH_PERSIST,0.0,B3,F_HIGH,W+,HIGH|B3,HIGH|W+,HIGH|F_HIGH,0.0676062833310757,0.068055039500294,0.0299950371509951,0.0525303833592381,0.1279302358045862,-0.0450589546785235,0.3211159737417943,0.75,0.75,0.0,0.5,0.0,0.1494368745900169,0.0194137380894003,1.0,0.012484909364582401
2021-05-12,TRAIN_2016_2022,NET60,20,0.875,HIGH,HIGH,HIGH_PERSIST,-0.125,B3,F_HIGH,W+,HIGH|B3,HIGH|W+,HIGH|F_HIGH,0.0141983459224307,0.0112445906449565,-0.0020516495272451,0.0391485495663519,0.1417304541973242,-0.0363317651543186,0.3105522143247676,0.875,0.875,0.0,1.0,0.0,0.1825983168271108,0.0508874647295107,0.75,-0.015101166049362399
2021-05-20,TRAIN_2016_2022,NET60,20,0.75,HIGH,HIGH,HIGH_PERSIST,-0.125,B3,F_HIGH,W+,HIGH|B3,HIGH|W+,HIGH|F_HIGH,0.0473997780750416,0.0466545300674361,-0.0267669867518989,0.0608160981041283,0.1505581909825311,-0.0363269761920709,0.2841530054644808,0.75,0.5,0.25,0.1666666666666666,0.0,0.0916012836695116,0.0471660179175963,0.5,-0.047039019453275
2021-05-27,TRAIN_2016_2022,NET60,20,0.625,HIGH,HIGH,HIGH_PERSIST,-0.125,B3,F_LOW,W-,HIGH|B3,HIGH|W-,HIGH|F_LOW,0.0512218949760773,0.0530589944638989,-0.0313058574901673,0.0946953548083149,0.1648456205062776,-0.0357009857626648,0.2319868995633187,0.625,0.25,0.375,0.0,0.0,0.0724901076387039,0.0301899219946032,0.75,-0.0628709757596056
2021-08-20,TRAIN_2016_2022,NET60,20,0.625,HIGH,HIGH,HIGH_ENTRY,0.125,B4,F_LOW,W-,HIGH|B4,HIGH|W-,HIGH|F_LOW,0.0992618959551406,0.1012335039079572,-0.0569424976824202,0.0147503568632541,0.1577740695903803,-0.0716783606423038,0.521505376344086,0.375,0.0,0.375,0.0,0.0,0.0139172243886969,0.0277895157380405,0.75,-0.061859283303504896
2021-08-27,TRAIN_2016_2022,NET60,20,0.625,HIGH,HIGH,HIGH_PERSIST,0.0,B3,F_LOW,W-,HIGH|B3,HIGH|W-,HIGH|F_LOW,-0.012088073792787,-0.010310933116591,-0.0122019100674708,0.0362107335693731,0.1820575276071275,-0.0282396220425986,0.2132116004296455,0.5,0.125,0.375,0.0,0.0,0.0453447836204222,0.017893930916502,0.75,-0.024272154590595167
2021-09-03,TRAIN_2016_2022,NET60,20,0.625,HIGH,HIGH,HIGH_PERSIST,0.0,B3,F_LOW,N+,HIGH|B3,HIGH|N+,HIGH|F_LOW,-0.0833338571096652,-0.0794177615576695,0.0043755811126062,0.0672339529609808,0.1807318540980396,-0.0015813944149312,0.2639484978540772,0.25,0.25,0.0,0.0,0.0,0.0339655695253531,0.0093412098584908,0.25,-0.018035736541054066
2021-09-10,TRAIN_2016_2022,NET60,20,0.875,HIGH,HIGH,HIGH_PERSIST,0.25,B3,F_HIGH,W+,HIGH|B3,HIGH|W+,HIGH|F_HIGH,-0.0434861051178043,-0.0414184630026461,-0.0062197141947587,0.0284133942499105,0.1784538053236693,-0.0210164384537256,0.3013918629550321,0.625,0.625,0.0,0.5,0.0,0.0300030264749784,0.0101603417769562,0.75,-0.015690845611395533
2021-09-17,TRAIN_2016_2022,NET60,20,0.75,HIGH,HIGH,HIGH_PERSIST,-0.125,B3,F_HIGH,N+,HIGH|B3,HIGH|N+,HIGH|F_HIGH,-0.0421795960409749,-0.0447244645666297,0.0609801774586653,0.0282005391036976,0.1197931257151546,-0.0150691423355526,0.2449306296691568,0.375,0.375,0.0,0.1666666666666666,0.0,0.059137835001649,0.0119325865065705,0.5,0.051579997757432765
2021-09-29,TRAIN_2016_2022,NET60,20,0.625,HIGH,HIGH,HIGH_PERSIST,-0.125,B3,F_LOW,R-,HIGH|B3,HIGH|R-,HIGH|F_LOW,0.017630776229362,0.0204711159435135,-0.0241765426352806,-0.0331641198931162,0.1240131069519399,-0.0517334282515622,0.3648,0.375,0.25,0.125,0.0,0.1666666666666666,0.0801352842154186,0.0291514408823055,1.0,-0.013121836004241869
2021-10-07,TRAIN_2016_2022,NET60,20,0.75,HIGH,HIGH,HIGH_PERSIST,0.125,B2,F_LOW,R-,HIGH|B1_B2,HIGH|R-,HIGH|F_LOW,0.0498129727867761,0.0412672310071036,-0.0892801671294744,-0.0678767020878267,0.2125683780406468,-0.0907203743867428,0.4173773987206823,0.5,0.0,0.5,0.0,0.0,0.0617387495191963,0.0253244077249679,1.0,-0.0666545997668655
2021-11-12,TRAIN_2016_2022,NET60,20,0.625,HIGH,HIGH,HIGH_ENTRY,0.375,B3,F_HIGH,N+,HIGH|B3,HIGH|N+,HIGH|F_HIGH,0.0273618172370906,0.0294151818742146,-0.0050152617205605,-0.0443038015203922,0.1394030416844841,-0.0570422911183774,0.3888888888888889,0.375,0.375,0.0,0.1666666666666666,0.3333333333333333,0.0643308878179247,0.0561139052001066,0.75,0.009752672119570233
2021-11-19,TRAIN_2016_2022,NET60,20,0.75,HIGH,HIGH,HIGH_PERSIST,0.125,B4,F_HIGH,W+,HIGH|B4,HIGH|W+,HIGH|F_HIGH,-0.0018833250752404,-0.0030701074355635,0.0195303828732402,0.039435817471529,0.1472450079222074,-0.0335408848707983,0.4337031167459059,0.625,0.625,0.0,0.5,0.5,0.0885530542482428,0.0805390801437681,1.0,0.006385110382730534
2021-11-26,TRAIN_2016_2022,NET60,20,0.625,HIGH,HIGH,HIGH_PERSIST,-0.125,B3,F_HIGH,W+,HIGH|B3,HIGH|W+,HIGH|F_HIGH,0.0692094568725215,0.0624631794655446,0.0012933460939288,-0.0266772589404905,0.1505255471817431,-0.0526654156527189,0.3658408012651555,0.5,0.375,0.125,0.1666666666666666,0.3333333333333333,0.0698824575457154,0.0598701102148527,0.75,0.010185765740758966
2021-12-03,TRAIN_2016_2022,NET60,20,0.75,HIGH,HIGH,HIGH_PERSIST,0.125,B3,F_HIGH,W+,HIGH|B3,HIGH|W+,HIGH|F_HIGH,0.0691722081988394,0.069775508506535,-0.0071503029762168,-0.0638576131036631,0.2051286745912668,-0.0607226253843229,0.4100946372239747,0.625,0.5,0.125,0.1666666666666666,0.3333333333333333,0.0596969405054201,0.0329538668017551,1.0,0.014135568058337569
2021-12-24,TRAIN_2016_2022,NET60,20,0.625,HIGH,HIGH,HIGH_ENTRY,0.125,B3,F_HIGH,N+,HIGH|B3,HIGH|N+,HIGH|F_HIGH,-0.0549438492633808,-0.0415395418529767,-0.0053029477121504,-0.0078520308671277,0.175374854406367,-0.0249862577429336,0.2853403141361256,0.5,0.5,0.0,0.0,0.1666666666666666,0.0292700312090133,0.0387810148874141,0.75,-0.0026856040897744998
2022-02-03,TRAIN_2016_2022,NET60,20,0.625,HIGH,HIGH,HIGH_ENTRY,0.25,B2,F_LOW,R-,HIGH|B1_B2,HIGH|R-,HIGH|F_LOW,0.0008492952712201,-0.0016666896740083,-0.1351610099282105,-0.1126593039522891,0.2827702138617978,-0.1351610099282104,0.3265519040166927,0.5,0.0,0.5,0.0,0.0,0.0876488206467187,0.0770762958777105,0.75,-0.09760790861078081
2022-02-10,TRAIN_2016_2022,NET60,20,0.625,HIGH,HIGH,HIGH_PERSIST,0.0,B2,F_LOW,R-,HIGH|B1_B2,HIGH|R-,HIGH|F_LOW,-0.0497736899111746,-0.0538089802299636,-0.0919713194479134,-0.1067852068601954,0.2949669419699754,-0.1293680889306225,0.238517745302714,0.375,0.0,0.375,0.0,0.0,0.1692921295756655,0.0444015781398085,0.75,-0.05637625049451493
2022-02-24,TRAIN_2016_2022,NET60,20,0.625,HIGH,HIGH,HIGH_ENTRY,0.125,B2,F_HIGH,R-,HIGH|B1_B2,HIGH|R-,HIGH|F_HIGH,0.0623475965270379,0.0649880474574408,-0.0867090262404609,-0.1639916353410646,0.3264921277412135,-0.1813458382679086,0.2582159624413145,0.5,0.25,0.25,0.0,0.1666666666666666,0.2069073779788047,0.0607893362850927,0.75,-0.032045147793439366
2022-03-14,TRAIN_2016_2022,NET60,20,0.75,HIGH,HIGH,HIGH_ENTRY,0.375,B2,F_HIGH,N-,HIGH|B1_B2,HIGH|N-,HIGH|F_HIGH,0.047719114775656,0.0497138537576392,-0.0537527399964776,-0.1582533211628396,0.2967491881993088,-0.1761669396789713,0.3628318584070796,0.25,0.125,0.125,0.0,0.1666666666666666,0.1847076469866231,0.0248881810524158,0.5,-0.0010016329421977319
2022-03-21,TRAIN_2016_2022,NET60,20,0.625,HIGH,HIGH,HIGH_PERSIST,-0.125,B2,F_HIGH,N+,HIGH|B1_B2,HIGH|N+,HIGH|F_HIGH,0.0326927869736376,0.0326108255880691,0.0173712837082333,-0.1131849559092559,0.2628768244336998,-0.1389929926639135,0.4264170566822673,0.25,0.25,0.0,0.0,0.0,0.1478256554338354,0.0195300904621915,0.75,0.05509960234465193
2022-04-18,TRAIN_2016_2022,NET60,20,0.875,HIGH,HIGH,HIGH_ENTRY,0.375,B3,F_HIGH,W+,HIGH|B3,HIGH|W+,HIGH|F_HIGH,-0.0378196467676147,-0.0377506901958737,0.0164111364482526,-0.0689657542479857,0.1119015534429121,-0.0663526065171877,0.2778067885117493,0.5,0.5,0.0,0.1666666666666666,0.0,0.1450999047601036,0.0235067872208616,0.75,0.03939972119758117
2022-04-25,TRAIN_2016_2022,NET60,20,0.75,HIGH,HIGH,HIGH_PERSIST,-0.125,B3,F_HIGH,W+,HIGH|B3,HIGH|W+,HIGH|F_HIGH,-0.0479211127912047,-0.0460327316654208,-0.0155650768186086,-0.039292780772439,0.1406180563575252,-0.039370420224552,0.3321167883211678,0.75,0.5,0.25,0.1666666666666666,0.0,0.1406565868068028,0.0181625381219716,0.5,-0.0024674832277955996
2022-05-02,TRAIN_2016_2022,NET60,20,1.0,HIGH,HIGH,HIGH_PERSIST,0.25,B3,F_LOW,W-,HIGH|B3,HIGH|W-,HIGH|F_LOW,-0.0208107293196376,-0.0200372917816078,-0.0323176339844309,-0.0020713295544406,0.1524793995913499,-0.0372614689803817,0.278125,0.75,0.125,0.625,0.0,0.0,0.0893408862467788,0.0242417536561949,1.0,-0.03162719079961737
2022-05-10,TRAIN_2016_2022,NET60,20,0.875,HIGH,HIGH,HIGH_PERSIST,-0.125,B3,F_LOW,W-,HIGH|B3,HIGH|W-,HIGH|F_LOW,0.0059651081705282,0.0057183499941069,-0.0604080069369877,-0.0577674024693858,0.1744406473857845,-0.0849047546350326,0.3204794163626889,0.625,0.0,0.625,0.0,0.0,0.069062846155339,0.0308368946031371,0.75,-0.0411522061138591
2022-05-17,TRAIN_2016_2022,NET60,20,0.875,HIGH,HIGH,HIGH_PERSIST,0.0,B3,F_LOW,W-,HIGH|B3,HIGH|W-,HIGH|F_LOW,-0.092508744873027,-0.0933632224950882,-0.0522786729675069,-0.0199921741343795,0.2252689773755799,-0.0748112413979045,0.2786458333333333,0.75,0.0,0.75,0.0,0.0,0.0692291644328792,0.0252326018024663,0.75,-0.045614614922713737
2022-05-24,TRAIN_2016_2022,NET60,20,0.625,HIGH,HIGH,HIGH_PERSIST,-0.25,B3,F_LOW,W-,HIGH|B3,HIGH|W-,HIGH|F_LOW,-0.1575278332944388,-0.1558358686394395,-0.0446024213101871,0.0049999150889432,0.2241089195691864,-0.0822168254647242,0.2865314612584503,0.375,0.0,0.375,0.0,0.0,0.0563622717693413,0.0160398032139433,0.75,-0.04626905967316817
2022-05-31,TRAIN_2016_2022,NET60,20,0.625,HIGH,HIGH,HIGH_PERSIST,0.0,B3,F_LOW,W-,HIGH|B3,HIGH|W-,HIGH|F_LOW,-0.1434735275320733,-0.141586674486958,-0.0182914071199843,-0.0162706918746514,0.2212766180271821,-0.054871311401357,0.249740932642487,0.125,0.0,0.125,0.0,0.0,0.04409400194319,0.0116761887876828,0.25,-0.012867843161767166
2022-06-23,TRAIN_2016_2022,NET60,20,0.875,HIGH,HIGH,HIGH_ENTRY,0.375,B2,F_LOW,W-,HIGH|B1_B2,HIGH|W-,HIGH|F_LOW,0.0867845463643403,0.0910470046100109,-0.1797559282564419,-0.2285385155703617,0.2998267503639973,-0.2471937919414562,0.4531893004115226,0.5,0.0,0.5,0.0,0.0,0.0422658612967269,0.0100565172807484,0.75,-0.10357642306632134
2022-06-30,TRAIN_2016_2022,NET60,20,0.875,HIGH,HIGH,HIGH_PERSIST,0.0,B2,F_LOW,W-,HIGH|B1_B2,HIGH|W-,HIGH|F_LOW,0.0438941363330277,0.0437793703374038,-0.1627484530180085,-0.2046260222804257,0.3695103017693699,-0.2086895433737249,0.1927835051546391,0.625,0.0,0.625,0.0,0.0,0.0705334125076859,0.0201522415106721,0.75,-0.09453977892453326
2022-07-07,TRAIN_2016_2022,NET60,20,0.625,HIGH,HIGH,HIGH_PERSIST,-0.25,B2,F_LOW,W-,HIGH|B1_B2,HIGH|W-,HIGH|F_LOW,0.0722945667557239,0.069189296617374,-0.1356357965724717,-0.1821473664224051,0.4062209208358696,-0.1941738588122421,0.2059732234809475,0.5,0.0,0.5,0.0,0.0,0.0361462809144334,0.020463184481375,0.75,-0.07492000776500335
2022-08-19,TRAIN_2016_2022,NET60,20,0.625,HIGH,HIGH,HIGH_ENTRY,0.125,B4,F_LOW,N+,HIGH|B4,HIGH|N+,HIGH|F_LOW,-0.0181883875255979,-0.0216155364871351,0.0289774206595443,-0.0635290730922953,0.1137363361905364,-0.0906240911682548,0.4724489795918367,0.375,0.375,0.0,0.0,0.0,0.0354030839774306,0.0054506617438452,0.25,0.05015377835697607
2022-08-26,TRAIN_2016_2022,NET60,20,0.75,HIGH,HIGH,HIGH_PERSIST,0.125,B3,F_HIGH,W+,HIGH|B3,HIGH|W+,HIGH|F_HIGH,-0.0907145762453629,-0.0890073041307982,0.0151816038649006,-0.099227824708273,0.1585632487751967,-0.0970923728189604,0.3302752293577982,0.5,0.5,0.0,0.5,0.0,0.0430419406706779,0.0131048146093471,0.5,0.04825754543432493
2022-09-02,TRAIN_2016_2022,NET60,20,0.75,HIGH,HIGH,HIGH_PERSIST,0.0,B2,F_LOW,W-,HIGH|B1_B2,HIGH|W-,HIGH|F_LOW,-0.1196858289506237,-0.1231619268226782,-0.0374621588290717,-0.0970974896594069,0.2018049654884555,-0.0894991754764824,0.2665647298674821,0.5,0.125,0.375,0.0,0.0,0.0482725442220297,0.0063607147461378,0.5,-0.005096328942602736
2022-09-13,TRAIN_2016_2022,NET60,20,0.625,HIGH,HIGH,HIGH_PERSIST,-0.125,B3,F_LOW,N-,HIGH|B3,HIGH|N-,HIGH|F_LOW,-0.1736963515522122,-0.1730465806818734,-0.035133098043719,-0.0016443044475408,0.226919084169714,-0.0403528521498814,0.2746693794506612,0.375,0.125,0.25,0.0,0.0,0.0346559428612281,0.0152594398710588,0.25,-0.0345849965612054
2022-09-20,TRAIN_2016_2022,NET60,20,0.625,HIGH,HIGH,HIGH_PERSIST,0.0,B3,F_LOW,N-,HIGH|B3,HIGH|N-,HIGH|F_LOW,-0.1415642990359428,-0.1367853204399768,-0.0585736730454024,0.0748244521224861,0.2454588202376151,-0.0783288234605834,0.2709710218607016,0.5,0.0,0.5,0.0,0.0,0.0271069291405363,0.0258524258424962,0.25,-0.0835151570862311
2022-10-05,TRAIN_2016_2022,NET60,20,0.875,HIGH,HIGH,HIGH_ENTRY,0.375,B2,F_LOW,N-,HIGH|B1_B2,HIGH|N-,HIGH|F_LOW,-0.009576249073719,-0.0079473598574384,-0.1232675036423159,-0.0841777473899063,0.3143548919960235,-0.1690621995159718,0.3384146341463415,0.375,0.0,0.375,0.0,0.0,0.029178815758021,0.0216042834902101,0.75,-0.09520825451234713
2022-10-13,TRAIN_2016_2022,NET60,20,0.75,HIGH,HIGH,HIGH_PERSIST,-0.125,B2,F_LOW,N-,HIGH|B1_B2,HIGH|N-,HIGH|F_LOW,0.0574408032419132,0.0567503534450436,-0.1745591035323102,-0.1359742174269913,0.3386340761217532,-0.2078679979859362,0.2416073245167853,0.75,0.0,0.75,0.0,0.0,0.0418087228702796,0.0236286000344615,0.5,-0.12923436438997976
2022-11-03,TRAIN_2016_2022,NET60,20,0.625,HIGH,HIGH,HIGH_ENTRY,0.125,B2,F_HIGH,W+,HIGH|B1_B2,HIGH|W+,HIGH|F_HIGH,0.0598872175825763,0.0571413832315775,0.0149434355430033,-0.1435012066845921,0.2901691967321588,-0.1566451340541939,0.2454361054766734,0.125,0.125,0.0,0.0,0.1666666666666666,0.0131190946481015,0.0172017771554578,0.75,0.062777171104534
2022-12-08,TRAIN_2016_2022,NET60,20,0.625,HIGH,HIGH,HIGH_ENTRY,0.25,B3,F_HIGH,W+,HIGH|B3,HIGH|W+,HIGH|F_HIGH,-0.0236334874075325,-0.0247444078545659,0.0148143756052985,-0.0890967233716423,0.2025481700304265,-0.076523328164106,0.3021042084168336,0.5,0.5,0.0,0.1666666666666666,0.0,0.0213170693823874,0.0244092268546592,0.75,0.04451328339584593
2022-12-15,TRAIN_2016_2022,NET60,20,0.75,HIGH,HIGH,HIGH_PERSIST,0.125,B3,F_HIGH,W+,HIGH|B3,HIGH|W+,HIGH|F_HIGH,-0.0193481749510382,-0.0196349126921497,-0.0095468801875492,-0.0373125789502154,0.1772016540568613,-0.0318847471875665,0.26,0.5,0.375,0.125,0.1666666666666666,0.3333333333333333,0.036026531782791,0.0320661373518742,1.0,0.0028906461291892654
2022-12-22,TRAIN_2016_2022,NET60,20,0.75,HIGH,HIGH,HIGH_PERSIST,0.0,B3,F_LOW,W-,HIGH|B3,HIGH|W-,HIGH|F_LOW,0.0204679772547501,0.0183855402225651,-0.0251338447013789,0.0351709799125548,0.1639478141053341,-0.0337681282146906,0.2857142857142857,0.625,0.0,0.625,0.0,0.0,0.0432898717877722,0.0258063945627435,1.0,-0.0368575046722305
2022-12-29,TRAIN_2016_2022,NET60,20,0.875,HIGH,HIGH,HIGH_PERSIST,0.125,B3,F_LOW,W-,HIGH|B3,HIGH|W-,HIGH|F_LOW,0.0640046384549744,0.0635125707759972,-0.0798599372072205,0.0045606519353273,0.1871399251634784,-0.0798599372072205,0.3699450823764353,0.5,0.0,0.5,0.0,0.0,0.0332222681469986,0.0166800514115354,0.75,-0.08138015451899626
2023-01-13,OOS_2023_2024,NET60,20,0.875,HIGH,HIGH,HIGH_ENTRY,0.625,B3,F_LOW,N-,HIGH|B3,HIGH|N-,HIGH|F_LOW,0.0728924952659416,0.0712085790265959,-0.0154037153433691,0.0546982574946717,0.2043037814135805,-0.036994523585109,0.3712007972097658,0.125,0.0,0.125,0.0,0.0,0.0330524758078365,0.0051311678551331,0.75,-0.033636467841593
2023-03-22,OOS_2023_2024,NET60,20,0.625,HIGH,HIGH,HIGH_ENTRY,0.125,B3,F_HIGH,W+,HIGH|B3,HIGH|W+,HIGH|F_HIGH,0.0824539067865769,0.078713222298387,0.0110360433327738,0.109457841708185,0.2299973232055435,-0.0133235199110143,0.2474074074074074,0.625,0.625,0.0,0.1666666666666666,0.3333333333333333,0.1095612032329264,0.0953387792634332,0.75,-0.025449903903287868
2023-03-29,OOS_2023_2024,NET60,20,0.625,HIGH,HIGH,HIGH_PERSIST,0.0,B4,F_HIGH,W+,HIGH|B4,HIGH|W+,HIGH|F_HIGH,-0.006054330964967,0.0009042192658622,0.0553160104798478,0.2114822975839931,0.2260606036445049,0.0,0.351952545724172,0.5,0.5,0.0,0.1666666666666666,0.3333333333333333,0.1853442090651718,0.123755567293592,0.75,-0.01517808871481656
2023-04-12,OOS_2023_2024,NET60,20,0.625,HIGH,HIGH,HIGH_ENTRY,0.125,B4,F_HIGH,W+,HIGH|B4,HIGH|W+,HIGH|F_HIGH,-0.0262414302596661,-0.0261998710018157,0.1260785203464687,0.2119704577471255,0.1169719595282255,-0.0096208612709599,0.4702970297029702,0.375,0.375,0.0,0.1666666666666666,0.0,0.2617468251905211,0.1022745137893346,1.0,0.05542170109742685
2023-04-26,OOS_2023_2024,NET60,20,0.625,HIGH,HIGH,HIGH_ENTRY,0.25,B3,F_HIGH,W-,HIGH|B3,HIGH|W-,HIGH|F_HIGH,0.0225617963995911,0.0226335337945702,-0.0193311257190219,0.0943792911448437,0.1926846175109322,-0.0855288556856611,0.3511374876360039,0.5,0.375,0.125,0.0,0.1666666666666666,0.1811312366591358,0.0373500968117443,0.5,-0.050790889433969796
2023-05-19,OOS_2023_2024,NET60,20,0.625,HIGH,HIGH,HIGH_ENTRY,0.125,B3,F_LOW,N-,HIGH|B3,HIGH|N-,HIGH|F_LOW,0.0329814521079138,0.0300610770605699,-0.0765489380723347,0.0411462962055126,0.1876080286147124,-0.0765489380723346,0.3282254078101829,0.5,0.0,0.5,0.0,0.0,0.1110859634772232,0.0440268814486624,0.75,-0.0902643701408389
2023-06-27,OOS_2023_2024,NET60,20,0.875,HIGH,HIGH,HIGH_ENTRY,0.5,B3,F_HIGH,W+,HIGH|B3,HIGH|W+,HIGH|F_HIGH,-0.002876122126032,0.0008418570260573,0.0398200763233032,0.0303423380615279,0.1323039562606473,-0.0392084814423552,0.3349681216282491,0.625,0.625,0.0,0.5,0.0,0.0312494635108146,0.0320098226176339,0.75,0.029705963636127233
2023-07-04,OOS_2023_2024,NET60,20,0.875,HIGH,HIGH,HIGH_PERSIST,0.0,B3,F_HIGH,W+,HIGH|B3,HIGH|W+,HIGH|F_HIGH,-0.0102176242589708,-0.0128589529474418,0.028011577944921,0.0169120092951449,0.1527684391457761,-0.0210832759634888,0.3168462291870715,0.75,0.75,0.0,0.5,0.5,0.0260462039698588,0.0440416959875107,0.75,0.022374241513206033
2023-07-11,OOS_2023_2024,NET60,20,0.875,HIGH,HIGH,HIGH_PERSIST,0.0,B3,F_HIGH,W-,HIGH|B3,HIGH|W-,HIGH|F_HIGH,0.0032669161380404,-0.0031671233918381,-0.0132893529704959,-0.0077711741441912,0.1751046213668033,-0.0312555385277312,0.3216031280547409,0.875,0.75,0.125,0.1666666666666666,0.0,0.0241410851914821,0.0269181646000529,0.75,-0.010698961589098832
2023-07-18,OOS_2023_2024,NET60,20,0.75,HIGH,HIGH,HIGH_PERSIST,-0.125,B3,F_HIGH,W+,HIGH|B3,HIGH|W+,HIGH|F_HIGH,-0.062423506201841,-0.0659877126586604,0.028652555059413,0.0026073140682325,0.1600518894480235,0.0,0.3560642961519727,0.75,0.75,0.0,0.5,0.5,0.045097204782266,0.0661597015202677,1.0,0.027783450370002166
2023-07-25,OOS_2023_2024,NET60,20,0.75,HIGH,HIGH,HIGH_PERSIST,0.0,B4,F_HIGH,W+,HIGH|B4,HIGH|W+,HIGH|F_HIGH,-0.073590805682615,-0.0733693781754084,0.060292801385315,0.1139994269830821,0.1550532274150746,0.0,0.4395711500974659,0.75,0.75,0.0,0.5,0.5,0.1466930616947993,0.1085701425304449,1.0,0.0222929923909543
2023-08-01,OOS_2023_2024,NET60,20,0.625,HIGH,HIGH,HIGH_PERSIST,-0.125,B4,F_HIGH,W+,HIGH|B4,HIGH|W+,HIGH|F_HIGH,-0.0537482133357762,-0.0521712909276478,0.0411766312199184,0.0967801403870627,0.2537379217776591,0.0,0.4176784847013113,0.375,0.375,0.0,0.1666666666666666,0.3333333333333333,0.1255287335651835,0.0684178696066928,0.75,0.008916584424230836
2023-08-08,OOS_2023_2024,NET60,20,0.625,HIGH,HIGH,HIGH_PERSIST,0.0,B3,F_HIGH,W+,HIGH|B3,HIGH|W+,HIGH|F_HIGH,-0.0526179242713105,-0.0510639538797674,0.0062939280008997,0.0748467981300147,0.2616951741288464,-0.0435463594050005,0.245631067961165,0.5,0.5,0.0,0.1666666666666666,0.3333333333333333,0.0891172472160016,0.033534485527954,0.75,-0.018655004709105198
2023-08-16,OOS_2023_2024,NET60,20,0.625,HIGH,HIGH,HIGH_PERSIST,0.0,B3,F_LOW,W-,HIGH|B3,HIGH|W-,HIGH|F_LOW,-0.0410209199275419,-0.0395878017203717,-0.0417933710921357,0.0403420539971639,0.2721649350782438,-0.0574163997031428,0.3071324599708879,0.5,0.125,0.375,0.0,0.0,0.111504163668572,0.0256288903701219,0.25,-0.055240722424523665
2023-10-11,OOS_2023_2024,NET60,20,0.625,HIGH,HIGH,HIGH_ENTRY,0.125,B2,F_LOW,N-,HIGH|B1_B2,HIGH|N-,HIGH|F_LOW,-0.0020437856078333,-0.0008853198999474,-0.0969261872277994,-0.0702347390614294,0.2540566696978504,-0.1162846719247419,0.2254949299855142,0.5,0.0,0.5,0.0,0.0,0.0270533702993096,0.0557503891353916,0.75,-0.07351460754065627
2023-10-18,OOS_2023_2024,NET60,20,0.625,HIGH,HIGH,HIGH_PERSIST,0.0,B2,F_LOW,N-,HIGH|B1_B2,HIGH|N-,HIGH|F_LOW,0.0306406461643214,0.0292549908881829,-0.0696777887793249,-0.1052711577648093,0.271140846210133,-0.1198592162060939,0.2247949831162566,0.375,0.0,0.375,0.0,0.0,0.1035178622837751,0.0367155957332514,0.75,-0.0345874028577218
2023-10-25,OOS_2023_2024,NET60,20,0.75,HIGH,HIGH,HIGH_PERSIST,0.125,B2,F_LOW,N-,HIGH|B1_B2,HIGH|N-,HIGH|F_LOW,0.054628823223178,0.0538340417693733,-0.1154019329391009,-0.1598116174301359,0.2992092791981799,-0.1602278154678074,0.3511560693641618,0.375,0.0,0.375,0.0,0.0,0.1649183630278518,0.0303055255957088,0.5,-0.06213139379572228
2023-11-01,OOS_2023_2024,NET60,20,0.75,HIGH,HIGH,HIGH_PERSIST,0.0,B2,F_LOW,W-,HIGH|B1_B2,HIGH|W-,HIGH|F_LOW,0.0945705841439172,0.093567851121984,-0.1111395724612784,-0.1934343569545911,0.315324822010546,-0.1855768531172479,0.2360576923076923,0.625,0.0,0.625,0.0,0.0,0.1682122273184212,0.0458197545354399,0.5,-0.04666145347641469
2024-04-12,OOS_2023_2024,NET60,20,0.75,HIGH,HIGH,HIGH_ENTRY,0.375,B3,F_HIGH,W+,HIGH|B3,HIGH|W+,HIGH|F_HIGH,0.0559562209936429,0.056079111616601,-0.0190571960039156,0.0162978227690413,0.1335557599060935,-0.0457198219250807,0.2599809885931559,0.5,0.5,0.0,0.5,0.0,0.0892730300349154,0.0280617358334922,0.5,-0.02448980359359603
2024-04-19,OOS_2023_2024,NET60,20,0.875,HIGH,HIGH,HIGH_PERSIST,0.125,B3,F_LOW,W-,HIGH|B3,HIGH|W-,HIGH|F_LOW,0.1018318257885053,0.1018337593228718,-0.0552613540519868,0.0172209518121504,0.1727082267080018,-0.0669776462899567,0.2846958174904943,0.625,0.0,0.625,0.0,0.0,0.0443719810055695,0.0193200263560768,0.75,-0.0610016713227036
2024-04-26,OOS_2023_2024,NET60,20,0.75,HIGH,HIGH,HIGH_PERSIST,-0.125,B3,F_LOW,N-,HIGH|B3,HIGH|N-,HIGH|F_LOW,0.0932849940664565,0.0834616424805007,-0.0461097826549493,0.0547872888212932,0.1901530909187515,-0.0485168913803453,0.2112007593735168,0.625,0.25,0.375,0.0,0.0,0.1033583081559984,0.023896447750428,0.5,-0.06437221226204703
2024-05-07,OOS_2023_2024,NET60,20,1.0,HIGH,HIGH,HIGH_PERSIST,0.25,B3,F_HIGH,W+,HIGH|B3,HIGH|W+,HIGH|F_HIGH,0.0840785796300493,0.072880882794252,-0.007593301758908,0.0726670238754019,0.185296573117834,-0.0326801278623267,0.2663817663817663,0.875,0.875,0.0,1.0,0.0,0.1149682829530393,0.0139211988049609,1.0,-0.031815643050708636
2024-05-14,OOS_2023_2024,NET60,20,0.75,HIGH,HIGH,HIGH_PERSIST,-0.25,B3,F_HIGH,N+,HIGH|B3,HIGH|N+,HIGH|F_HIGH,0.1385929521818476,0.1266654666899361,0.0121784426824489,0.0230770761214202,0.1796350481815534,-0.0340981754733983,0.3572446555819477,0.5,0.5,0.0,0.1666666666666666,0.0,0.0835911070972049,0.0227870214743589,0.5,0.004486083975308835
2024-05-22,OOS_2023_2024,NET60,20,0.875,HIGH,HIGH,HIGH_PERSIST,0.125,B4,F_LOW,W+,HIGH|B4,HIGH|W+,HIGH|F_LOW,0.1232358613131083,0.1204253985205799,0.0224951153419339,0.0006483788923303,0.1282927416139483,-0.0459892008266467,0.4706161137440758,0.5,0.5,0.0,0.1666666666666666,0.0,0.0877411318551674,0.0061121756030571,0.75,0.022278989044490466
2024-05-29,OOS_2023_2024,NET60,20,0.75,HIGH,HIGH,HIGH_PERSIST,-0.125,B3,F_HIGH,W+,HIGH|B3,HIGH|W+,HIGH|F_HIGH,0.0858543351722421,0.0858231498677863,-0.0035085749509345,-0.001622977978993,0.1182641354946586,-0.0518552411814855,0.3815602836879432,0.625,0.625,0.0,0.1666666666666666,0.0,0.0757922987233452,0.0256131110948312,0.5,-0.0029675822912701667
2024-06-05,OOS_2023_2024,NET60,20,0.625,HIGH,HIGH,HIGH_PERSIST,-0.125,B3,F_HIGH,W+,HIGH|B3,HIGH|W+,HIGH|F_HIGH,0.0430898228877484,0.0402660555164905,-0.0101901210029228,0.0082007616753339,0.1103445179640817,-0.0425372344079414,0.3466416157820573,0.375,0.25,0.125,0.1666666666666666,0.3333333333333333,0.0417599016744,0.0216681533986116,0.75,-0.012923708228034101
2024-06-13,OOS_2023_2024,NET60,20,0.625,HIGH,HIGH,HIGH_PERSIST,0.0,B3,F_HIGH,W+,HIGH|B3,HIGH|W+,HIGH|F_HIGH,-0.0155797260558865,-0.0147325319180954,0.0183776865574885,0.0111361654727775,0.1138982902988443,-0.016347134496942,0.3190990145471609,0.5,0.5,0.0,0.5,0.5,0.0507817659665974,0.0560398688631761,0.75,0.014665631399896
2024-06-20,OOS_2023_2024,NET60,20,0.625,HIGH,HIGH,HIGH_PERSIST,0.0,B3,F_HIGH,W+,HIGH|B3,HIGH|W+,HIGH|F_HIGH,-0.0733210770062076,-0.0669308864124251,0.0193699724006084,-0.0152981369990022,0.0982856195259057,-0.0275100379767763,0.3586142322097378,0.5,0.5,0.0,0.5,0.0,0.0635236671127978,0.0369637331589682,0.25,0.0244693514002758
2024-06-27,OOS_2023_2024,NET60,20,0.625,HIGH,HIGH,HIGH_PERSIST,0.0,B3,F_HIGH,W+,HIGH|B3,HIGH|W+,HIGH|F_HIGH,-0.0751957846791251,-0.0643432422933422,0.0069785108544333,-0.0428232003892726,0.0915713982176245,-0.0452386026904959,0.2639213851193261,0.375,0.375,0.0,0.1666666666666666,0.0,0.0319787697919511,0.0259152815843303,0.25,0.021252910984190833
2024-07-04,OOS_2023_2024,NET60,20,0.625,HIGH,HIGH,HIGH_PERSIST,0.0,B3,F_HIGH,W+,HIGH|B3,HIGH|W+,HIGH|F_HIGH,-0.0152223611882907,-0.0219329855315612,-0.0065139204845705,-0.0241046308062868,0.104879736478514,-0.0329658331411654,0.2655737704918032,0.5,0.5,0.0,0.1666666666666666,0.3333333333333333,0.0502403457799097,0.0298820825978358,0.75,0.0015209564508584334
2024-07-11,OOS_2023_2024,NET60,20,0.625,HIGH,HIGH,HIGH_PERSIST,0.0,B3,F_HIGH,W+,HIGH|B3,HIGH|W+,HIGH|F_HIGH,-0.0939355078584563,-0.0882736599418581,-0.0201547226694656,0.0100048570013888,0.103803795852423,-0.020154722669466,0.2818352059925094,0.5,0.5,0.0,0.1666666666666666,0.3333333333333333,0.0498718176940793,0.0247878032617853,0.75,-0.023489675003261868
2024-08-08,OOS_2023_2024,NET60,20,0.75,HIGH,HIGH,HIGH_ENTRY,0.25,B3,F_LOW,N-,HIGH|B3,HIGH|N-,HIGH|F_LOW,-0.0755098384618556,-0.0822451640159377,,,,,,,,,,,,,,
2024-08-16,OOS_2023_2024,NET60,20,1.0,HIGH,HIGH,HIGH_PERSIST,0.25,B2,F_LOW,W-,HIGH|B1_B2,HIGH|W-,HIGH|F_LOW,-0.054946490703604,-0.0597795000970241,-0.0455702163114407,-0.0608499583442433,0.499834588643709,-0.089150946227878,0.295985060690943,0.875,0.0,0.875,0.0,0.0,0.0559874875692014,0.013967981267416,1.0,-0.025286896863359602
2024-08-23,OOS_2023_2024,NET60,20,0.875,HIGH,HIGH,HIGH_PERSIST,-0.125,B2,F_LOW,W-,HIGH|B1_B2,HIGH|W-,HIGH|F_LOW,-0.0366329851718934,-0.0324521938689613,-0.0244034350016908,-0.0650441741022538,0.4948279221826619,-0.0987944048753159,0.2557162855809612,0.625,0.125,0.5,0.0,0.0,0.0351527757241383,0.013753247181609,0.75,-0.0027220436342728672
2024-08-30,OOS_2023_2024,NET60,20,0.625,HIGH,HIGH,HIGH_PERSIST,-0.25,B2,F_LOW,N-,HIGH|B1_B2,HIGH|N-,HIGH|F_LOW,-0.010857286197392,-0.0095464733463937,-0.0548804199320562,-0.0836155598935114,0.4927985198409653,-0.1080146145650999,0.1972027972027972,0.25,0.0,0.25,0.0,0.0,0.0541975273732951,0.0104283828604526,1.0,-0.02700856663421907
2024-11-11,OOS_2023_2024,NET60,20,0.875,HIGH,HIGH,HIGH_ENTRY,0.5,B3,F_LOW,W-,HIGH|B3,HIGH|W-,HIGH|F_LOW,-0.145884320831469,-0.1497113049708827,-0.0407281640725137,-0.0128792311880862,0.1913331909553279,-0.0640356274066382,0.3953703703703703,0.5,0.0,0.5,0.0,0.0,0.0196410374315056,0.0103232301526327,0.75,-0.036435087009818304
2024-11-18,OOS_2023_2024,NET60,20,0.75,HIGH,HIGH,HIGH_PERSIST,-0.125,B2,F_LOW,W-,HIGH|B1_B2,HIGH|W-,HIGH|F_LOW,-0.0395214984881751,-0.0435384993586112,-0.0783240648097943,-0.1055699646711871,0.2233415711685537,-0.1096435890244552,0.5884526558891455,0.75,0.0,0.75,0.0,0.0,0.0209919373163886,0.0233457288123115,0.5,-0.043134076586065266
2024-11-25,OOS_2023_2024,NET60,20,0.875,HIGH,HIGH,HIGH_PERSIST,0.125,B2,F_LOW,W-,HIGH|B1_B2,HIGH|W-,HIGH|F_LOW,-0.0469443185157168,-0.0499535922759071,-0.0489019744013016,-0.0853461679199673,0.2162760605004799,-0.0861537622041513,0.2890120036934441,0.75,0.0,0.75,0.0,0.0,0.0148453465403305,0.0282007025573892,0.75,-0.020453251761312498
2024-12-02,OOS_2023_2024,NET60,20,0.875,HIGH,HIGH,HIGH_PERSIST,0.0,B2,F_LOW,W-,HIGH|B1_B2,HIGH|W-,HIGH|F_LOW,-0.000343410460713,0.0016824022665475,-0.0882074836159609,-0.1024523030523222,0.1876973268895184,-0.1124194713481128,0.3005062126092959,0.75,0.0,0.75,0.0,0.0,0.0287262905569944,0.0218358544705137,0.75,-0.054056715931853495
2025-04-10,BULL_2025,NET60,20,0.625,HIGH,HIGH,HIGH_ENTRY,0.125,B2,F_LOW,N-,HIGH|B1_B2,HIGH|N-,HIGH|F_LOW,0.1102596116094175,0.1091500419375161,-0.0567524523231739,-0.0514892807557344,0.342209117729122,-0.1090889670584264,0.4684521107580572,0.625,0.0,0.625,0.0,0.0,0.0566581917992531,0.0178471482103648,0.25,-0.0395893587379291
2025-04-17,BULL_2025,NET60,20,0.625,HIGH,HIGH,HIGH_PERSIST,0.0,B2,F_LOW,W-,HIGH|B1_B2,HIGH|W-,HIGH|F_LOW,0.1002116583293602,0.1046155780315004,-0.0194042878130504,-0.0122692165734032,0.3548270134053539,-0.0702045747007221,0.3574351978171896,0.5,0.25,0.25,0.0,0.0,0.0363757317878941,0.0188861237443456,0.25,-0.015314548955249335
2025-05-20,BULL_2025,NET60,20,1.0,HIGH,HIGH,HIGH_ENTRY,0.5,B4,F_HIGH,W+,HIGH|B4,HIGH|W+,HIGH|F_HIGH,0.1242516440996847,0.1230776927904887,0.0219591840398309,-0.049787025837183,0.1272704573619495,-0.0457133169572305,0.4640255009107468,0.625,0.625,0.0,1.0,0.0,0.0655619529312172,0.0079217410289222,1.0,0.038554859318891896
2025-05-27,BULL_2025,NET60,20,0.875,HIGH,HIGH,HIGH_PERSIST,-0.125,B3,F_HIGH,W+,HIGH|B3,HIGH|W+,HIGH|F_HIGH,0.0969335626699898,0.1008737633425621,0.0193680288689666,-0.0277860574449095,0.1316409995659545,-0.0252070826398463,0.3207461328480436,0.75,0.75,0.0,1.0,0.0,0.0073380902246488,0.0165395042988754,0.75,0.028630048017269767
2025-06-04,BULL_2025,NET60,20,1.0,HIGH,HIGH,HIGH_PERSIST,0.125,B4,F_HIGH,W+,HIGH|B4,HIGH|W+,HIGH|F_HIGH,0.0270372700032589,0.0262454228225847,0.0579667583630736,0.0454001757661741,0.1328721581409767,0.0,0.410535876475931,0.75,0.75,0.0,1.0,0.0,0.0225105172174511,0.0174769274495406,1.0,0.04283336644101557
2025-06-12,BULL_2025,NET60,20,1.0,HIGH,HIGH,HIGH_PERSIST,0.0,B4,F_HIGH,W+,HIGH|B4,HIGH|W+,HIGH|F_HIGH,0.0140157500428482,0.0110937443041073,0.0911909260454528,0.1125779839516709,0.1390076781169426,0.0,0.5829941203075532,1.0,1.0,0.0,1.0,0.0,0.0026882212418793,0.0110423374702335,1.0,0.05366493139489583
2025-06-19,BULL_2025,NET60,20,1.0,HIGH,HIGH,HIGH_PERSIST,0.0,B4,F_HIGH,W+,HIGH|B4,HIGH|W+,HIGH|F_HIGH,0.0438801487418122,0.0431233311704273,0.1099435571265221,0.1123063981997574,0.1447814585354163,0.0,0.5083370887787292,0.875,0.875,0.0,1.0,0.0,0.0370152485438409,0.0114469895122178,1.0,0.0725080910599363
2025-06-26,BULL_2025,NET60,20,0.625,HIGH,HIGH,HIGH_PERSIST,-0.375,B4,F_HIGH,W+,HIGH|B4,HIGH|W+,HIGH|F_HIGH,0.0360425326517345,0.0349734698903597,0.0978509164065177,0.1462312799914487,0.1680471414518046,-0.018653848035276,0.4783783783783784,0.5,0.5,0.0,0.1666666666666666,0.0,0.0636387483422226,0.0161533595016464,0.75,0.04910715640936814
2025-07-03,BULL_2025,NET60,20,0.875,HIGH,HIGH,HIGH_PERSIST,0.25,B3,F_LOW,N+,HIGH|B3,HIGH|N+,HIGH|F_LOW,0.0244869347666182,0.0237076948929324,0.070999289354116,0.1994554704139153,0.1623974422664647,-0.0073516262798578,0.2816014394961763,0.125,0.125,0.0,0.0,0.0,0.0664288943148163,0.0089559562245316,0.5,0.004514132549477565
2025-07-10,BULL_2025,NET60,20,0.75,HIGH,HIGH,HIGH_PERSIST,-0.125,B3,F_HIGH,W+,HIGH|B3,HIGH|W+,HIGH|F_HIGH,0.0202963174366162,0.018310249015459,0.039169314390518,0.2257194875688803,0.1807718678290007,0.0,0.2321187584345479,0.5,0.5,0.0,0.5,0.0,0.063119647864858,0.0255241655335334,1.0,-0.03607051479910877
2025-07-24,BULL_2025,NET60,20,0.625,HIGH,HIGH,HIGH_ENTRY,0.125,B3,F_LOW,N+,HIGH|B3,HIGH|N+,HIGH|F_LOW,-0.0291169505141743,-0.0282812288440431,0.0291920015012194,0.151783305856098,0.1339971227910956,-0.0155634561682586,0.2747302158273381,0.25,0.25,0.0,0.0,0.1666666666666666,0.0408425783657959,0.0219147935680622,0.75,-0.0214024337841466
2025-08-29,BULL_2025,NET60,20,0.625,HIGH,HIGH,HIGH_ENTRY,0.125,B3,F_HIGH,W+,HIGH|B3,HIGH|W+,HIGH|F_HIGH,0.1010305598909817,0.1080363085660049,-0.0059199535507512,0.0771489156239111,0.2052027094953215,-0.0269142738253148,0.2445141065830721,0.375,0.375,0.0,0.1666666666666666,0.3333333333333333,0.1151474986641705,0.0442472444633881,0.75,-0.03163625875872157
2025-09-05,BULL_2025,NET60,20,0.625,HIGH,HIGH,HIGH_PERSIST,0.0,B3,F_HIGH,W+,HIGH|B3,HIGH|W+,HIGH|F_HIGH,0.1643312383069503,0.1610503959441694,0.0031850199267271,0.04073183182444,0.1385596941817642,-0.0136594863226766,0.2855863921217547,0.375,0.375,0.0,0.1666666666666666,0.3333333333333333,0.1131605411521061,0.0352852588345289,0.75,-0.010392257348086232
2025-09-12,BULL_2025,NET60,20,0.625,HIGH,HIGH,HIGH_PERSIST,0.0,B4,F_HIGH,W+,HIGH|B4,HIGH|W+,HIGH|F_HIGH,0.0576342796332912,0.0600093432612218,0.0438468409485366,0.0827309349836546,0.1494015888971847,0.0,0.4829901521933751,0.625,0.625,0.0,0.5,0.0,0.132198073545562,0.045384097651537,0.75,0.016269862620651738
2025-09-19,BULL_2025,NET60,20,0.625,HIGH,HIGH,HIGH_PERSIST,0.0,B4,F_HIGH,W+,HIGH|B4,HIGH|W+,HIGH|F_HIGH,0.0541145439121638,0.0507779273636145,0.0941340121880096,0.0895274194094959,0.1101430948295748,0.0,0.5221080839660562,0.625,0.625,0.0,0.5,0.0,0.0883320857883929,0.0536455164150078,0.75,0.06429153905151096
2025-09-26,BULL_2025,NET60,20,0.625,HIGH,HIGH,HIGH_PERSIST,0.0,B4,F_HIGH,N+,HIGH|B4,HIGH|N+,HIGH|F_HIGH,0.0840009173888367,0.0769547024243859,0.0323197656223859,0.0382472959322597,0.1463857935387831,-0.042367438998877,0.4993300580616346,0.5,0.5,0.0,0.1666666666666666,0.0,0.0720384012176424,0.0334323383066152,0.75,0.01957066697829933
2025-10-10,BULL_2025,NET60,20,0.75,HIGH,HIGH,HIGH_PERSIST,0.125,B3,F_HIGH,W+,HIGH|B3,HIGH|W+,HIGH|F_HIGH,0.0091534345870969,0.0118000689924228,0.041753985144975,0.0433203889456887,0.1380211505149113,-0.0204522712358898,0.3474765520321572,0.625,0.625,0.0,0.5,0.5,0.0628244262832515,0.0643959088366298,1.0,0.027313855496412097
2025-10-17,BULL_2025,NET60,20,0.625,HIGH,HIGH,HIGH_PERSIST,-0.125,B4,F_HIGH,W+,HIGH|B4,HIGH|W+,HIGH|F_HIGH,0.0642689414089263,0.0677947665503453,-0.0033710551481216,0.0276129659985278,0.1541515565059229,-0.0215055398876342,0.4332291201429209,0.625,0.625,0.0,0.5,0.5,0.0933462964531631,0.0475311403189927,0.75,-0.012575377147630866
2025-10-24,BULL_2025,NET60,20,0.625,HIGH,HIGH,HIGH_PERSIST,0.0,B3,F_HIGH,W+,HIGH|B3,HIGH|W+,HIGH|F_HIGH,-0.0134873023708916,-0.0025491396596125,0.0125283923475063,0.071886921763953,0.1667833201815024,0.0,0.3570151921358355,0.625,0.625,0.0,0.5,0.5,0.0936404077425002,0.0452780036680237,0.75,-0.0114339149071447
2025-10-31,BULL_2025,NET60,20,0.625,HIGH,HIGH,HIGH_PERSIST,0.0,B4,F_HIGH,W+,HIGH|B4,HIGH|W+,HIGH|F_HIGH,0.0207464344549488,0.0272901245346056,0.0688407927015448,0.0968534858392038,0.1559264798769763,-0.0029477029064661,0.4872711031710585,0.5,0.5,0.0,0.5,0.5,0.0583709186706111,0.0742460180243984,0.75,0.036556297421810206
2025-12-12,BULL_2025,NET60,20,0.625,HIGH,HIGH,HIGH_ENTRY,0.375,B4,F_HIGH,W+,HIGH|B4,HIGH|W+,HIGH|F_HIGH,-0.0408349061069044,-0.0372265958883211,0.0492085038201899,0.0867689373472446,0.2249731715161231,0.0,0.3676929941990183,0.5,0.5,0.0,0.5,0.0,0.0489829255438779,0.0218508945200529,0.75,0.020285524704441702
2025-12-19,BULL_2025,NET60,20,0.625,HIGH,HIGH,HIGH_PERSIST,0.0,B4,F_LOW,N+,HIGH|B4,HIGH|N+,HIGH|F_LOW,-0.0163539624156244,-0.01368103028896,0.0570117587367384,0.0488834782671998,0.1729000649036729,-0.0233741815222928,0.3640409434801958,0.125,0.125,0.0,0.0,0.0,0.0616289773685688,0.0215023155372686,0.75,0.04071726598100514
2026-02-11,YTD_2026,NET60,20,0.625,HIGH,HIGH,HIGH_ENTRY,0.125,B4,F_HIGH,W+,HIGH|B4,HIGH|W+,HIGH|F_HIGH,0.0065188818282947,0.0087185297126817,0.1650199040072124,0.2174649161683288,0.3931279751666874,-0.0202068489823595,0.413610251878038,0.5,0.5,0.0,0.5,0.0,0.062782461902641,0.0096287314818313,0.5,0.09253159861776945
2026-02-23,YTD_2026,NET60,20,0.625,HIGH,HIGH,HIGH_PERSIST,0.0,B4,F_HIGH,W+,HIGH|B4,HIGH|W+,HIGH|F_HIGH,-0.0393111852931221,-0.0326581842777509,0.2092026697228748,0.315238014482522,0.4025597626762462,0.0,0.4595669465311533,0.5,0.5,0.0,0.5,0.0,0.1347191939910462,0.0182077757935591,0.5,0.10412333156203414
2026-03-03,YTD_2026,NET60,20,0.75,HIGH,HIGH,HIGH_PERSIST,0.125,B4,F_HIGH,N+,HIGH|B4,HIGH|N+,HIGH|F_HIGH,-0.0722248529885439,-0.0711278009020247,0.027052996351101,0.2308394936867386,0.386004703576243,-0.0444521473702321,0.4902654867256637,0.625,0.625,0.0,0.5,0.0,0.1151975359960425,0.0331906563317016,0.5,-0.049893501544478525
2026-03-10,YTD_2026,NET60,20,0.875,HIGH,HIGH,HIGH_PERSIST,0.125,B4,F_HIGH,N+,HIGH|B4,HIGH|N+,HIGH|F_HIGH,-0.0668587827568358,-0.0677654076754745,,,,,,,,,,,,,,
2026-03-17,YTD_2026,NET60,20,0.75,HIGH,HIGH,HIGH_PERSIST,-0.125,B4,F_HIGH,N+,HIGH|B4,HIGH|N+,HIGH|F_HIGH,0.001142674331689,0.0022751217945575,,,,,,,,,,,,,,
2026-03-24,YTD_2026,NET60,20,0.75,HIGH,HIGH,HIGH_PERSIST,0.0,B4,F_HIGH,N+,HIGH|B4,HIGH|N+,HIGH|F_HIGH,0.0834549753306487,0.0885531045267811,,,,,,,,,,,,,,
2026-04-14,YTD_2026,NET60,20,0.625,HIGH,HIGH,HIGH_ENTRY,0.25,B3,F_LOW,R+,HIGH|B3,HIGH|R+,HIGH|F_LOW,0.1651308585645871,0.1637816618870226,0.0022831075357589,0.18960381583633,0.4764921598568187,-0.0470588562180257,0.4092153284671533,0.125,0.125,0.0,0.0,0.0,0.0704468241896232,0.0165658842840968,0.5,-0.06091816440968442
2026-04-28,YTD_2026,NET60,20,0.625,HIGH,HIGH,HIGH_ENTRY,0.25,B4,F_HIGH,W+,HIGH|B4,HIGH|W+,HIGH|F_HIGH,-0.1105949920874413,-0.1092162371817301,0.168416364751595,0.1179782085976635,0.351269818798472,-0.0049926006216692,0.5205799812909261,0.375,0.375,0.0,0.1666666666666666,0.0,0.044087242551761,0.0368101586168647,0.75,0.1290902952190405
2026-05-07,YTD_2026,NET60,20,0.625,HIGH,HIGH,HIGH_PERSIST,0.0,B4,F_HIGH,W+,HIGH|B4,HIGH|W+,HIGH|F_HIGH,-0.2259856037925267,-0.2188711544856516,0.1697420758697496,0.0878570086602097,0.2366369032347635,-0.0115198334717926,0.5415472779369628,0.625,0.625,0.0,0.1666666666666666,0.0,0.0757737332649727,0.090411226636015,0.75,0.14045640631634637
2026-05-14,YTD_2026,NET60,20,0.75,HIGH,HIGH,HIGH_PERSIST,0.125,B4,F_HIGH,W+,HIGH|B4,HIGH|W+,HIGH|F_HIGH,-0.127415142677018,-0.1243776742118736,0.0771703235612417,0.0999004590450109,0.1934500975802371,-0.019575926306442,0.4508118433619866,0.75,0.75,0.0,0.5,0.0,0.1383605660783796,0.0733063443900317,1.0,0.043870170546238076
2026-05-21,YTD_2026,NET60,20,0.75,HIGH,HIGH,HIGH_PERSIST,0.0,B2,F_HIGH,W-,HIGH|B1_B2,HIGH|W-,HIGH|F_HIGH,-0.1332779480390755,-0.1357213161050506,-0.0445638010823112,-0.0230966308036654,0.3305620605051555,-0.0880515845330843,0.2745098039215686,0.75,0.375,0.375,0.0,0.0,0.1021936062054024,0.0516209473904578,1.0,-0.036864924147756065
2026-05-29,YTD_2026,NET60,20,0.75,HIGH,HIGH,HIGH_PERSIST,0.0,B2,F_LOW,W-,HIGH|B1_B2,HIGH|W-,HIGH|F_LOW,-0.0982199705168307,-0.0934081600728179,-0.1094165651780437,-0.030573031181112,0.3808553041776602,-0.1152286594862033,0.2545195052331113,0.625,0.0,0.625,0.0,0.0,0.0979263019139556,0.0542344614548782,1.0,-0.0992255547843397
2026-06-08,YTD_2026,NET60,20,0.75,HIGH,HIGH,HIGH_PERSIST,0.0,B2,F_LOW,R-,HIGH|B1_B2,HIGH|R-,HIGH|F_LOW,-0.0355392060089246,-0.0311572790218045,-0.2290914366842209,-0.1556226580805978,0.4746353688052001,-0.2379721749555976,0.1822843822843823,0.5,0.0,0.5,0.0,0.0,0.0660907944434874,0.0242408500076598,0.5,-0.17721721732402165
2026-06-15,YTD_2026,NET60,20,0.75,HIGH,HIGH,HIGH_PERSIST,0.0,B2,F_LOW,N-,HIGH|B1_B2,HIGH|N-,HIGH|F_LOW,-0.1768271714025262,-0.1765169466910933,-0.1239670033111027,-0.0542088293393583,0.5739963811180548,-0.1411161606962959,0.158089939731108,0.5,0.0,0.5,0.0,0.0,0.0842557504014996,0.0214368349747369,0.5,-0.10589739353131661
2026-06-29,YTD_2026,NET60,20,0.75,HIGH,HIGH,HIGH_ENTRY,0.25,B2,F_LOW,R-,HIGH|B1_B2,HIGH|R-,HIGH|F_LOW,-0.2260073936494778,-0.2249956996827947,,,,,,,,,,,,,,
2026-07-06,YTD_2026,NET60,20,0.75,HIGH,HIGH,HIGH_PERSIST,0.0,B2,F_LOW,R-,HIGH|B1_B2,HIGH|R-,HIGH|F_LOW,-0.1008146946809596,-0.1044567994098522,,,,,,,,,,,,,,
2026-07-13,YTD_2026,NET60,20,0.625,HIGH,HIGH,HIGH_PERSIST,-0.125,B2,F_LOW,R-,HIGH|B1_B2,HIGH|R-,HIGH|F_LOW,,,,,,,,,,,,,,,,
2026-07-21,YTD_2026,NET60,20,0.625,HIGH,HIGH,HIGH_PERSIST,0.0,B2,F_LOW,R-,HIGH|B1_B2,HIGH|R-,HIGH|F_LOW,,,,,,,,,,,,,,,,
2026-07-28,YTD_2026,NET60,20,0.75,HIGH,HIGH,HIGH_PERSIST,0.125,B2,F_LOW,R-,HIGH|B1_B2,HIGH|R-,HIGH|F_LOW,,,,,,,,,,,,,,,,
2026-08-04,YTD_2026,NET60,20,0.75,HIGH,HIGH,HIGH_PERSIST,0.0,B2,F_LOW,R-,HIGH|B1_B2,HIGH|R-,HIGH|F_LOW,,,,,,,,,,,,,,,,
